duration_seconds,analyzed_duration_seconds,tempo,key,spectral_centroid_mean,spectral_centroid_std,spectral_rolloff_mean,spectral_bandwidth_mean,zcr_mean,zcr_std,mfcc_0_mean,mfcc_0_std,mfcc_1_mean,mfcc_1_std,mfcc_2_mean,mfcc_2_std,mfcc_3_mean,mfcc_3_std,mfcc_4_mean,mfcc_4_std,mfcc_5_mean,mfcc_5_std,mfcc_6_mean,mfcc_6_std,mfcc_7_mean,mfcc_7_std,mfcc_8_mean,mfcc_8_std,mfcc_9_mean,mfcc_9_std,mfcc_10_mean,mfcc_10_std,mfcc_11_mean,mfcc_11_std,mfcc_12_mean,mfcc_12_std,chroma_mean,chroma_std,rms_mean,rms_std,tonnetz_mean,tonnetz_std,file_path,popular,peak_rank,weeks-on-board,artist,title,label_source,stream_count,popularity_tier,popularity_weight
30.0,30.0,117.45383522727273,C major,2605.1307100565627,874.892116483814,5587.6828787127515,2644.4829276211844,0.09305688249806501,0.06376385559875117,-121.28307342529297,44.94041442871094,74.38716888427734,28.40935516357422,1.8088479042053223,18.798004150390625,29.474985122680664,13.17498779296875,6.846968650817871,8.959614753723145,13.139060020446777,7.839175701141357,3.695866584777832,8.720670700073242,7.193400859832764,7.131821632385254,1.8980945348739624,8.147507667541504,6.081833362579346,7.78071403503418,-0.6863526105880737,9.101836204528809,9.763797760009766,8.686474800109863,-1.9589691162109375,7.152731895446777,0.4529571235179901,0.2851133942604065,0.11589482426643372,0.05026331916451454,0.04019076680700881,0.17733994536415096,music/Capital Cities - Safe And Sound.mp3,1,8.0,43,Capital Cities,Safe And Sound,charted,,top20,0.8005689911956335
30.0,30.0,123.046875,G major,1351.9858511872017,204.28686394505445,2493.1599242030284,1303.0640763308488,0.08861359870839783,0.029799880958408836,-123.09838104248047,44.03773880004883,174.11634826660156,16.048341751098633,-65.2555923461914,20.98042106628418,34.75847625732422,15.998656272888184,30.117979049682617,10.983449935913086,-14.344305038452148,10.912671089172363,7.6534881591796875,8.609223365783691,3.726519823074341,8.369751930236816,-6.074984073638916,7.8069329261779785,5.038731098175049,8.340558052062988,-2.5067410469055176,6.7875776290893555,-0.7191762924194336,7.037473201751709,-2.8478634357452393,6.480680465698242,0.3450178802013397,0.2930315136909485,0.17601563036441803,0.0712488442659378,0.004003645473232611,0.12211810751963066,music/Peter And Gordon - Sunday For Tea.mp3,1,31.0,6,Peter And Gordon,Sunday For Tea,charted,,chart_21_50,0.5871385880776148
30.0,30.0,117.45383522727273,B major,2351.9200521330445,550.590815538974,5070.977669825126,2488.576232237129,0.10835837727360681,0.042449778931582784,-75.26104736328125,47.35493087768555,91.11962890625,20.194355010986328,-0.741422176361084,26.466135025024414,23.201568603515625,14.031305313110352,-4.418463230133057,16.19675064086914,4.1963677406311035,10.398039817810059,0.8426790237426758,11.533130645751953,2.712716817855835,9.180285453796387,-2.8528506755828857,10.117120742797852,5.6319403648376465,8.608160972595215,-4.833948612213135,7.595277309417725,-2.72464919090271,7.787158012390137,-3.8865339756011963,7.386562824249268,0.36500969529151917,0.30336087942123413,0.16032518446445465,0.0593809075653553,-0.04488690042769547,0.13026423633137196,"music/Marilyn McCoo & Billy Davis, Jr. - Look What You've Done To My Heart.mp3",1,51.0,7,"Marilyn McCoo & Billy Davis, Jr.",Look What You've Done To My Heart,charted,,chart_51_100,0.4669982091109739
30.0,30.0,117.45383522727273,G# minor,2146.499186495061,558.4684635742484,4500.122788373162,2345.703667902644,0.09883462533862229,0.040236139317042605,-83.22779846191406,63.62424087524414,101.30276489257812,24.4932861328125,-13.232902526855469,22.323623657226562,16.17608642578125,13.243481636047363,4.5204973220825195,12.639904022216797,15.102766990661621,9.158307075500488,4.26416540145874,9.634771347045898,0.005355811212211847,7.537030220031738,-3.4058384895324707,7.868454456329346,1.7711083889007568,7.255161762237549,-3.1146841049194336,7.6242499351501465,1.8179596662521362,7.174668788909912,-0.6407010555267334,7.659787654876709,0.4237522780895233,0.295168399810791,0.1469780057668686,0.05581412836909294,0.009072797799779181,0.08595439477871633,music/Graham Central Station - It's Alright.mp3,1,92.0,2,Graham Central Station,It's Alright,charted,,chart_51_100,0.2809412718383466
30.0,30.0,151.99908088235293,D# minor,2307.9360248148073,906.0088433693941,5188.626958415974,2646.885547829696,0.08670658076141641,0.06777833735104184,-221.56642150878906,64.14868927001953,84.42901611328125,29.925325393676758,12.971782684326172,31.911155700683594,20.830978393554688,20.458370208740234,11.67741870880127,15.314716339111328,5.115845680236816,15.773118019104004,3.965481758117676,12.994912147521973,5.34508752822876,12.255119323730469,-7.036748886108398,10.953460693359375,4.838357925415039,11.251216888427734,-8.620637893676758,9.086309432983398,-4.843088626861572,10.409614562988281,-0.4865972697734833,9.267698287963867,0.3628661632537842,0.3124637305736542,0.0592942014336586,0.02860412374138832,0.03887591040778454,0.12902171907194926,music/Sharissa - Any Other Night.mp3,1,72.0,14,Sharissa,Any Other Night,charted,,chart_51_100,0.36485506306899457
30.0,30.0,63.02400914634146,C major,1767.9121795378217,456.93213707160135,3689.069359368953,2184.087207988062,0.07123388520704334,0.033794563347037176,-145.6111602783203,72.60921478271484,116.86138153076172,21.888957977294922,1.5896245241165161,23.392833709716797,19.339500427246094,13.399606704711914,-2.0535237789154053,14.149328231811523,4.400053977966309,9.388824462890625,-8.675755500793457,10.990345001220703,8.834940910339355,7.324826240539551,-7.3464860916137695,7.529776573181152,6.3461809158325195,8.386333465576172,2.856802463531494,7.836513519287109,-1.0401175022125244,8.130355834960938,-3.728571653366089,7.58887243270874,0.3314129710197449,0.2962667644023895,0.1073995977640152,0.051517851650714874,0.08008846201828769,0.14570608921187728,music/The Masqueraders - I Ain't Got To Love Nobody Else.mp3,1,57.0,5,The Masqueraders,I Ain't Got To Love Nobody Else,charted,,chart_51_100,0.4359239251822338
30.0,30.0,83.35433467741936,F major,2522.209782123976,464.4246958399013,5121.535697440983,2401.9514510959166,0.12703664679276316,0.04868216167839981,-118.61510467529297,31.770784378051758,82.6946029663086,18.493738174438477,-14.5364408493042,20.198049545288086,31.988534927368164,11.689169883728027,-4.779397964477539,9.534476280212402,5.295903205871582,9.392833709716797,-3.157071828842163,8.003104209899902,4.773001194000244,7.050154209136963,-7.609089374542236,7.650457859039307,2.787989854812622,7.596757888793945,-5.587693214416504,6.915789604187012,1.840322732925415,7.462036609649658,-3.394528865814209,7.071320533752441,0.3596316874027252,0.2906612753868103,0.07708963006734848,0.016159020364284515,0.07467586939781229,0.11978565904243378,music/Johnny Preston - Feel So Fine.mp3,1,14.0,14,Johnny Preston,Feel So Fine,charted,,top20,0.7282213467476955
30.0,30.0,112.34714673913044,A# minor,1720.3127372730041,1001.2335370681793,3676.277770051277,2216.0645469668734,0.063664014125387,0.04821623651469416,-111.87069702148438,73.37569427490234,116.7898941040039,44.09130096435547,28.083803176879883,33.57876968383789,33.68009948730469,19.11408805847168,24.234262466430664,17.04534339904785,2.93792986869812,21.027324676513672,13.461267471313477,14.953231811523438,8.21331787109375,12.738842010498047,-13.454290390014648,13.571207046508789,13.75535774230957,13.38757610321045,-6.7297258377075195,12.458895683288574,5.878664970397949,11.320658683776855,0.5257298350334167,10.179340362548828,0.40033620595932007,0.28912582993507385,0.2882716953754425,0.09688185155391693,0.016794418436188854,0.16588192964552265,music/Kanye West - Jonah.mp3,1,27.0,2,Kanye West,Jonah,charted,,chart_21_50,0.6156469426070963
30.0,30.0,151.99908088235293,F major,2602.94901474664,732.986862668087,5481.883518467009,2555.2304034353315,0.11922603642608359,0.049249153934180945,16.731307983398438,38.28676223754883,83.21511840820312,26.72481346130371,-8.587587356567383,16.60529136657715,32.03784942626953,15.030367851257324,2.2174057960510254,9.22908878326416,4.803094863891602,8.141376495361328,-2.8525211811065674,8.112038612365723,2.1506152153015137,8.480741500854492,0.1498958319425583,7.784403324127197,2.5154013633728027,7.7117919921875,-1.1595696210861206,7.8565497398376465,-0.42438217997550964,6.172244548797607,-2.805344820022583,6.814209938049316,0.3920246660709381,0.2908121347427368,0.2959284484386444,0.058131832629442215,0.03555687961455706,0.12732003489970187,music/Switchfoot - Meant To Live.mp3,1,18.0,28,Switchfoot,Meant To Live,charted,,top20,0.6892092197459694
30.0,30.0,92.28515625,F major,1530.8917667731266,521.9013484412616,3396.279463162732,1785.471130663111,0.06331065269446594,0.0365696793726618,-203.69427490234375,55.2352180480957,127.26795959472656,28.845914840698242,-12.987703323364258,22.73196029663086,61.03509521484375,15.408113479614258,-15.330865859985352,11.179447174072266,20.77655792236328,8.181831359863281,-4.212687015533447,8.42416763305664,2.5482053756713867,8.224305152893066,-5.458188056945801,8.228553771972656,-0.7332356572151184,8.95097541809082,-3.568319320678711,7.462726593017578,-3.3801684379577637,8.442012786865234,-4.340085029602051,7.94879674911499,0.34549593925476074,0.30301129817962646,0.07988390326499939,0.03567805886268616,0.04009450054245878,0.13924951953159692,music/Little Caesar And The Consuls - (My Girl) Sloopy.mp3,1,50.0,8,Little Caesar And The Consuls,(My Girl) Sloopy,charted,,chart_21_50,0.4723551469889137
30.0,30.0,95.703125,F major,2022.203016618347,817.6477907501574,4309.007277355844,2301.2317790228503,0.08255430050309598,0.049646551005222965,-131.07179260253906,59.25440979003906,106.318603515625,31.895532608032227,1.8373981714248657,21.946651458740234,31.193056106567383,16.224769592285156,5.967841625213623,10.653371810913086,9.485206604003906,11.023603439331055,1.5375983715057373,9.734513282775879,6.041865348815918,7.390393257141113,-2.6605420112609863,8.057157516479492,7.509882926940918,8.16431999206543,-1.9356063604354858,7.087276458740234,-1.0236363410949707,7.838009357452393,-3.542558431625366,8.82138729095459,0.3712520897388458,0.29901251196861267,0.11984211951494217,0.04493584483861923,0.05446256253837849,0.16525980545865837,music/Rod Stewart - Somebody Special.mp3,1,71.0,5,Rod Stewart,Somebody Special,charted,,chart_51_100,0.36934377611310876
30.0,30.0,129.19921875,G major,2481.4205663806406,534.4404435540625,5045.827821902815,2417.700501768818,0.11686361684887771,0.04808379895898721,-139.25698852539062,65.3718490600586,76.37283325195312,22.575733184814453,-11.69601821899414,20.46017074584961,46.94149398803711,12.485986709594727,7.859940528869629,9.11302661895752,13.1354341506958,8.901318550109863,2.9867866039276123,8.025623321533203,7.716353893280029,7.512032508850098,-2.330430269241333,8.073022842407227,7.932535648345947,7.979040622711182,-3.3795006275177,6.282529354095459,3.073875665664673,6.133992671966553,-3.614072322845459,7.329090595245361,0.42249196767807007,0.28670284152030945,0.07686403393745422,0.033090945333242416,0.007120542561094133,0.10659396219794592,music/707 - I Could Be Good For You.mp3,1,52.0,9,707,I Could Be Good For You,charted,,chart_51_100,0.46169457807604497
30.0,30.0,151.99908088235293,G# major,2168.191086370502,358.0310418814597,4336.157113184501,2061.5316237272727,0.10936781939338236,0.03967172583809232,-73.68083953857422,39.87832260131836,100.04129028320312,19.231117248535156,-34.50483703613281,9.081573486328125,38.59890365600586,8.830633163452148,-12.69367790222168,6.519532680511475,16.016233444213867,6.805428981781006,-1.8696659803390503,7.1756086349487305,6.186427593231201,5.671736717224121,-4.108649730682373,5.588396072387695,-1.5338612794876099,5.638495445251465,-3.0929994583129883,6.067821502685547,0.9697831273078918,6.24749755859375,-2.1009180545806885,5.577543258666992,0.372667133808136,0.29022398591041565,0.13207611441612244,0.024734266102313995,0.04082281646610099,0.12791283183978597,music/Dick Dale and The Del-Tones - Let's Go Trippin'.mp3,1,60.0,9,Dick Dale and The Del-Tones,Let's Go Trippin',charted,,chart_51_100,0.4210118544155911
30.0,30.0,143.5546875,D# minor,1867.8211095989884,899.5847529573664,3769.968870180679,2093.2644970838332,0.08607053018575851,0.062137129204512725,-134.89430236816406,82.18389892578125,116.54780578613281,37.127811431884766,-3.8031675815582275,21.844017028808594,32.495208740234375,14.335270881652832,7.238462448120117,15.14786148071289,3.131277084350586,13.543299674987793,-4.970574855804443,11.496892929077148,12.751188278198242,11.381316184997559,-14.47840404510498,11.534777641296387,11.986315727233887,10.464705467224121,-4.060678958892822,8.746893882751465,-1.5891952514648438,7.022604942321777,-2.8762238025665283,8.399982452392578,0.3580617308616638,0.2930554449558258,0.13526548445224762,0.07404232025146484,0.048405015353741636,0.15814087519758707,music/Drake - Keep The Family Close.mp3,1,68.0,2,Drake,Keep The Family Close,charted,,chart_51_100,0.3830058199773533
30.0,30.0,161.4990234375,E minor,1987.30939909671,563.806234365385,3982.400918966476,2145.6162142640396,0.097909082938274,0.03782365592499065,-133.02711486816406,49.333980560302734,117.20124053955078,28.41299819946289,-27.390031814575195,28.427215576171875,15.806317329406738,16.872705459594727,11.076526641845703,12.696237564086914,3.8362209796905518,13.702556610107422,-4.654367446899414,8.959047317504883,5.807831764221191,10.543869972229004,-8.975428581237793,8.603349685668945,3.1910369396209717,8.408052444458008,-7.42152738571167,6.4708967208862305,-1.5454121828079224,6.753865718841553,-8.450278282165527,5.984571933746338,0.4583037197589874,0.28836965560913086,0.08287455886602402,0.03560377657413483,-0.010706551006260575,0.08347235512771867,music/The Rolling Stones - She Was Hot.mp3,1,44.0,9,The Rolling Stones,She Was Hot,charted,,chart_21_50,0.5057144733879194
30.0,30.0,83.35433467741936,D# major,2524.958641323559,981.3690844690226,5540.516497254741,2672.7385387289924,0.10888445119001548,0.08941161346301811,-141.92124938964844,66.47199249267578,80.02025604248047,34.055233001708984,26.62320327758789,23.911334991455078,35.47665023803711,18.78423309326172,6.930606842041016,13.761509895324707,14.827674865722656,11.45331859588623,-7.549129009246826,10.875622749328613,3.6613082885742188,9.417621612548828,0.6336659789085388,8.480819702148438,-0.6598127484321594,8.18259334564209,-3.342890501022339,7.3140950202941895,-3.866243839263916,7.654040813446045,-11.337594032287598,7.461928367614746,0.3276852071285248,0.2988784611225128,0.10178833454847336,0.034542836248874664,0.003523006520893326,0.18809444082818363,"music/Ray, Goodman & Brown - Special Lady.mp3",1,5.0,18,"Ray, Goodman & Brown",Special Lady,charted,,top20,0.8492443277111181
30.0,30.0,123.046875,G# major,3371.31520458147,528.2419460507667,6214.254089922359,2489.102885461177,0.21262532048181115,0.07296887063290212,-217.24478149414062,29.41705322265625,49.78738021850586,20.17939567565918,-11.785282135009766,25.725669860839844,37.93705749511719,14.973567008972168,-19.71770477294922,11.751527786254883,21.63421058654785,8.360037803649902,-17.791337966918945,8.950825691223145,6.255266189575195,8.604969024658203,-10.4676513671875,8.648588180541992,2.382791042327881,9.535122871398926,-7.909900665283203,7.86341667175293,4.934518337249756,6.637702941894531,-7.722719192504883,7.69407844543457,0.3983590602874756,0.2865493595600128,0.024440372362732887,0.005634757690131664,-0.01364781400003643,0.12084585299677793,music/Elvis Costello & The Atrractions - The Only Flame In Town.mp3,1,56.0,9,Elvis Costello & The Atrractions,The Only Flame In Town,charted,,chart_51_100,0.44098300562505255
30.0,30.0,99.38401442307692,A# major,2091.8647791042936,724.0356314692951,4456.11472115059,2205.542574435992,0.09162567422116873,0.047300363702582796,-105.12923431396484,51.88387680053711,101.33715057373047,30.508886337280273,-6.196916103363037,19.392019271850586,43.39008712768555,11.683335304260254,-9.167187690734863,11.64423656463623,14.974485397338867,9.92604923248291,-2.683788776397705,9.460003852844238,12.25178050994873,6.994497776031494,-11.6529541015625,10.96561050415039,8.322235107421875,7.166324138641357,-6.265160083770752,6.99147367477417,-2.9528865814208984,8.046998977661133,-6.186020851135254,7.357180118560791,0.3739872872829437,0.2939363420009613,0.13774800300598145,0.04470793157815933,0.00011762638543273368,0.14038006542282222,music/Jay & The Americans - Crying.mp3,1,25.0,6,Jay & The Americans,Crying,charted,,chart_21_50,0.6307255270620018
30.0,30.0,78.30255681818181,E major,2627.425228480889,584.3856706192829,5415.067255829141,2552.2084292831537,0.12254196497678019,0.040111122888002004,-9.472070693969727,37.900245666503906,78.97865295410156,19.2507381439209,-14.821459770202637,16.773900985717773,21.314701080322266,15.075567245483398,1.6472904682159424,11.741694450378418,5.603904724121094,12.772180557250977,-0.2543391287326813,8.791016578674316,3.703272819519043,7.7635955810546875,-3.2846601009368896,7.47987699508667,8.095097541809082,8.904994010925293,-1.873565912246704,7.942936897277832,3.086514949798584,7.171333312988281,-2.051118850708008,6.932311058044434,0.3604719936847687,0.2877453565597534,0.2309974879026413,0.053421374410390854,-0.0069619298436952946,0.1856880142634014,music/Glee Cast - Somebody To Love.mp3,1,62.0,1,Glee Cast,Somebody To Love,charted,,chart_51_100,0.41128027968233555
30.0,30.0,99.38401442307692,C major,1998.2660699656126,679.3073576100123,4114.325121238874,2229.660926976268,0.09274320336687307,0.038791143979060076,-102.34343719482422,77.84769439697266,104.95508575439453,32.533748626708984,-12.921158790588379,26.638946533203125,25.505767822265625,17.168498992919922,20.20267677307129,17.16777801513672,13.582472801208496,10.295500755310059,-0.9971667528152466,10.110330581665039,9.948932647705078,9.111995697021484,2.233713150024414,9.233342170715332,0.6837717890739441,8.841434478759766,-5.4665207862854,7.626448631286621,-2.5762946605682373,7.5224504470825195,-7.446263313293457,7.667302131652832,0.35211053490638733,0.3026176393032074,0.16528961062431335,0.06613029539585114,0.0670109280908533,0.15690543879257587,music/EAGLES - THE LONG RUN.mp3,1,8.0,15,Eagles,The Long Run,charted,,top20,0.8005689911956335
30.0,30.0,92.28515625,F# major,2377.4626265984466,880.5250920876199,5335.317738063564,2639.9308137553194,0.09683766084558823,0.059629423684050824,-53.689430236816406,82.64505767822266,90.62158966064453,28.86574935913086,16.165319442749023,21.944129943847656,18.084020614624023,15.847469329833984,4.479063034057617,13.24504566192627,9.29959487915039,12.008625984191895,-1.2774183750152588,11.932412147521973,9.697903633117676,9.181900024414062,-8.147603034973145,9.900666236877441,6.484652996063232,8.88664436340332,-2.051288366317749,8.611379623413086,-1.8725247383117676,8.984233856201172,-2.498725175857544,8.24908447265625,0.3231554627418518,0.30282947421073914,0.2635857164859772,0.10955385863780975,-0.058634924373014506,0.16501859294131727,music/Dan + Shay - Take Me Home For Christmas.mp3,1,48.0,4,Dan + Shay,Take Me Home For Christmas,charted,,chart_21_50,0.48323559086808754
30.0,30.0,99.38401442307692,C# minor,2127.85760398291,835.1642247618057,4296.899017239502,2363.9895005402213,0.08688458422020123,0.05195420650371853,-120.24586486816406,50.77125549316406,107.6876220703125,34.478946685791016,-5.763607025146484,24.28157615661621,10.79283618927002,16.76422119140625,5.942030429840088,15.637101173400879,-7.9272356033325195,12.883416175842285,-13.815290451049805,11.622802734375,0.010325334034860134,9.992668151855469,-7.3316426277160645,9.739628791809082,-2.2210206985473633,8.635318756103516,-4.224539279937744,8.3922758102417,2.5036516189575195,7.93048620223999,-4.3214311599731445,8.695009231567383,0.35715770721435547,0.3039657175540924,0.1111970990896225,0.04096326231956482,-0.023561633815948904,0.14818862832801327,music/Drake - Headlines.mp3,1,13.0,25,Drake,Headlines,charted,,top20,0.7388835160664532
30.0,30.0,123.046875,A# major,2718.1924520434222,655.9629117767184,5611.499401364164,2564.660194473801,0.12996897977941177,0.06513464245000883,-73.48844146728516,30.298009872436523,74.07513427734375,20.251726150512695,-1.158286452293396,14.034821510314941,39.17791748046875,10.87289047241211,-3.217916965484619,8.228792190551758,4.987443923950195,7.581259727478027,-7.09612512588501,7.005564212799072,8.731892585754395,7.145783424377441,-8.062997817993164,7.218644618988037,-0.07770965993404388,6.816070556640625,-4.445038318634033,6.566957950592041,5.842929363250732,6.128666400909424,-7.9383344650268555,6.0179009437561035,0.34681352972984314,0.2990139126777649,0.1302850842475891,0.03747973591089249,0.024768311499214542,0.2025673630922518,music/The Byrds - Mr. Tambourine Man.mp3,1,1.0,13,The Byrds,Mr. Tambourine Man,charted,,top20,1.0
30.0,30.0,143.5546875,F major,1322.6994889243963,605.929356937479,2592.725988807324,1816.4618569778988,0.04923666372387771,0.03152518427893484,-194.1878662109375,78.2586441040039,139.32363891601562,29.11255645751953,8.020456314086914,22.731374740600586,30.619853973388672,14.389026641845703,7.155911445617676,11.93278980255127,15.073511123657227,9.189245223999023,-0.5188592672348022,10.16450023651123,-0.0670599713921547,8.56893253326416,-2.721867084503174,8.719361305236816,5.7145490646362305,8.970511436462402,-6.045466899871826,7.627748012542725,-1.1315747499465942,8.578543663024902,-1.8822393417358398,7.711666107177734,0.3192319869995117,0.304711252450943,0.10684515535831451,0.04364106059074402,0.049706843390092605,0.135598168190316,music/The Persuaders - Best Thing That Ever Happened To Me.mp3,1,85.0,6,The Persuaders,Best Thing That Ever Happened To Me,charted,,chart_51_100,0.30915072029224255
30.0,30.0,107.666015625,G minor,2247.443822865975,861.9445615732648,4917.653596954818,2492.6316216938612,0.08518882727844428,0.06433958338751669,-68.54527282714844,59.78245544433594,90.00116729736328,28.990406036376953,5.663439750671387,20.755428314208984,27.04207420349121,17.446212768554688,3.8561277389526367,16.007429122924805,4.5566253662109375,12.08379077911377,-5.556036472320557,14.101752281188965,7.061085224151611,10.852784156799316,-9.711997032165527,12.739501953125,3.683164358139038,10.63254451751709,-2.6255974769592285,9.507716178894043,-1.2195695638656616,8.314971923828125,-5.944477081298828,9.339224815368652,0.4056747555732727,0.3032754957675934,0.2471494823694229,0.15521222352981567,-0.002285555223397962,0.17135990092971243,music/Drake - Come Thru.mp3,1,87.0,1,Drake,Come Thru,charted,,chart_51_100,0.3009747045804682
30.0,30.0,123.046875,B major,2423.2855604438796,660.0008801994592,5194.201924704915,2472.306695522966,0.10682059367743808,0.051655456822131,-21.61128044128418,44.022857666015625,85.8216323852539,23.872203826904297,-5.895526885986328,21.02943992614746,34.18458938598633,15.506356239318848,1.7273985147476196,14.081997871398926,16.868453979492188,12.259228706359863,0.6103901267051697,10.93774127960205,17.079891204833984,9.703171730041504,-2.324613332748413,9.691795349121094,9.234140396118164,8.536365509033203,1.7801634073257446,7.134844779968262,5.517741680145264,7.9658708572387695,-0.7767329216003418,7.8306684494018555,0.41093748807907104,0.2915927767753601,0.24356286227703094,0.04290451481938362,-0.03244321684582287,0.10859013299485194,music/Bon Jovi - We Weren't Born To Follow.mp3,1,68.0,4,Bon Jovi,We Weren't Born To Follow,charted,,chart_51_100,0.3830058199773533
30.0,30.0,112.34714673913044,D major,2407.886862887836,646.2798598338347,5043.377836717541,2464.873464201889,0.11551630829140867,0.045002045630968615,-144.4061737060547,64.41456604003906,89.459228515625,26.29012680053711,-7.8781890869140625,26.9959659576416,22.605127334594727,14.394998550415039,5.408864974975586,12.61523151397705,5.612155437469482,9.4273042678833,-3.222024440765381,12.2767915725708,4.513113975524902,9.365218162536621,-7.940794944763184,10.003183364868164,5.60233211517334,7.9337286949157715,-2.650183916091919,8.157134056091309,0.5006080865859985,6.633491039276123,-7.123743534088135,7.936211109161377,0.35737648606300354,0.2931947410106659,0.07513472437858582,0.02692224830389023,-0.036520550123737346,0.09673594545470057,music/B.B. King - I'm Gonna Do What They Do To Me.mp3,1,74.0,5,B.B. King,I'm Gonna Do What They Do To Me,charted,,chart_51_100,0.35597148566796577
30.0,30.0,99.38401442307692,G minor,2166.5234858734293,573.6830047082036,4156.574865760449,2031.883765945389,0.12336660095781733,0.038522547017671285,-67.06328582763672,42.9592399597168,101.95587921142578,23.855873107910156,-38.76679229736328,19.131919860839844,25.182729721069336,13.46826457977295,-7.38773775100708,12.202165603637695,5.9652838706970215,10.844529151916504,-0.8843281865119934,11.695588111877441,-5.685425758361816,7.103254318237305,-4.149814128875732,8.578605651855469,6.2462477684021,6.851991653442383,-7.241520881652832,6.733483791351318,-3.6337685585021973,7.089216232299805,-9.146003723144531,6.059256076812744,0.36136332154273987,0.2841922342777252,0.1437494456768036,0.03387918695807457,0.0017078216444086061,0.19864922737904261,music/The Cowsills - The Prophecy Of Daniel and John The Divine (Six-Six-Six).mp3,1,75.0,4,The Cowsills,The Prophecy Of Daniel and John The Divine (Six-Six-Six),charted,,chart_51_100,0.351575335559677
30.0,30.0,161.4990234375,F major,1609.3295257200398,643.5689161322085,3285.971796844766,1883.9992509098606,0.06929398764028638,0.03178130509792487,-153.09324645996094,58.75032043457031,134.2526092529297,30.819087982177734,-20.23981475830078,22.953044891357422,32.469181060791016,14.886887550354004,9.815945625305176,12.498266220092773,1.4761372804641724,9.167381286621094,-2.4857089519500732,11.7294282913208,4.515805721282959,8.390664100646973,-2.245181083679199,9.298334121704102,-1.899285912513733,9.314454078674316,-0.9908305406570435,7.99754524230957,5.6898040771484375,7.569782733917236,-2.035593032836914,8.33846378326416,0.33862289786338806,0.29687145352363586,0.10534100234508514,0.04172138497233391,0.046426521184541936,0.15607240218744328,music/Joe Simon - Yours Love.mp3,1,78.0,7,Joe Simon,Yours Love,charted,,chart_51_100,0.3385621722338523
30.0,30.0,129.19921875,A# major,2788.6774865290395,776.4593388407847,5719.215416686823,2587.6275761369457,0.14406224300986842,0.06507536809311677,-90.04724884033203,52.63922119140625,74.0700912475586,29.04292869567871,-8.575674057006836,19.179773330688477,22.7318172454834,13.070586204528809,4.685234546661377,11.648588180541992,16.16816520690918,10.877546310424805,-0.2037476748228073,8.83214282989502,4.871309757232666,7.542518615722656,-6.8134660720825195,7.996870040893555,1.6763886213302612,7.366846561431885,0.13448329269886017,7.851961612701416,-0.23995442688465118,8.141644477844238,-7.087857246398926,7.699405193328857,0.3556917905807495,0.29794004559516907,0.11294685304164886,0.042588528245687485,-0.010851628893274089,0.15837923475400167,music/Janey Street - Say Hello To Ronnie.mp3,1,68.0,5,Janey Street,Say Hello To Ronnie,charted,,chart_51_100,0.3830058199773533
30.0,30.0,161.4990234375,C major,2996.7380897100848,505.2476158880882,6195.920867447514,2728.0091438692525,0.14928632328753869,0.0471691894761607,-11.347485542297363,38.602447509765625,66.27674102783203,19.224281311035156,-3.1531550884246826,17.308914184570312,22.674304962158203,12.121131896972656,-3.2846732139587402,10.18921184539795,3.1294515132904053,8.801952362060547,-7.955133438110352,8.817086219787598,4.700893402099609,8.08578109741211,0.45500677824020386,9.37606430053711,0.533809244632721,6.851573467254639,-0.15397781133651733,5.795091152191162,-2.2300755977630615,6.143581390380859,-10.133172035217285,6.838851451873779,0.40932393074035645,0.2829221487045288,0.18654434382915497,0.04249970242381096,0.0887793467060504,0.13407366368654852,music/Chuck Berry - Carol.mp3,1,18.0,10,Chuck Berry,Carol,charted,,top20,0.6892092197459694
30.0,30.0,86.1328125,B major,1741.0130083314266,839.5008055999665,3349.7214113595687,1867.5575525659406,0.08222248089202787,0.05329260962913916,-173.8089141845703,80.075439453125,121.36646270751953,44.836570739746094,-15.217192649841309,22.439420700073242,32.98713684082031,20.13428497314453,6.776023864746094,13.290087699890137,3.457878828048706,15.463808059692383,6.06404447555542,13.076194763183594,-3.5103325843811035,12.086589813232422,1.8803404569625854,9.969210624694824,3.024559259414673,9.580841064453125,-7.759606838226318,10.59734058380127,5.581942081451416,8.8800630569458,-4.167619705200195,9.958364486694336,0.3233114778995514,0.30797079205513,0.12066910415887833,0.06395916640758514,-0.0548487720853313,0.1815441151387312,music/Brenda Lee - As Usual.mp3,1,12.0,11,Brenda Lee,As Usual,charted,,top20,0.75
30.0,30.0,107.666015625,A major,2229.0613161609153,802.490353508284,4871.428876469379,2490.341864024598,0.10062410809307276,0.05056788934825299,-70.16397094726562,60.69657516479492,106.11360931396484,34.561710357666016,3.4361186027526855,19.033058166503906,7.724184036254883,12.408044815063477,3.797915458679199,12.670618057250977,12.400403022766113,9.096735000610352,-0.9521616697311401,9.834527969360352,0.6792978644371033,8.610264778137207,-5.406447410583496,8.474361419677734,7.459196090698242,8.781086921691895,-4.443560600280762,7.327876567840576,0.829116702079773,7.654944896697998,-1.7113724946975708,7.055667400360107,0.40096786618232727,0.28974291682243347,0.1715354025363922,0.056047473102808,0.03727383968398979,0.15569403965439624,music/Chaka Khan - What Cha' Gonna Do For Me.mp3,1,53.0,9,Chaka Khan,What Cha' Gonna Do For Me,charted,,chart_51_100,0.456442693495391
30.0,30.0,143.5546875,A# major,1951.467386146516,605.6282792918223,3983.0842481678114,2089.133797901754,0.08081281443498452,0.04335669472793981,-169.6034698486328,77.1485824584961,98.40113830566406,29.45211410522461,-14.76172161102295,25.691455841064453,40.489662170410156,18.236818313598633,2.297471284866333,12.343832015991211,15.436321258544922,7.924561500549316,-4.068450927734375,8.543414115905762,4.24480676651001,6.610068321228027,3.240377187728882,8.122907638549805,5.102895259857178,7.477834224700928,-4.830772399902344,7.8528265953063965,1.5139650106430054,6.953597068786621,-2.3254435062408447,7.008805751800537,0.32884958386421204,0.3066776692867279,0.10206697136163712,0.0389544703066349,0.02781756685218134,0.2560888699831824,music/Grand Funk Railroad - Heartbreaker.mp3,1,72.0,6,Grand Funk Railroad,Heartbreaker,charted,,chart_51_100,0.36485506306899457
30.0,30.0,135.99917763157896,A# major,1484.342434723126,1041.2941782962848,2815.549641423181,1724.781129958442,0.06504722571594428,0.07703174130751092,-183.5523223876953,82.43122863769531,133.01943969726562,43.05241012573242,-3.2825987339019775,24.709524154663086,22.392045974731445,16.646503448486328,3.4677798748016357,15.13135051727295,1.7297905683517456,10.494622230529785,-9.668478012084961,10.490023612976074,-1.1757891178131104,9.158134460449219,-10.394729614257812,9.7540864944458,-3.23142409324646,8.593066215515137,-9.886674880981445,7.562472820281982,-10.575650215148926,8.771031379699707,-7.546053409576416,8.93568229675293,0.2699800431728363,0.30536073446273804,0.13344018161296844,0.07821270823478699,0.06593707054217472,0.23417756374954513,music/Steve Wariner - I'm Already Taken.mp3,1,42.0,14,Steve Wariner,I'm Already Taken,charted,,chart_21_50,0.5173463504182886
30.0,30.0,143.5546875,F major,1329.987605490943,705.6548944323887,2807.2913580265576,1771.7182097061564,0.04938140963622291,0.024551464520202005,-260.566650390625,77.6253662109375,149.47193908691406,43.873775482177734,2.3025662899017334,16.243234634399414,26.55385971069336,10.65865421295166,6.488297939300537,9.015812873840332,13.371577262878418,9.359697341918945,7.022506237030029,7.926316738128662,2.61893892288208,8.980912208557129,-2.326383352279663,7.621895790100098,1.6007733345031738,7.033344268798828,-0.29189765453338623,8.295669555664062,-0.15673065185546875,6.922640800476074,-2.3483352661132812,4.925878524780273,0.3971274197101593,0.2814774215221405,0.04432661458849907,0.021085795015096664,0.06754637420467875,0.15149031699244983,music/The Moody Blues - Your Wildest Dreams.mp3,1,9.0,21,The Moody Blues,Your Wildest Dreams,charted,,top20,0.7867992836443896
30.0,30.0,95.703125,F minor,2560.5736514883642,1073.464752097355,5937.797428284636,2884.5535451078313,0.09113361370452787,0.08327690814906291,-149.8095245361328,68.98780822753906,84.227294921875,34.346229553222656,36.82379913330078,23.833452224731445,19.269710540771484,17.919734954833984,10.365371704101562,14.724267959594727,0.5196365118026733,13.24971866607666,-6.841518878936768,11.673405647277832,1.1586575508117676,10.307168006896973,-17.112831115722656,9.655158996582031,-0.4273301959037781,10.046576499938965,-8.099742889404297,9.289237022399902,-3.8342065811157227,9.53564167022705,-4.863076210021973,8.350543975830078,0.3335598111152649,0.30588969588279724,0.11790185421705246,0.05285818874835968,0.026549770691021032,0.14538284693284503,music/Surface - Closer Than Friends.mp3,1,57.0,13,Surface,Closer Than Friends,charted,,chart_51_100,0.4359239251822338
30.0,30.0,129.19921875,D# minor,2285.9893546322037,851.8387965890048,4880.670487253289,2414.0742107527644,0.09325529399671052,0.05545993731484546,-95.29331970214844,54.96215057373047,93.58769226074219,31.914897918701172,-7.166110992431641,19.109086990356445,22.4036865234375,14.491971969604492,2.2297260761260986,11.962397575378418,12.295320510864258,9.625653266906738,1.5249792337417603,10.682683944702148,9.684107780456543,8.630520820617676,-2.678973436355591,7.422841548919678,9.11562728881836,9.049562454223633,-6.107522964477539,6.828610420227051,2.6009836196899414,7.405938148498535,-3.124049186706543,7.561291694641113,0.4430052638053894,0.29766833782196045,0.14160564541816711,0.04695612192153931,0.017047459431668507,0.06144716756749113,music/Le Click Featuring Kayo - Don't Go.mp3,1,62.0,19,Le Click Featuring Kayo,Don't Go,charted,,chart_51_100,0.41128027968233555
30.0,30.0,135.99917763157896,D major,2693.7656284880986,1359.0972481981275,5338.2427203765965,2379.5018844476162,0.1480433224893576,0.10582755057939612,-88.0830078125,76.83251953125,82.74119567871094,59.10279846191406,-7.5030741691589355,26.255199432373047,35.51136016845703,20.081932067871094,11.715271949768066,12.91187858581543,13.05683708190918,10.923049926757812,-0.9726728796958923,10.262592315673828,5.7197651863098145,8.696442604064941,-2.783496618270874,7.115128993988037,1.541232705116272,7.4466471672058105,0.31750720739364624,6.1492180824279785,7.240991592407227,7.716409683227539,1.2792407274246216,7.706468105316162,0.47256535291671753,0.2780795991420746,0.14951425790786743,0.04547514766454697,0.022352948161840476,0.08419930344303488,music/Diana Ross - Pieces Of Ice.mp3,1,31.0,10,Diana Ross,Pieces Of Ice,charted,,chart_21_50,0.5871385880776148
30.0,30.0,112.34714673913044,G# minor,2879.0407445045166,773.5925276717082,6359.111547322465,2874.9303894562822,0.12725924559791021,0.06817982404039769,-185.4715118408203,53.307552337646484,74.47456359863281,25.067638397216797,16.41425323486328,16.569419860839844,20.102447509765625,16.530624389648438,1.0740947723388672,10.272101402282715,9.386569023132324,8.490856170654297,-5.13353157043457,9.37230110168457,4.603443622589111,7.595299243927002,-1.4538451433181763,8.06911849975586,4.059886455535889,7.5175557136535645,-1.1457151174545288,6.8380913734436035,1.3673374652862549,7.669605255126953,-2.780764102935791,8.984906196594238,0.3564963936805725,0.29754000902175903,0.04599031060934067,0.018979256972670555,0.04177649401045513,0.10890549834298087,music/Naked Eyes - (what) In The Name Of Love.mp3,1,39.0,12,Naked Eyes,(what) In The Name Of Love,charted,,chart_21_50,0.5353398113577075
30.0,30.0,135.99917763157896,G minor,1336.8741284354396,357.9611882972109,2637.2757194211977,1432.0671464466031,0.06192630732391641,0.033702814602261946,-223.53326416015625,54.95572280883789,153.07904052734375,24.994489669799805,-55.74951171875,27.76291275024414,47.846866607666016,13.098845481872559,12.327753067016602,9.50485897064209,10.559806823730469,8.546626091003418,11.061842918395996,8.460396766662598,7.095381259918213,7.5112457275390625,2.2588610649108887,7.97609281539917,8.23901081085205,6.632497787475586,-0.6121165156364441,6.651027202606201,0.8922773003578186,6.365636348724365,1.9209924936294556,5.9630351066589355,0.414124459028244,0.30604562163352966,0.07810550183057785,0.03365154564380646,-0.02624090031079888,0.11913575401851839,music/Underground Sunshine - Birthday.mp3,1,26.0,10,Underground Sunshine,Birthday,charted,,chart_21_50,0.6231108192777954
30.0,30.0,135.99917763157896,F# major,1918.3288518427644,664.6778833135074,4065.9504137541117,2295.627501002587,0.07761820034345976,0.03597813193047426,-51.891204833984375,44.26363754272461,111.24127197265625,25.647302627563477,-1.6686475276947021,19.4867000579834,30.332843780517578,12.8657808303833,16.017742156982422,11.121302604675293,6.542731285095215,8.917834281921387,-1.3315430879592896,7.386377334594727,8.180493354797363,7.090453147888184,-4.265782356262207,7.709458351135254,8.506179809570312,7.988846302032471,3.946150779724121,8.329678535461426,2.1328885555267334,7.70892333984375,0.2789382338523865,6.434816837310791,0.4028880298137665,0.28121477365493774,0.22641028463840485,0.05721144378185272,-0.03580234990575114,0.11537371552388499,music/Jason Aldean - Burnin' It Down.mp3,1,12.0,20,Jason Aldean,Burnin' It Down,charted,,top20,0.75
30.0,30.0,129.19921875,B major,1819.2977308782056,595.2505850010674,3725.1358079467395,2027.2018060542841,0.083064501499613,0.043794889221342254,-92.96527862548828,61.488338470458984,116.99063110351562,28.51685333251953,-13.357063293457031,20.003700256347656,37.76615524291992,16.565826416015625,2.3529083728790283,11.911519050598145,7.925419807434082,8.796950340270996,-5.933104038238525,9.37718391418457,3.9956727027893066,7.691336631774902,-3.0585756301879883,7.346293926239014,-2.2850232124328613,7.985543727874756,-0.11928489804267883,6.882763862609863,0.7630326151847839,7.235908508300781,-7.547591686248779,7.243931770324707,0.37453699111938477,0.2966049611568451,0.15892885625362396,0.04987075924873352,-0.05176442519006676,0.17404054704340569,"music/Percy Sledge - Baby, Help Me.mp3",1,87.0,5,Percy Sledge,"Baby, Help Me",charted,,chart_51_100,0.3009747045804682
30.0,30.0,117.45383522727273,D# major,3246.8105140367707,1010.8996555101992,6726.217660815354,2884.0331944548225,0.15980780161571206,0.09008019148971025,-185.922607421875,90.06477355957031,52.02511215209961,26.451709747314453,17.19385528564453,21.035198211669922,30.811220169067383,20.051761627197266,-1.4294157028198242,16.24346351623535,4.873528480529785,14.384472846984863,2.2184412479400635,12.743497848510742,4.902563095092773,12.601957321166992,-4.212005615234375,11.599252700805664,3.3945693969726562,11.010106086730957,-8.177656173706055,9.882399559020996,-0.5549753308296204,8.653246879577637,-6.959011554718018,7.791318893432617,0.44352981448173523,0.29751938581466675,0.05678986385464668,0.027605393901467323,-0.00812681138853151,0.07265667394051736,music/Pebbles - Girlfriend.mp3,1,5.0,20,Pebbles,Girlfriend,charted,,top20,0.8492443277111181
30.0,30.0,99.38401442307692,A# major,2362.2029550112056,692.7138105527858,5913.2642433001165,2938.593997634375,0.06863337183146284,0.039917180386455614,-150.62815856933594,43.03840637207031,84.55718231201172,22.400548934936523,40.14594268798828,14.204469680786133,31.473983764648438,12.314860343933105,15.450615882873535,12.561360359191895,9.763855934143066,10.111132621765137,6.878562927246094,9.007057189941406,5.709293365478516,6.940872669219971,-6.350066661834717,7.455584526062012,3.386793613433838,8.38271713256836,-2.8465936183929443,6.476382732391357,-1.083837628364563,6.305371284484863,-1.6250990629196167,6.05980110168457,0.37429600954055786,0.29652920365333557,0.10615487396717072,0.027400437742471695,0.007090665223351243,0.14841576967959583,music/Fleetwood Mac - Over My Head.mp3,1,20.0,14,Fleetwood Mac,Over My Head,charted,,top20,0.6714356296636146
30.0,30.0,99.38401442307692,F minor,2531.0780880988254,460.70887378714417,5247.418269579624,2508.735177095616,0.1178432027621904,0.044993117462930346,-65.14742279052734,45.99911880493164,73.82246398925781,17.92633056640625,-7.03435754776001,21.796567916870117,35.4589958190918,13.426246643066406,4.774448871612549,11.900156021118164,5.524550437927246,9.938132286071777,-0.5885639190673828,9.26313304901123,4.739223003387451,7.627321243286133,-4.615828037261963,7.904994010925293,4.444925785064697,8.639720916748047,-10.75987434387207,7.890904903411865,3.974806547164917,7.1258931159973145,-3.1420681476593018,7.013375759124756,0.341071218252182,0.2930731177330017,0.16563323140144348,0.03856916353106499,0.03121170215465631,0.1873368779845484,music/Five Stairsteps & Cubie - A Million To One.mp3,1,68.0,6,Five Stairsteps & Cubie,A Million To One,charted,,chart_51_100,0.3830058199773533
30.0,30.0,112.34714673913044,G# major,2171.367602615153,399.93772190303497,5101.62748448989,2640.736961899285,0.07917412441950464,0.026903345345463073,-81.4850082397461,39.185916900634766,96.33846282958984,15.216552734375,12.854705810546875,18.44833755493164,26.45965003967285,10.231313705444336,10.379524230957031,10.801544189453125,7.335343360900879,8.495635986328125,0.0566527433693409,8.7694673538208,2.757627010345459,6.888642311096191,-4.609745979309082,7.603090763092041,4.493697166442871,8.02053165435791,-5.659938335418701,7.312514781951904,-1.1079051494598389,5.186760902404785,-4.278831481933594,6.198336601257324,0.3715554475784302,0.2910270094871521,0.14746707677841187,0.03176015242934227,-0.01235750504901618,0.18176233215698973,music/Roy Orbison - You Got It.mp3,1,9.0,18,Roy Orbison,You Got It,charted,,top20,0.7867992836443896
30.0,30.0,151.99908088235293,F# major,2317.3391037964593,1529.2691585416858,4740.371335623065,2384.9070525202756,0.08715895897832818,0.09082479569364452,-259.00762939453125,104.8836898803711,85.57508850097656,52.10685729980469,41.948699951171875,35.433834075927734,34.92633819580078,21.375274658203125,8.852794647216797,21.44169044494629,14.329630851745605,19.034997940063477,-2.444697141647339,16.43129539489746,7.279645919799805,15.083436012268066,-2.4491593837738037,14.818944931030273,2.7359044551849365,14.189835548400879,-4.616600513458252,12.321144104003906,6.793737411499023,11.48339557647705,-5.869903087615967,9.915483474731445,0.44044890999794006,0.2934877276420593,0.05807818844914436,0.03428403288125992,-0.05564026977097324,0.18950068572877216,music/LoveRance Featuring IamSu & Skipper or 50 Cent - UP!.mp3,1,46.0,20,LoveRance Featuring IamSu & Skipper or 50 Cent,UP!,charted,,chart_21_50,0.49435010315256844
30.0,30.0,129.19921875,A# minor,1993.1035246152182,720.9751572084415,4551.40581160507,2574.6054853590567,0.0629799668633901,0.042015888294831244,-147.46054077148438,44.61624526977539,102.03858184814453,24.2134952545166,24.51629066467285,21.525482177734375,22.122909545898438,12.359130859375,10.907975196838379,11.51534652709961,10.117215156555176,8.744560241699219,2.582857370376587,8.944779396057129,-0.03270445019006729,8.908184051513672,-6.306112766265869,8.171131134033203,2.1382174491882324,9.388204574584961,-5.304028511047363,8.885693550109863,4.866175651550293,7.363901138305664,-3.328991651535034,7.713793754577637,0.33372366428375244,0.30912378430366516,0.11621816456317902,0.0384443961083889,0.0442016777400643,0.2058221599015596,music/Billy Joel - This Is The Time.mp3,1,18.0,17,Billy Joel,This Is The Time,charted,,top20,0.6892092197459694
30.0,30.0,151.99908088235293,D# major,1568.485983490933,715.7940077390523,3182.9890862337943,1937.5217398415505,0.06583142354392414,0.03850311355264072,-184.72239685058594,80.46106719970703,126.09848022460938,33.24912643432617,8.57470417022705,23.213764190673828,25.696908950805664,16.355995178222656,-3.886369228363037,15.49737548828125,5.17078161239624,12.179665565490723,-6.94990873336792,13.760250091552734,12.001603126525879,10.921546936035156,-1.3312207460403442,13.123165130615234,6.689722061157227,10.156641006469727,-2.2318522930145264,10.210784912109375,0.6865049004554749,9.85425090789795,-2.4346163272857666,10.432138442993164,0.29050299525260925,0.2995789647102356,0.11223777383565903,0.047220438718795776,-0.003517454786326304,0.1746975278922971,music/Three Dog Night - Til The World Ends.mp3,1,32.0,9,Three Dog Night,Til The World Ends,charted,,chart_21_50,0.5803139701677411
30.0,30.0,129.19921875,G# minor,2765.34203095178,1263.4857507132908,5762.431822029799,2769.6927457096003,0.1091448426615712,0.07849336349174799,-44.36825180053711,56.420448303222656,77.00365447998047,39.109771728515625,22.34214973449707,28.14649200439453,35.537139892578125,18.968643188476562,19.867191314697266,15.232705116271973,4.349699020385742,17.08663558959961,1.7487385272979736,10.478111267089844,13.800633430480957,9.66369342803955,-2.2406294345855713,9.681917190551758,5.164141654968262,9.876980781555176,-5.928873062133789,9.48967456817627,4.139706611633301,8.056937217712402,2.431180000305176,9.149297714233398,0.45371755957603455,0.28922346234321594,0.26955828070640564,0.08411896228790283,0.06301914171700568,0.19942637683596684,music/Eminem - Superman.mp3,1,15.0,16,Eminem,Superman,charted,,top20,0.7179619625911169
30.0,30.0,129.19921875,E minor,2250.4833793604303,801.253726738702,5337.8760559270995,2763.279310653199,0.07797874238099846,0.04412252002059078,-87.1896743774414,40.57430648803711,97.9006576538086,25.715499877929688,21.55647087097168,16.340871810913086,16.861434936523438,12.39705753326416,17.5423641204834,11.329228401184082,7.6406145095825195,11.362977981567383,0.020582547411322594,10.37493896484375,6.014563083648682,8.500662803649902,-0.2902015745639801,7.768587589263916,3.118990182876587,10.865427017211914,-2.6366477012634277,8.612441062927246,2.6740567684173584,8.213478088378906,-0.15447601675987244,7.863665580749512,0.3542650043964386,0.29766303300857544,0.18023709952831268,0.04860885813832283,-0.02421264690967196,0.2115714461231404,music/98 Degrees - My Everything.mp3,1,34.0,20,98 Degrees,My Everything,charted,,chart_21_50,0.5669872981077807
30.0,30.0,107.666015625,D# major,2642.6885265391406,574.9653385117774,5650.040834976055,2582.110967343465,0.12168104803599071,0.04310729202601307,-106.7227783203125,47.381553649902344,79.07916259765625,21.50007438659668,-9.07784652709961,12.563799858093262,18.01421356201172,10.680233001708984,-5.494392395019531,12.257713317871094,6.504136562347412,6.682750225067139,-10.10851001739502,7.753425121307373,-1.1238741874694824,7.348412990570068,-9.265652656555176,7.0477705001831055,-6.7663068771362305,6.87271785736084,-7.33700704574585,8.094542503356934,-0.2536102533340454,6.05074405670166,-5.509140491485596,6.335030555725098,0.3283202052116394,0.2874593138694763,0.0891755148768425,0.033268287777900696,0.004915037278691092,0.18639457519697858,"music/Paul Stanley - Hold Me, Touch Me.mp3",1,46.0,12,Paul Stanley,"Hold Me, Touch Me",charted,,chart_21_50,0.49435010315256844
30.0,30.0,99.38401442307692,E minor,2208.6979538170062,574.3221883889781,4512.481046977796,2219.6133753447352,0.11024725474071208,0.05156740265006338,-82.84337615966797,51.03676223754883,94.48391723632812,24.038469314575195,-20.263578414916992,20.871686935424805,32.789466857910156,11.674365997314453,-8.103645324707031,14.98875617980957,13.355151176452637,9.622840881347656,1.3502432107925415,10.094157218933105,13.04415512084961,7.371363639831543,1.1460646390914917,6.1125569343566895,8.350442886352539,6.018911361694336,-0.3014187216758728,6.227169513702393,6.257030963897705,6.096899032592773,-0.02797500602900982,5.352766990661621,0.403359055519104,0.29964661598205566,0.15614433586597443,0.08551791310310364,-0.026015778311505363,0.13704033085233067,music/Passion Pit - Take A Walk.mp3,1,84.0,22,Passion Pit,Take A Walk,charted,,chart_51_100,0.3132752304664488
30.0,30.0,112.34714673913044,F# major,3066.351307613154,870.9858777838637,6440.002724851248,2840.020251162413,0.14995223006965944,0.07598662861657741,-66.84809112548828,58.1700439453125,67.03224182128906,28.074392318725586,19.784852981567383,19.485445022583008,31.0709171295166,10.726856231689453,0.34676292538642883,9.834059715270996,13.90031623840332,6.944913864135742,-6.289159774780273,8.043561935424805,1.0319697856903076,7.868589401245117,-2.675382137298584,7.175782203674316,3.4809634685516357,6.410768985748291,-3.705744743347168,7.820000171661377,4.780729293823242,5.501261234283447,-5.163125991821289,6.630252361297607,0.3606114089488983,0.29089921712875366,0.1332564353942871,0.025817323476076126,-0.08038666137956071,0.1707578122914682,music/Eddie Money - Endless Nights.mp3,1,21.0,19,Eddie Money,Endless Nights,charted,,chart_21_50,0.662900068768379
30.0,30.0,66.25600961538461,A# major,1628.1411831086136,482.5957380064242,3376.5545824363876,2121.0340039919333,0.060258894881965945,0.027600368029241727,-104.62661743164062,48.22884750366211,118.52781677246094,22.662639617919922,7.5036301612854,20.19573974609375,24.348876953125,17.80196762084961,-4.216294288635254,13.131797790527344,2.3095333576202393,14.496813774108887,0.5074926614761353,11.136636734008789,1.5486146211624146,9.04065227508545,-9.548318862915039,9.12360954284668,1.9875614643096924,9.994531631469727,-10.292268753051758,9.486385345458984,-4.8267502784729,7.620818138122559,-11.102462768554688,7.753842830657959,0.29834336042404175,0.30163609981536865,0.20404134690761566,0.05713803321123123,-0.018269118691828325,0.2018677076685368,music/The 5th Dimension - One Less Bell To Answer.mp3,1,2.0,19,The 5th Dimension,One Less Bell To Answer,charted,,top20,0.9246221638555591
30.0,30.0,103.359375,F major,2175.065081186771,690.0460371113869,4403.281707291264,2270.697519883966,0.10666526581849846,0.05528913283237941,-22.086660385131836,58.78734588623047,102.81629943847656,27.893966674804688,-16.349225997924805,19.77996063232422,16.830059051513672,14.874931335449219,-0.6329050064086914,13.782779693603516,8.380845069885254,10.2959623336792,-2.92281436920166,9.67830753326416,2.2340803146362305,7.290309429168701,-5.9961724281311035,7.733635902404785,2.383532762527466,8.486108779907227,-4.958145618438721,8.177559852600098,3.2538247108459473,7.15594482421875,-4.063295841217041,6.456642150878906,0.38442549109458923,0.2867664098739624,0.23816820979118347,0.06930644065141678,0.014999577126170657,0.16761541884744985,music/The Guess Who - Hand Me Down World.mp3,1,17.0,11,The Guess Who,Hand Me Down World,charted,,top20,0.6984886554222364
30.0,30.0,112.34714673913044,A# minor,2616.9548517823014,740.0629215475595,5679.040659618083,2663.343329418682,0.101065526436726,0.0548304774375187,-77.12456512451172,53.38776397705078,76.42263793945312,22.66636848449707,-1.2064865827560425,20.708444595336914,25.544254302978516,13.230907440185547,2.388432741165161,10.016136169433594,11.39041519165039,9.778138160705566,3.047616958618164,7.270548343658447,8.421784400939941,7.809744834899902,2.2949135303497314,7.773356914520264,12.590242385864258,10.197734832763672,-1.258286476135254,7.036783218383789,4.905076026916504,7.48279333114624,-1.2077181339263916,7.67972469329834,0.44974178075790405,0.29273056983947754,0.15379004180431366,0.0585445910692215,-0.0011048369034578794,0.09111903781020955,music/Yarbrough & Peoples - I Wouldn't Lie.mp3,1,93.0,4,Yarbrough & Peoples,I Wouldn't Lie,charted,,chart_51_100,0.2770011945187788
30.0,30.0,123.046875,D# major,2479.7347092795035,643.6973283801441,4771.171149380805,2250.6786340844187,0.13278831269349844,0.062369027555071545,-115.65413665771484,49.474369049072266,80.54290771484375,26.379436492919922,-30.855030059814453,20.277034759521484,23.048646926879883,18.54094886779785,-3.5831873416900635,13.051676750183105,3.784740924835205,9.87926959991455,-9.570024490356445,11.323097229003906,5.719306468963623,9.473549842834473,-9.668939590454102,9.929938316345215,-2.8574814796447754,9.843880653381348,-5.012784481048584,7.742599010467529,4.397885799407959,7.663324356079102,-3.6773531436920166,8.391701698303223,0.3295036554336548,0.3082563877105713,0.11168023198843002,0.05234471336007118,-0.0038979560257242363,0.14231647383843452,music/James Darren - Hail To The Conquering Hero.mp3,1,97.0,1,James Darren,Hail To The Conquering Hero,charted,,chart_51_100,0.2614510541240036
30.0,30.0,184.5703125,E major,2059.1001078059826,595.2665913812635,4504.722760557759,2376.615411285616,0.08624324267124613,0.03636414051358129,-133.91500854492188,82.3100357055664,103.14608764648438,25.893217086791992,-0.5864746570587158,25.383819580078125,13.81806755065918,15.798063278198242,-0.09511072188615799,13.957585334777832,13.007074356079102,10.546475410461426,1.800193190574646,12.83228588104248,8.076726913452148,9.72291088104248,-5.005543231964111,8.507332801818848,5.644286155700684,9.440637588500977,-3.3966424465179443,7.2278523445129395,0.9661301970481873,6.930764675140381,3.3483636379241943,7.425981044769287,0.3776719272136688,0.30389338731765747,0.11437620967626572,0.05014181509613991,-0.018010121344005193,0.1158189289416121,music/Joe Cocker and The Chris Stainton Band - Woman To Woman.mp3,1,56.0,9,Joe Cocker and The Chris Stainton Band,Woman To Woman,charted,,chart_51_100,0.44098300562505255
30.0,30.0,161.4990234375,E major,2966.8622393924447,824.5002170610425,5922.88918509941,2602.624343890282,0.150163869001548,0.07823278988137836,-48.29139709472656,41.78364181518555,66.19646453857422,28.93678092956543,-13.680542945861816,18.069618225097656,26.415298461914062,13.73775863647461,5.327981948852539,10.565667152404785,14.913028717041016,9.704233169555664,1.1726564168930054,8.017803192138672,14.648452758789062,8.233855247497559,-1.606389045715332,8.09479808807373,6.18428897857666,7.124044895172119,0.9028580188751221,6.4089860916137695,4.9358415603637695,6.6663594245910645,-1.5402714014053345,6.266996383666992,0.46914127469062805,0.2826506793498993,0.1421021670103073,0.030603237450122833,-0.019317824448160548,0.08879195504569132,music/Shalamar - Amnesia.mp3,1,73.0,9,Shalamar,Amnesia,charted,,chart_51_100,0.3603978509331687
30.0,30.0,129.19921875,A minor,2166.7577663100546,655.3150520854037,4664.030130581221,2413.2035261193787,0.08187667799438854,0.047074599666246185,-187.60337829589844,32.8512077331543,97.73506927490234,26.697677612304688,-4.350832939147949,13.909098625183105,32.85962677001953,10.753616333007812,7.297119140625,13.087677955627441,14.21886157989502,9.043092727661133,1.8828824758529663,8.598369598388672,7.475803852081299,7.458389759063721,1.0248150825500488,6.693718433380127,3.253573179244995,6.719684600830078,-0.7303169965744019,7.472698211669922,5.356651306152344,6.121207237243652,-0.8459574580192566,6.359848976135254,0.45004841685295105,0.2857748568058014,0.04845283925533295,0.013141474686563015,-0.008625945212618827,0.10933878038860531,music/Orgy - Blue Monday.mp3,1,56.0,20,Orgy,Blue Monday,charted,,chart_51_100,0.44098300562505255
30.0,30.0,107.666015625,G major,2247.504636676394,448.84623847477866,4411.764989327351,2253.306646988983,0.11956503664376934,0.03484803533471876,-92.3228759765625,52.61875915527344,92.98794555664062,21.745908737182617,-26.373207092285156,21.217758178710938,21.461090087890625,13.818290710449219,10.95539379119873,11.191784858703613,8.659510612487793,12.42678165435791,4.0681328773498535,10.849749565124512,8.905234336853027,8.122572898864746,3.6067352294921875,9.790367126464844,7.34486198425293,8.374974250793457,-5.247295379638672,7.219386100769043,2.0940983295440674,8.95842456817627,-6.062232494354248,7.761200904846191,0.386056125164032,0.29558131098747253,0.1213352307677269,0.04388907551765442,-0.00015813718155867544,0.1513722043534255,"music/Stevie Wonder - Signed, Sealed, Delivered I'm Yours.mp3",1,3.0,14,Stevie Wonder,"Signed, Sealed, Delivered I'm Yours",charted,,top20,0.8933996418221948
30.0,30.0,99.38401442307692,G# minor,2662.984346483211,963.2134856468994,4905.95366770269,2355.813478888849,0.15489475498258515,0.0925424863803685,-158.30709838867188,62.84382247924805,78.81909942626953,33.06989288330078,-16.551111221313477,26.8918399810791,38.5251350402832,15.370841979980469,8.298528671264648,11.577299118041992,-0.4530077874660492,11.95650577545166,7.3432230949401855,12.202898979187012,2.812986135482788,11.828961372375488,0.5011281967163086,9.182924270629883,3.829359769821167,8.313546180725098,-3.186000108718872,7.943883895874023,4.486525058746338,7.983416557312012,-7.0362701416015625,7.885916709899902,0.3865429759025574,0.3009434938430786,0.06942925602197647,0.026859670877456665,0.01043295653527643,0.10437121114588833,music/Pretenders - Brass In Pocket (I'm Special).mp3,1,14.0,22,Pretenders,Brass In Pocket (I'm Special),charted,,top20,0.7282213467476955
30.0,30.0,103.359375,D major,1973.3539480278846,420.1850370800763,3908.9596963888353,2065.3783904162515,0.10056363982681889,0.0342318348185614,-29.57158851623535,44.18397521972656,110.876220703125,22.46670150756836,-24.389036178588867,16.160179138183594,30.974258422851562,13.227885246276855,-1.4015694856643677,12.37153434753418,7.819505214691162,8.694538116455078,-4.313821792602539,8.610694885253906,2.0632317066192627,7.546432018280029,-4.357539653778076,8.633631706237793,2.953308582305908,7.515797138214111,-7.32855224609375,7.330766677856445,-1.6866334676742554,7.17719030380249,-6.265256881713867,7.676977157592773,0.3626537621021271,0.2998049855232239,0.2414103001356125,0.08323564380407333,0.003335575384660795,0.12961011567282033,music/Mel And Tim - Good Guys Only Win In The Movies.mp3,1,45.0,7,Mel And Tim,Good Guys Only Win In The Movies,charted,,chart_21_50,0.5
30.0,30.0,99.38401442307692,C minor,2573.6311001407885,867.5747820620007,5658.307451655621,2695.9204748316997,0.10491924463041796,0.06618433872785294,-113.0611572265625,56.68588638305664,87.00126647949219,29.106863021850586,13.655529975891113,19.741914749145508,20.02827262878418,12.104341506958008,-3.0598063468933105,12.709811210632324,0.6239116787910461,10.305229187011719,-6.633174419403076,9.433603286743164,4.553009033203125,7.543161392211914,-11.165122032165527,7.934179306030273,0.7355169057846069,9.307930946350098,-10.048808097839355,7.16209077835083,-2.7379581928253174,6.364029884338379,-6.440670013427734,6.198285102844238,0.35563674569129944,0.3051394820213318,0.1010359525680542,0.0287455003708601,0.026457869845559066,0.12791448364762237,music/Kenny Loggins - I'm Gonna Miss You.mp3,1,82.0,5,Kenny Loggins,I'm Gonna Miss You,charted,,chart_51_100,0.3215994747000318
30.0,30.0,123.046875,D major,2924.547201747253,651.4280140162768,5795.073291317966,2535.269820082008,0.15827417521284828,0.07177256763152866,-20.716997146606445,42.438682556152344,60.99640655517578,22.97172737121582,-14.495129585266113,16.508560180664062,32.547027587890625,15.301921844482422,1.7192883491516113,13.831657409667969,9.766655921936035,10.794896125793457,-1.8989561796188354,8.822159767150879,6.745874404907227,8.409649848937988,-9.626484870910645,9.10107135772705,4.331647872924805,7.985427379608154,-4.766026020050049,7.707584381103516,3.2761669158935547,9.08989429473877,-2.444611072540283,9.412490844726562,0.35393691062927246,0.29884329438209534,0.21201562881469727,0.057538680732250214,0.0042219026516806465,0.11611987458532419,music/Neil Sedaka - Sweet Little You.mp3,1,59.0,7,Neil Sedaka,Sweet Little You,charted,,chart_51_100,0.4259395027129505
30.0,30.0,161.4990234375,C# major,1969.4500383761194,1060.78548175243,3925.867927480408,2321.8579213555195,0.0733045453995743,0.06369634743616329,-127.70375061035156,63.860836029052734,95.55224609375,33.93266296386719,5.058093547821045,22.605491638183594,40.09786605834961,19.381290435791016,22.581602096557617,14.489316940307617,0.5125199556350708,14.049970626831055,-1.5923280715942383,9.061738967895508,-5.706661701202393,11.504314422607422,-0.14376895129680634,8.546086311340332,-8.972517013549805,10.436488151550293,-10.063115119934082,8.10888385772705,-1.9062156677246094,7.69167423248291,-5.803135871887207,7.596953392028809,0.2983607053756714,0.30309629440307617,0.18960300087928772,0.06876929104328156,-0.014644191237467666,0.19480771563216073,music/Shawn Mendes - A Little Too Much.mp3,1,94.0,1,Shawn Mendes,A Little Too Much,charted,,chart_51_100,0.2730824731036602
30.0,30.0,117.45383522727273,D major,1937.207327445765,737.9326643466605,4178.133068734278,2301.8059708690416,0.07444966319175697,0.04181367287503636,-178.0216827392578,79.90743255615234,105.13346862792969,29.70975112915039,0.192055344581604,20.94658660888672,24.27397346496582,13.809285163879395,11.44273853302002,15.707780838012695,9.621541023254395,10.806014060974121,-3.077942371368408,13.567220687866211,7.5030927658081055,11.569991111755371,-0.7072842121124268,9.342183113098145,1.5735188722610474,9.738982200622559,-10.144326210021973,12.2172212600708,-0.6448624730110168,9.704551696777344,-3.2556164264678955,10.208281517028809,0.3478826880455017,0.29677054286003113,0.08564084768295288,0.0339435376226902,-0.04490475108417717,0.22056101032984624,music/Jerry Jeff Walker - L.a. Freeway.mp3,1,98.0,3,Jerry Jeff Walker,L.a. Freeway,charted,,chart_51_100,0.25761441040631483
30.0,30.0,103.359375,G major,1165.796990957931,288.6086491721287,2198.045042055679,1673.0073476591426,0.04826463634384675,0.01935335450414645,-77.42626953125,36.73652267456055,148.8987579345703,17.431718826293945,-1.1217912435531616,11.123454093933105,32.5129508972168,10.151657104492188,4.7539801597595215,8.295486450195312,16.28631019592285,7.710168838500977,-1.0323011875152588,6.916555881500244,4.9805097579956055,6.981048583984375,-7.568481922149658,6.8943772315979,-3.456833600997925,6.199198246002197,-9.371843338012695,6.283262252807617,-2.63078236579895,5.703812599182129,-4.412441730499268,7.8601765632629395,0.27287814021110535,0.2886574864387512,0.31315144896507263,0.08286920189857483,0.02056900690005192,0.18400824770018825,music/The Unknowns - Melody For An Unknown Girl.mp3,1,74.0,4,The Unknowns,Melody For An Unknown Girl,charted,,chart_51_100,0.35597148566796577
30.0,30.0,143.5546875,D major,1707.8427549706057,902.4811621783292,3480.8622850353136,1995.8736372518904,0.07102715932178792,0.06943785394545793,-213.63636779785156,87.84829711914062,111.69237518310547,36.43497848510742,0.21736471354961395,24.140623092651367,33.43531036376953,17.505346298217773,0.002000743756070733,18.523862838745117,6.860492706298828,13.50800609588623,-3.8073999881744385,10.51895809173584,2.6902453899383545,13.372132301330566,-0.09959308058023453,11.915818214416504,3.804654598236084,10.941500663757324,-4.967113018035889,10.248074531555176,8.073163986206055,12.514870643615723,-7.1611456871032715,9.47165584564209,0.277691513299942,0.3121042549610138,0.09223759919404984,0.050611454993486404,0.00320172335015947,0.1616360250855099,music/Perry Como - (There's No Place Like) Home For The Holidays.mp3,1,22.0,7,Perry Como,(There's No Place Like) Home For The Holidays,charted,,chart_21_50,0.6545753601461213
30.0,30.0,95.703125,D# major,2726.120911387454,798.5068799038072,5812.781517572078,2599.195207322521,0.13909137359713622,0.06456267124041419,-49.4434814453125,35.636810302734375,81.43807220458984,26.132984161376953,5.533780574798584,21.23967170715332,30.187908172607422,15.259392738342285,-7.321658134460449,14.423389434814453,29.579002380371094,10.359190940856934,-11.197545051574707,12.06769847869873,2.460284471511841,10.509476661682129,-6.126161575317383,11.809741020202637,6.28328275680542,9.030692100524902,-9.163959503173828,9.613720893859863,7.781712532043457,8.31026840209961,-5.414736270904541,8.364470481872559,0.4192489683628082,0.28655216097831726,0.1647322028875351,0.03116292506456375,0.007385382379302643,0.1371212768156562,music/Josh Kelley - Amazing.mp3,1,79.0,20,Josh Kelley,Amazing,charted,,chart_51_100,0.3342809765510541
30.0,30.0,112.34714673913044,F minor,2256.6559115681357,1009.5111265634737,4629.355340254934,2355.634955538416,0.10575635219136997,0.07833311011989441,-61.57304000854492,45.8989143371582,99.2135009765625,34.384891510009766,-6.400437355041504,24.02204132080078,7.276547908782959,17.005525588989258,-7.689490795135498,17.021093368530273,4.884937763214111,14.339601516723633,-7.8543500900268555,10.918896675109863,7.315441608428955,10.426712036132812,0.9845174551010132,10.368941307067871,10.175332069396973,7.607494831085205,-0.4515467882156372,8.34016227722168,-1.0449167490005493,10.94261360168457,-5.808504581451416,9.876413345336914,0.3447968661785126,0.3105429708957672,0.22434459626674652,0.11840491741895676,0.025246710085181857,0.132837666332905,music/Linkin Park X Steve Aoki - A Light That Never Comes.mp3,1,65.0,1,Linkin Park X Steve Aoki,A Light That Never Comes,charted,,chart_51_100,0.39697731084447274
30.0,30.0,135.99917763157896,G# major,2706.0608189910286,668.4400300987414,5281.28473146043,2475.7835318314583,0.14925230988777088,0.061625133025847316,0.7808803915977478,45.63302230834961,75.85806274414062,23.198532104492188,-23.810558319091797,17.445636749267578,18.128671646118164,13.516980171203613,-0.004505641758441925,13.046523094177246,2.266554594039917,11.568148612976074,-2.6920361518859863,11.529950141906738,0.9587591290473938,9.551584243774414,-3.1288106441497803,9.95541000366211,0.016456911340355873,7.826042175292969,-4.0006818771362305,8.460453033447266,-0.061896853148937225,8.707110404968262,-7.2628092765808105,7.124153137207031,0.44811490178108215,0.2818584740161896,0.22379754483699799,0.07162512093782425,-0.011092823498489446,0.10306073467067492,music/Linkin Park - Faint.mp3,1,48.0,20,Linkin Park,Faint,charted,,chart_21_50,0.48323559086808754
30.0,30.0,95.703125,E major,2975.3761076936353,632.7151165242836,6138.946211965461,2690.84103361852,0.146907274937113,0.06821967992108942,-83.15603637695312,48.94505310058594,62.73728942871094,24.21503448486328,-4.326699733734131,14.789970397949219,29.299692153930664,11.745985984802246,6.504051208496094,13.136486053466797,5.433616638183594,8.414485931396484,-5.87102746963501,9.539618492126465,5.490175247192383,9.736282348632812,-7.362781047821045,8.948018074035645,8.134191513061523,7.6148505210876465,-3.675102949142456,7.394822597503662,2.7038207054138184,8.73692512512207,-1.854432463645935,7.5486040115356445,0.3337065279483795,0.2993603050708771,0.11793352663516998,0.03425297141075134,0.01655434586255147,0.1568113003087964,music/Bobby Rydell - The Door To Paradise.mp3,1,85.0,2,Bobby Rydell,The Door To Paradise,charted,,chart_51_100,0.30915072029224255
30.0,30.0,86.1328125,D major,2209.723901678611,891.3783215597413,4788.129380170037,2474.572118886815,0.08859394652186532,0.07623187679485702,-108.89144897460938,51.74394607543945,96.454833984375,28.52741241455078,10.749373435974121,16.431453704833984,25.848209381103516,11.796988487243652,0.002436682116240263,14.677607536315918,6.6731109619140625,10.337701797485352,-3.7117197513580322,10.15050983428955,7.340394020080566,8.151180267333984,-6.582786560058594,8.935263633728027,-2.332784652709961,10.219000816345215,-2.1211438179016113,10.13121509552002,5.464170455932617,7.375341892242432,-6.206047058105469,7.801047325134277,0.32691702246665955,0.3089085519313812,0.1361507922410965,0.046353984624147415,-0.028071273045781157,0.12884064512594032,music/Don Gibson - Just One Time.mp3,1,29.0,11,Don Gibson,Just One Time,charted,,chart_21_50,0.6011379823912673
30.0,30.0,95.703125,B major,2630.854617932816,897.1091705433057,5765.731802075271,2726.952234692181,0.11633187403250773,0.0821354069863527,-81.2748794555664,55.318580627441406,80.46556854248047,31.776084899902344,21.25971221923828,16.969989776611328,31.614370346069336,14.059463500976562,2.2373287677764893,12.602116584777832,14.179084777832031,10.289739608764648,-2.156729221343994,8.645308494567871,9.990817070007324,8.11497974395752,1.306458830833435,7.948117733001709,0.22690074145793915,7.9711012840271,-3.2489144802093506,6.910880088806152,2.340177297592163,6.453359127044678,-4.5419111251831055,6.241476535797119,0.38441282510757446,0.28673693537712097,0.1413249373435974,0.036056432873010635,-0.04747403764015505,0.13373605184673998,music/Phil Collins - You'll Be In My Heart.mp3,1,21.0,20,Phil Collins,You'll Be In My Heart,charted,,chart_21_50,0.662900068768379
30.0,30.0,117.45383522727273,A# minor,1852.1491729252898,483.9783867915173,3816.318589910265,1854.831294726017,0.09328968532314241,0.034197228950342225,-115.99555206298828,49.43730163574219,125.2529525756836,31.089277267456055,-40.81684875488281,18.234542846679688,55.78485870361328,16.359098434448242,-7.913976192474365,13.067876815795898,21.34222984313965,12.7001371383667,-7.069799900054932,11.162870407104492,12.987442016601562,10.167519569396973,-8.267970085144043,10.221810340881348,8.35106086730957,9.64905071258545,-6.843687057495117,9.74023723602295,12.136137008666992,10.387516021728516,-0.6192775368690491,9.00193977355957,0.3705798089504242,0.2905273735523224,0.12442424893379211,0.030667848885059357,-0.06485610007847059,0.12036669996149615,music/Creedence Clearwater Revival - Proud Mary.mp3,1,2.0,14,Creedence Clearwater Revival,Proud Mary,charted,,top20,0.9246221638555591
30.0,30.0,123.046875,D# major,1427.887530017603,626.4905941613416,2683.725438546101,1714.7637189810348,0.06556385146575078,0.037435557778869685,-204.388427734375,97.84139251708984,134.35888671875,36.053104400634766,-12.568367004394531,26.96917724609375,32.19364929199219,22.17552947998047,6.60330867767334,12.27782154083252,3.8355467319488525,12.058730125427246,0.46336349844932556,12.230984687805176,-0.5024201273918152,9.924683570861816,2.5447771549224854,9.134944915771484,-0.2675807774066925,9.525261878967285,-3.3567237854003906,9.311100959777832,2.0719306468963623,8.316201210021973,-1.4349370002746582,8.71008586883545,0.319244921207428,0.29874396324157715,0.10032586753368378,0.06041021645069122,0.025503789492276874,0.24787617479826393,music/OTIS REDDING - MY LOVER'S PRAYER.mp3,1,61.0,7,Otis Redding,My Lover's Prayer,charted,,chart_51_100,0.4161257918788578
30.0,30.0,117.45383522727273,F# minor,1744.9724106412816,761.0097226567225,3646.6279493396864,2159.5962375568733,0.06869950899767802,0.04352002517253194,-198.46397399902344,57.97181701660156,118.57767486572266,28.634756088256836,8.53104019165039,22.217802047729492,24.039766311645508,16.183475494384766,2.401766300201416,14.163113594055176,1.4439270496368408,10.044340133666992,-6.831450939178467,10.925508499145508,-0.8580431938171387,9.223729133605957,-11.05623722076416,12.057252883911133,-0.3568728566169739,9.32638931274414,-6.03475284576416,8.57505989074707,-2.577059507369995,8.103487014770508,-4.579402446746826,11.015589714050293,0.2846086323261261,0.30288460850715637,0.08108220249414444,0.03800474852323532,-0.01481170553227189,0.15335182640758382,music/Major Harris - Love Won't Let Me Wait.mp3,1,5.0,18,Major Harris,Love Won't Let Me Wait,charted,,top20,0.8492443277111181
30.0,30.0,135.99917763157896,F minor,2167.6995477208793,695.5283493484116,4367.398590938225,2196.697222238066,0.10455605710623066,0.04722454044192262,-115.86369323730469,66.30327606201172,104.86444091796875,36.37651443481445,-16.429397583007812,20.521554946899414,14.40439224243164,18.393220901489258,-11.25565242767334,12.25691032409668,11.055188179016113,11.547768592834473,-5.845808982849121,10.616212844848633,3.992999315261841,10.63792610168457,-3.779772996902466,8.8477201461792,7.518874645233154,9.184596061706543,-1.7450323104858398,8.12048053741455,3.7984251976013184,7.30626106262207,-1.632962942123413,7.706314563751221,0.3965766429901123,0.2979191839694977,0.10850002616643906,0.057171765714883804,0.007835411156989472,0.06647355971830213,music/Lionel Richie - Dancing On The Ceiling.mp3,1,2.0,17,Lionel Richie,Dancing On The Ceiling,charted,,top20,0.9246221638555591
30.0,30.0,95.703125,C major,1959.638519251381,682.9529230610477,4446.298113843605,2486.3958512356776,0.06213794625580495,0.03308422551135358,-160.3494110107422,64.15093994140625,109.14173889160156,25.70217514038086,21.095273971557617,18.739805221557617,9.858418464660645,12.289566993713379,-0.8110854029655457,12.0048246383667,4.2839436531066895,8.278114318847656,-7.832490921020508,9.041565895080566,2.9716336727142334,8.390015602111816,-12.779741287231445,7.879978656768799,-1.2286622524261475,6.787999629974365,-6.6254401206970215,7.957046031951904,-3.8771913051605225,7.313986778259277,-9.760764122009277,6.633841037750244,0.28549855947494507,0.3139236271381378,0.12425149232149124,0.06462747603654861,0.04978993086561215,0.13983703153508426,music/The Doobie Brothers - Minute By Minute.mp3,1,14.0,14,The Doobie Brothers,Minute By Minute,charted,,top20,0.7282213467476955
30.0,30.0,123.046875,G major,2011.0279463671498,833.5642977353872,4076.7253485995548,2251.9920364646914,0.08157206910313468,0.055697015925374266,-126.99586486816406,68.25962829589844,105.68411254882812,32.8828125,-8.312891006469727,17.55942726135254,23.64598846435547,13.248906135559082,10.25256061553955,13.266005516052246,10.41982650756836,10.400554656982422,-3.4471521377563477,8.971437454223633,3.979717493057251,7.769394397735596,-3.469782590866089,9.351953506469727,2.1789252758026123,8.658193588256836,-1.7304797172546387,9.84578800201416,0.13947024941444397,8.787580490112305,-3.2581491470336914,7.292379379272461,0.33100777864456177,0.29833370447158813,0.12105751782655716,0.03871951997280121,0.04503042776296599,0.24396140170987327,music/Mark Chesnutt - I Don't Want To Miss A Thing.mp3,1,17.0,20,Mark Chesnutt,I Don't Want To Miss A Thing,charted,,top20,0.6984886554222364
30.0,30.0,78.30255681818181,B minor,2683.5369188550676,426.69963671153135,5945.114050708688,2666.8732184948976,0.12767836626838236,0.03613729300395195,-1.165367603302002,48.54417037963867,80.01654052734375,16.635116577148438,-2.5468664169311523,15.023646354675293,19.628890991210938,10.478339195251465,-0.3900509774684906,9.494710922241211,11.350571632385254,9.836585998535156,-1.8258470296859741,7.013932704925537,5.701164245605469,7.9046630859375,-11.732569694519043,7.913998126983643,5.226417541503906,8.16556453704834,3.4846205711364746,8.030747413635254,4.662045955657959,6.459089279174805,-4.802258014678955,6.133950233459473,0.42783087491989136,0.2903788983821869,0.23686279356479645,0.055428601801395416,-0.00443813885194905,0.11635567628211842,music/Hank Ballard And The Midnighters - The Twist.mp3,1,28.0,16,Hank Ballard And The Midnighters,The Twist,charted,,chart_21_50,0.6083252740996798
30.0,30.0,129.19921875,F minor,3252.528145025266,838.7972763610919,7004.240979646382,2962.1150972603727,0.1516566793246904,0.0791704502937866,-111.20207214355469,55.637271881103516,56.81669616699219,27.199562072753906,5.845218181610107,16.360092163085938,10.301081657409668,13.588176727294922,-3.2519545555114746,9.771543502807617,-0.6708732843399048,9.149459838867188,-10.440958976745605,9.06380844116211,-6.035956859588623,8.310322761535645,-9.895508766174316,9.508795738220215,-1.816344976425171,9.326955795288086,-11.637093544006348,9.462018013000488,-6.926778793334961,8.608745574951172,-12.679862976074219,6.763985633850098,0.3047828674316406,0.2956433892250061,0.10124218463897705,0.05303974077105522,0.01978462114959842,0.1816482134318518,music/Chris Brown - Don't Wake Me Up.mp3,1,10.0,28,Chris Brown,Don't Wake Me Up,charted,,top20,0.7738664915666773
30.0,30.0,117.45383522727273,F# major,2435.677613714467,265.32685415091754,4651.6135389959845,2325.7693170681796,0.13365867780089008,0.033204822501440044,-78.71237182617188,41.380916595458984,83.94656372070312,12.959229469299316,-24.26460075378418,14.707477569580078,30.921630859375,12.222867012023926,1.0593866109848022,14.363720893859863,3.7784934043884277,7.849109649658203,0.6614793539047241,9.074625015258789,-0.041662730276584625,7.187411785125732,-4.471826553344727,7.313432693481445,9.964290618896484,7.124016284942627,0.9320127964019775,6.698280334472656,4.656989097595215,6.815507888793945,-3.6332199573516846,6.982880115509033,0.39712953567504883,0.2869091033935547,0.10861076414585114,0.031628433614969254,-0.0654024882070202,0.11114530815650868,music/The Duprees - Around The Corner.mp3,1,91.0,2,The Duprees,Around The Corner,charted,,chart_51_100,0.28490305806580574
30.0,30.0,95.703125,F minor,2068.9374196895064,542.9490459326066,4413.28998010594,2363.9216253802315,0.08149534999032508,0.03410373084718814,-102.86474609375,58.43149185180664,101.1871337890625,23.362337112426758,-5.09699010848999,18.7484130859375,24.78931427001953,18.12389373779297,5.5054240226745605,14.458818435668945,4.212075233459473,13.13139533996582,-0.5077353119850159,12.379883766174316,7.794939041137695,10.019721031188965,-7.654352188110352,12.241562843322754,1.93096923828125,9.90420913696289,6.73590612411499,10.782444953918457,1.12321937084198,9.989635467529297,-0.3771342635154724,9.011184692382812,0.3466334342956543,0.3033365309238434,0.1407366245985031,0.046803951263427734,0.032352961035903266,0.12668467309266693,music/Craig Morgan - Little Bit Of Life.mp3,1,75.0,13,Craig Morgan,Little Bit Of Life,charted,,chart_51_100,0.351575335559677
30.0,30.0,107.666015625,D minor,3830.7279281755937,1093.9996791035258,7257.231116516302,2886.760714322044,0.24059075984423375,0.12879909096986134,-123.82483673095703,84.11153411865234,29.630043029785156,37.51526641845703,13.259659767150879,29.670745849609375,29.505775451660156,21.480560302734375,0.924985408782959,16.3586368560791,17.022750854492188,14.709125518798828,1.394663691520691,12.053571701049805,12.407838821411133,10.34532642364502,-0.3559539318084717,9.32422924041748,8.378679275512695,8.312515258789062,0.4440748989582062,8.498517990112305,5.051349639892578,7.833860397338867,-3.2654240131378174,7.079078674316406,0.5658316016197205,0.26496705412864685,0.09092912822961807,0.04552384838461876,-0.014862452976480481,0.075793774202908,music/Gwen Guthrie - Ain't Nothin' Goin' On But The Rent.mp3,1,42.0,13,Gwen Guthrie,Ain't Nothin' Goin' On But The Rent,charted,,chart_21_50,0.5173463504182886
30.0,30.0,112.34714673913044,A# major,2488.805734030249,805.7646083255871,5010.644701316999,2406.63553417836,0.12548374613003097,0.07089573601278808,-62.3633918762207,51.436397552490234,81.76985168457031,30.73912811279297,-10.97862720489502,20.247295379638672,34.60479736328125,16.403390884399414,5.550230026245117,12.387910842895508,4.857933521270752,10.473186492919922,-0.08732108771800995,9.472280502319336,12.303740501403809,8.448114395141602,-2.918011426925659,7.994151592254639,3.5528621673583984,8.942246437072754,-5.856619834899902,6.685135841369629,5.62108039855957,7.072858810424805,1.554476261138916,6.705871105194092,0.36859986186027527,0.305838942527771,0.1734168529510498,0.0643981397151947,0.027413443321459407,0.10598474902501111,music/Paper Lace - Billy - Don't Be A Hero.mp3,1,96.0,3,Paper Lace,Billy - Don't Be A Hero,charted,,chart_51_100,0.2653077329434267
30.0,30.0,135.99917763157896,G# major,1851.3116010949643,1077.4976513583808,3870.5599285869775,2114.22249029654,0.07558306525735294,0.07918148538143545,-238.34803771972656,66.47052764892578,111.58463287353516,40.31951904296875,7.726095199584961,20.528850555419922,40.5657958984375,14.494195938110352,6.111414909362793,16.175029754638672,17.57843589782715,13.435125350952148,-7.46063232421875,12.367602348327637,3.895663022994995,10.651935577392578,-9.190949440002441,14.188469886779785,8.239034652709961,11.233745574951172,-10.982477188110352,11.296110153198242,6.887288570404053,8.61196517944336,-6.64751672744751,11.053070068359375,0.3638606369495392,0.3022562265396118,0.057765889912843704,0.024560725316405296,0.020889459088399506,0.1772785672556363,music/The Chi-lites - A Letter To Myself.mp3,1,33.0,11,The Chi-lites,A Letter To Myself,charted,,chart_21_50,0.5735985672887791
30.0,30.0,129.19921875,F major,2368.199118917538,514.2501372942136,5246.634940982972,2565.278365151565,0.10529792714783281,0.037652415420144525,-25.595735549926758,45.483001708984375,92.05782318115234,19.563512802124023,1.0014441013336182,12.985428810119629,24.36890411376953,10.700063705444336,-0.34741589426994324,8.959056854248047,9.3501615524292,6.978926658630371,-2.1621346473693848,7.854854583740234,5.121546268463135,6.136312961578369,-1.5504767894744873,6.002010822296143,4.233834743499756,5.9539594650268555,-4.637696266174316,6.510519027709961,-0.37283554673194885,5.606781005859375,-2.0737907886505127,5.685132026672363,0.3787337839603424,0.2916708290576935,0.20418302714824677,0.04871363192796707,0.01903183371038147,0.09445811211599386,music/The Miracles - Going To A Go-Go.mp3,1,11.0,12,The Miracles,Going To A Go-Go,charted,,top20,0.7616343526886019
30.0,30.0,123.046875,A major,2256.212248694434,578.9391090878164,4754.137919045085,2351.6673545017006,0.09715474131675697,0.04997188773537715,-43.56483840942383,71.84294891357422,89.98919677734375,20.27341651916504,-7.151750564575195,19.016822814941406,39.7350959777832,13.417842864990234,-1.256333351135254,11.869336128234863,10.674540519714355,10.062382698059082,-3.757760763168335,9.099882125854492,2.737748384475708,6.015404224395752,-3.907532215118408,8.2412748336792,5.598287582397461,7.405943393707275,0.7646227478981018,6.650600433349609,-0.3841136395931244,6.993003845214844,-2.1399688720703125,6.290743350982666,0.38740795850753784,0.2937551438808441,0.2213401198387146,0.08630748838186264,0.009010678617442765,0.11693170237593467,music/The Temptations - The Way You Do The Things You Do.mp3,1,11.0,11,The Temptations,The Way You Do The Things You Do,charted,,top20,0.7616343526886019
30.0,30.0,117.45383522727273,G major,3055.4192603789434,790.7706718715865,6674.092976006192,2922.2372595764655,0.14926138012770898,0.07102776722150214,-129.3291778564453,46.88166809082031,69.93065643310547,25.000825881958008,17.994972229003906,16.847074508666992,19.404312133789062,11.676382064819336,2.712099552154541,11.375914573669434,11.148458480834961,10.164956092834473,-5.471516132354736,10.664558410644531,2.7225277423858643,7.796721935272217,-4.12466287612915,8.667122840881348,0.5476945638656616,7.723729133605957,-7.058144569396973,7.7824387550354,-4.3806538581848145,6.409980297088623,-7.834709167480469,7.312960624694824,0.35255661606788635,0.29067984223365784,0.07284971326589584,0.019484201446175575,0.0069681907725380075,0.1676226643031911,music/The Outfield - For You.mp3,1,21.0,18,The Outfield,For You,charted,,chart_21_50,0.662900068768379
30.0,30.0,184.5703125,F# major,1980.8861136386922,688.4696988497107,3849.593388702109,2084.34630029022,0.09957309404024768,0.05329202276835388,-170.99212646484375,75.49615478515625,108.39397430419922,34.415687561035156,-20.9320125579834,20.882404327392578,13.39415168762207,17.72873878479004,3.884552478790283,11.824514389038086,8.860215187072754,10.398265838623047,-12.853344917297363,12.360941886901855,0.7182201743125916,8.489313125610352,-6.0450758934021,8.063247680664062,1.0145992040634155,8.671122550964355,-3.371795892715454,7.019909381866455,-0.8460835814476013,7.055540084838867,-6.928445816040039,7.114599227905273,0.2990991473197937,0.30230581760406494,0.08907071501016617,0.04895052686333656,-0.047304206634041654,0.18981528091081776,music/Elvin Bishop Featuring Mickey Thomas - Spend Some Time.mp3,1,93.0,8,Elvin Bishop Featuring Mickey Thomas,Spend Some Time,charted,,chart_51_100,0.2770011945187788
30.0,30.0,129.19921875,C major,1981.968727134228,1088.8032829064741,4246.224323662442,2365.5500325049516,0.07937480347813468,0.08041111931716356,-277.2536315917969,74.70381164550781,111.91722869873047,43.035037994384766,21.130611419677734,24.312301635742188,13.134895324707031,19.334716796875,14.535104751586914,15.059319496154785,14.179876327514648,13.950987815856934,-6.282107830047607,14.390727996826172,9.52634048461914,9.63090991973877,-5.410945415496826,13.137925148010254,-0.26604902744293213,10.251911163330078,2.7385785579681396,9.156105041503906,-1.700649619102478,11.697481155395508,-1.373062014579773,8.243149757385254,0.35040464997291565,0.30810993909835815,0.037028178572654724,0.01723012514412403,0.07252671896917678,0.16489055537187683,music/Gerald Levert - I'd Give Anything.mp3,1,28.0,20,Gerald Levert,I'd Give Anything,charted,,chart_21_50,0.6083252740996798
30.0,30.0,103.359375,F minor,2174.0131303751828,1063.028454251916,4705.471546657314,2397.323431722569,0.06439454636706657,0.04538945578977052,-75.97015380859375,77.97317504882812,94.31599426269531,42.50480270385742,14.328837394714355,29.08639144897461,29.472293853759766,21.943788528442383,-3.123673439025879,18.10788345336914,18.115243911743164,14.576865196228027,0.762479305267334,12.74946117401123,13.034164428710938,12.006150245666504,-2.046184539794922,10.621084213256836,2.47308349609375,9.77285099029541,0.2596374750137329,10.814334869384766,7.743438243865967,8.000387191772461,1.7861864566802979,8.581217765808105,0.3771345615386963,0.29038405418395996,0.2778869867324829,0.057597626000642776,0.03832189678082644,0.1313765435011975,music/Nicki Minaj Featuring Drake & Lil Wayne - Truffle Butter.mp3,1,14.0,20,Nicki Minaj Featuring Drake & Lil Wayne,Truffle Butter,charted,,top20,0.7282213467476955
30.0,30.0,129.19921875,F major,2035.6463608488725,534.1152458942432,4408.315010188903,2224.4919203228133,0.08511815499226007,0.03364391300715134,-187.83494567871094,49.03932571411133,107.1417465209961,26.305009841918945,-6.755226135253906,14.380224227905273,34.811561584472656,14.455101013183594,-10.393454551696777,9.703756332397461,9.915650367736816,11.397589683532715,-2.3226091861724854,9.10375690460205,11.65693473815918,8.7373628616333,-1.2734928131103516,7.830195426940918,6.935082912445068,7.8657307624816895,-2.0200679302215576,7.358514785766602,6.2189202308654785,7.633848190307617,-5.022660255432129,6.508463382720947,0.4048791825771332,0.2874598801136017,0.051888905465602875,0.016610417515039444,0.01905056279973282,0.09716459728078827,music/Misiing Persons - Give.mp3,1,67.0,6,Misiing Persons,Give,charted,,chart_51_100,0.3876275643042055
30.0,30.0,161.4990234375,D major,2860.232181343004,453.0324618178034,5799.1815998089205,2622.73435127041,0.14881807215073528,0.03614001826167197,-95.18206787109375,41.98725128173828,69.6083984375,17.55236053466797,-14.821717262268066,17.74872589111328,21.491127014160156,16.946514129638672,3.035598039627075,12.406827926635742,-1.281280279159546,10.324810981750488,-2.4935450553894043,11.547686576843262,0.0984431654214859,6.298230171203613,-6.806293487548828,8.856795310974121,7.2486653327941895,7.837255477905273,-6.502713680267334,7.466121673583984,-2.0351457595825195,6.952475070953369,-7.341686725616455,7.280898571014404,0.387312650680542,0.2851220965385437,0.08719468116760254,0.028439154848456383,-0.0006698525481712883,0.1150258665936287,music/Ricky Nelson - Mighty Good.mp3,1,38.0,9,Ricky Nelson,Mighty Good,charted,,chart_21_50,0.541494522685636
30.0,30.0,112.34714673913044,A minor,3737.7461618202055,787.5411692753748,7782.2612750640965,3194.3943447677616,0.1980774114744582,0.09352480102249652,-136.49961853027344,75.78169250488281,46.93864822387695,21.185157775878906,21.439603805541992,18.421527862548828,19.31061363220215,11.487232208251953,8.467574119567871,11.962437629699707,9.604568481445312,11.031280517578125,-1.2556991577148438,12.188899993896484,7.770812511444092,8.02750301361084,0.18294069170951843,7.941744804382324,6.058170795440674,8.479069709777832,-0.6525953412055969,7.523714542388916,-1.2083677053451538,7.150386333465576,-5.924678802490234,7.9404072761535645,0.4744866192340851,0.2828281819820404,0.0645565316081047,0.02760915458202362,-0.009667227702485523,0.07782768755467963,music/Morris Day - Fishnet.mp3,1,23.0,13,Morris Day,Fishnet,charted,,chart_21_50,0.6464466094067263
30.0,30.0,117.45383522727273,D# minor,2653.4337472914667,698.6558852994929,5997.638733099119,2808.0266950075443,0.10089394773123066,0.04610079910233393,-118.18375396728516,49.7401237487793,74.01676177978516,24.36162757873535,17.838939666748047,22.783205032348633,29.67388916015625,13.288350105285645,8.544480323791504,12.733251571655273,11.242218017578125,8.235025405883789,4.140283584594727,9.921028137207031,12.5367431640625,7.9338226318359375,-5.0071892738342285,9.805773735046387,2.5152409076690674,10.727575302124023,-0.21107906103134155,8.753153800964355,0.9074903726577759,7.466512680053711,2.24194598197937,6.854681015014648,0.36910679936408997,0.29887014627456665,0.11150657385587692,0.019354982301592827,0.039435787464986806,0.17810761590582766,music/Red Hot Chili Peppers - The Zephyr Song.mp3,1,49.0,14,Red Hot Chili Peppers,The Zephyr Song,charted,,chart_21_50,0.47776703213290644
30.0,30.0,78.30255681818181,D# major,1469.5074140498837,523.911464545469,2887.4992063540053,2027.2230826524985,0.05655407979392415,0.029078845348487464,-276.3322448730469,65.36579895019531,137.76702880859375,29.653396606445312,5.172717571258545,18.838350296020508,10.699810981750488,14.097311019897461,8.001632690429688,13.128129959106445,5.274345874786377,12.697388648986816,1.3050644397735596,10.7540922164917,-5.797513484954834,7.872305870056152,-6.616230487823486,8.52669906616211,-0.7408565878868103,8.515113830566406,-4.336388111114502,7.347880840301514,-4.0742974281311035,6.745495796203613,-9.40993595123291,7.138525009155273,0.30754679441452026,0.3001580536365509,0.03856997936964035,0.01964256726205349,0.011364662297079223,0.20122336502743912,music/Dionne Warwicke - If We Only Have Love.mp3,1,84.0,3,Dionne Warwicke,If We Only Have Love,charted,,chart_51_100,0.3132752304664488
30.0,30.0,92.28515625,A# major,2126.835174361038,829.4517525988464,4461.289689858262,2398.607770733194,0.09527417823626161,0.056134834671417805,-105.19725799560547,70.37430572509766,108.92030334472656,33.03003692626953,-3.2075765132904053,22.18593406677246,18.019500732421875,15.142477035522461,10.360790252685547,13.372496604919434,-0.05593794211745262,11.750214576721191,-3.6423845291137695,9.12446403503418,-6.210133075714111,9.875744819641113,-4.273571491241455,9.318408012390137,-4.100870132446289,10.059389114379883,-9.335627555847168,8.599210739135742,4.196563720703125,8.734766006469727,-6.0916290283203125,7.571800708770752,0.38345104455947876,0.28945887088775635,0.12578478455543518,0.05116109177470207,-0.02325938949772769,0.146820311537508,music/HARDY Featuring Lauren Alaina & Devin Dawson - One Beer.mp3,1,33.0,25,HARDY Featuring Lauren Alaina & Devin Dawson,One Beer,charted,,chart_21_50,0.5735985672887791
30.0,30.0,129.19921875,A# minor,2942.583911624481,539.7640155560797,6589.368488323577,2911.433993622387,0.13119648558436534,0.04248273225536679,-134.4353485107422,35.41645812988281,74.63032531738281,14.68836498260498,11.428930282592773,14.318815231323242,16.96098518371582,11.680228233337402,-0.3034055829048157,10.361230850219727,9.491769790649414,7.830132484436035,-4.2226243019104,8.288320541381836,0.7369533777236938,6.523038864135742,-2.275576114654541,5.6799845695495605,7.94867467880249,6.083105087280273,-2.4215798377990723,6.346224784851074,5.390654563903809,5.724076747894287,-2.4111151695251465,4.969285011291504,0.4198063015937805,0.2874451279640198,0.05919232591986656,0.01252184808254242,-0.003812578104353508,0.11892601390095887,music/Real Life - Send Me An Angel.mp3,1,29.0,19,Real Life,Send Me An Angel,charted,,chart_21_50,0.6011379823912673
30.0,30.0,112.34714673913044,C major,2416.3878226015286,997.053739630672,5331.07609704552,2549.9265354668214,0.10966033463138544,0.06893826659687406,-90.26777648925781,105.64702606201172,93.59453582763672,33.67744827270508,4.376555442810059,16.032989501953125,14.064462661743164,14.498092651367188,4.020883560180664,11.359246253967285,4.084078311920166,11.521770477294922,-0.35417068004608154,9.508391380310059,1.3850862979888916,10.5581693649292,-1.4857776165008545,8.815970420837402,1.9743390083312988,8.999003410339355,-5.962048053741455,6.54770565032959,-1.810046672821045,7.053110599517822,-1.5581094026565552,6.595480918884277,0.41981804370880127,0.3084087371826172,0.16159625351428986,0.10885902494192123,0.07888548892756786,0.11502907276206603,music/Beyonce - XO.mp3,1,45.0,10,Beyonce,XO,charted,,chart_21_50,0.5
30.0,30.0,112.34714673913044,A# major,2224.9511728524662,530.9728755537207,5109.527436719959,2518.791176639677,0.09006861636513158,0.03972471394140942,-132.7223663330078,51.955894470214844,97.43460845947266,17.661638259887695,4.181421279907227,23.256399154663086,19.98607063293457,13.81095027923584,1.7660616636276245,12.537620544433594,16.464887619018555,8.92166805267334,-4.698406219482422,9.311049461364746,9.77353572845459,6.8951416015625,-2.751164436340332,6.938167572021484,2.450517177581787,6.7677788734436035,-5.12027645111084,7.310816764831543,0.10178709775209427,5.881259441375732,-2.4730310440063477,6.047495365142822,0.3945983648300171,0.29310768842697144,0.09214538335800171,0.03570598363876343,0.012161593603363916,0.11502655875888283,music/Londonbeat - I've Been Thinking About You.mp3,1,1.0,19,Londonbeat,I've Been Thinking About You,charted,,top20,1.0
30.0,30.0,123.046875,F# minor,1990.3968098634336,719.5811302627112,4168.333127993179,2249.1478397891196,0.08011478388641641,0.05554466164363014,-186.75650024414062,68.18395233154297,92.09840393066406,28.64992904663086,-2.8044426441192627,24.90288543701172,51.541385650634766,14.58607292175293,18.365772247314453,12.76564884185791,9.705061912536621,10.977115631103516,-0.9135987758636475,8.791504859924316,9.069049835205078,8.691620826721191,-5.074554443359375,8.611100196838379,2.3564841747283936,9.476934432983398,-1.6205956935882568,7.603673934936523,2.3714704513549805,9.078763961791992,8.587553977966309,8.45180892944336,0.40004488825798035,0.30494850873947144,0.08615249395370483,0.03535080328583717,-0.03777271572777794,0.12224570691114658,music/Tony Joe White - I Get Off On It.mp3,1,79.0,5,Tony Joe White,I Get Off On It,charted,,chart_51_100,0.3342809765510541
30.0,30.0,117.45383522727273,D# major,2362.8042694442997,511.1732037305898,4606.597144537297,2236.6085163461853,0.12665720842202013,0.03584726494880199,-62.28727722167969,38.88310623168945,91.14179229736328,20.630706787109375,-24.22845458984375,18.68986701965332,45.02214431762695,10.37333869934082,5.2880730628967285,6.657497882843018,8.097872734069824,8.535594940185547,-1.0785754919052124,9.759464263916016,10.54669189453125,5.615302562713623,-1.3949742317199707,7.087761878967285,7.463186264038086,7.086712837219238,-3.178340196609497,6.7443623542785645,5.1575026512146,5.48801851272583,-2.3845269680023193,6.988968849182129,0.48785993456840515,0.262925922870636,0.12879464030265808,0.031121734529733658,0.028426116086710775,0.10845409835095103,music/Little Caesar - Chain Of Fools.mp3,1,88.0,4,Little Caesar,Chain Of Fools,charted,,chart_51_100,0.296922350079181
30.0,30.0,92.28515625,C# major,2198.2791079671542,386.48042625836126,4432.773195626935,2162.5676515595073,0.11660171367066563,0.028512961786521625,-121.77452850341797,32.00316619873047,101.36058807373047,18.29810333251953,-24.927701950073242,18.2867488861084,43.02216339111328,13.96672248840332,-5.454340934753418,9.54739761352539,10.653799057006836,7.305900573730469,0.4499364197254181,8.259407043457031,5.538684368133545,6.63804817199707,-3.341116189956665,7.599536418914795,5.375096797943115,7.017375946044922,-5.0937180519104,6.774238109588623,2.7799196243286133,5.968112945556641,-5.931588649749756,5.7237043380737305,0.4228490889072418,0.28122711181640625,0.0733070969581604,0.016843771561980247,-0.0011321445481144257,0.09666378135528961,music/Billy Squier - Don't Say You Love Me.mp3,1,58.0,15,Billy Squier,Don't Say You Love Me,charted,,chart_51_100,0.4309098170205039
30.0,30.0,83.35433467741936,C major,1789.2520184927114,673.3139104084903,3950.4761120114163,2210.1101614648614,0.05707750822368421,0.032363709098616925,-84.23021697998047,62.75469207763672,107.52545928955078,31.27855682373047,6.26602029800415,25.837451934814453,36.77173614501953,16.704858779907227,0.7977903485298157,19.331392288208008,13.962163925170898,12.615631103515625,0.5217593312263489,12.0911865234375,11.745759010314941,12.223803520202637,0.30914679169654846,10.497649192810059,7.950700283050537,10.838618278503418,1.8096933364868164,10.042901992797852,4.447205543518066,9.74839973449707,3.494044542312622,10.030879974365234,0.42595577239990234,0.29845696687698364,0.2633601427078247,0.09804902970790863,0.016982861162284,0.13528818218343514,music/Ludacris Featuring Miguel - Good Lovin.mp3,1,91.0,2,Ludacris Featuring Miguel,Good Lovin,charted,,chart_51_100,0.28490305806580574
30.0,30.0,161.4990234375,E minor,2193.114011651557,888.744995915422,4928.861862513303,2595.5727633340293,0.0752236569998065,0.04603692894663688,-156.16293334960938,55.794471740722656,95.59908294677734,26.77994155883789,19.986434936523438,20.82082748413086,24.69021224975586,14.119773864746094,4.919487476348877,13.107038497924805,4.181811809539795,13.016094207763672,2.5452558994293213,11.963909149169922,6.35079288482666,9.971735000610352,-3.116671323776245,8.687204360961914,12.741897583007812,10.616076469421387,-5.631153583526611,8.256867408752441,-0.06612979620695114,7.189559459686279,-5.0436859130859375,7.023752689361572,0.34460148215293884,0.3059435188770294,0.11177369952201843,0.050347257405519485,-0.026406851227194533,0.17852330005041153,music/Dido - Thank You.mp3,1,3.0,39,Dido,Thank You,charted,,top20,0.8933996418221948
30.0,30.0,112.34714673913044,C major,1795.6520099043341,718.2950262750652,4087.0836192978427,2332.189022489209,0.061753594838428794,0.037456429122228914,-239.65530395507812,58.52677536010742,113.67117309570312,26.553138732910156,17.037334442138672,17.25567626953125,24.559648513793945,12.922088623046875,8.73551082611084,9.950705528259277,20.6619930267334,9.67587661743164,-11.561468124389648,8.041704177856445,14.890459060668945,9.734503746032715,-15.410295486450195,7.4573974609375,-4.397073745727539,8.497681617736816,-7.400228977203369,7.405383110046387,-3.3316967487335205,6.460415363311768,-12.576130867004395,6.458911895751953,0.30662834644317627,0.29580894112586975,0.053102828562259674,0.01667848415672779,0.06197305680149258,0.2199085306468019,"music/Kenny Rogers & The First Edition - Ruby, Don't Take Your Love To Town.mp3",1,6.0,13,Kenny Rogers & The First Edition,"Ruby, Don't Take Your Love To Town",charted,,top20,0.8314500343841895
30.0,30.0,112.34714673913044,E major,1748.7691770143174,476.91486345034497,3479.845624516254,1928.226458500054,0.08243034055727554,0.029050097952158963,-216.5074462890625,33.901180267333984,125.16706085205078,25.00198745727539,-26.725582122802734,20.081872940063477,17.58599281311035,12.54641342163086,-14.757866859436035,8.694433212280273,-2.8062539100646973,9.867659568786621,-2.5044031143188477,10.779132843017578,-7.808837890625,6.601339340209961,-17.332387924194336,7.495054721832275,-4.908754825592041,7.354838848114014,-4.75760555267334,8.032883644104004,-8.90544319152832,7.2209553718566895,-9.465104103088379,6.6311845779418945,0.32334354519844055,0.29962652921676636,0.04536612331867218,0.016472626477479935,-0.004761675565649116,0.15505715070179146,music/Tracy Chapman - Talkin' Bout A Revolution.mp3,1,75.0,4,Tracy Chapman,Talkin' Bout A Revolution,charted,,chart_51_100,0.351575335559677
30.0,30.0,129.19921875,E major,3119.092798086066,984.2483602575238,6724.75933630031,2945.9497839374476,0.14703047902960525,0.099654881501246,-104.13336944580078,56.725128173828125,66.5902328491211,26.6993350982666,8.769296646118164,26.312095642089844,2.995681047439575,16.097951889038086,-1.7595504522323608,23.287744522094727,6.674916744232178,12.61876106262207,-4.334379196166992,10.883214950561523,9.5994873046875,11.273433685302734,-2.4010965824127197,8.744516372680664,4.4682440757751465,9.67117691040039,3.7348201274871826,10.273929595947266,2.2284631729125977,8.173670768737793,2.3870718479156494,7.3320817947387695,0.4589369595050812,0.30632585287094116,0.11681683361530304,0.056127484887838364,0.000726487230047464,0.13058271773623778,music/Wiz Khalifa - We Dem Boyz.mp3,1,43.0,20,Wiz Khalifa,We Dem Boyz,charted,,chart_21_50,0.5114957895408028
30.0,30.0,129.19921875,G major,4255.239279517982,641.7879836585346,8515.231842891351,3392.758282993685,0.2315533995259288,0.07669801502151619,-52.1159553527832,26.445281982421875,42.72462463378906,15.17293930053711,39.16315460205078,15.355711936950684,14.45811653137207,10.706974029541016,-0.8341814875602722,8.067591667175293,-2.3108303546905518,9.40447998046875,5.591838359832764,8.303373336791992,7.250069618225098,8.218610763549805,-2.8689446449279785,7.7159929275512695,8.343953132629395,7.560727119445801,-7.9937424659729,8.757363319396973,4.79041862487793,7.384675979614258,-3.730276107788086,6.535142421722412,0.3819623589515686,0.28607580065727234,0.1369645893573761,0.0331285260617733,0.015691744353043866,0.12271486857740552,music/Bardeux - Magic Carpet Ride.mp3,1,81.0,7,Bardeux,Magic Carpet Ride,charted,,chart_51_100,0.32580013753675796
30.0,30.0,95.703125,D# minor,1781.7306679264395,575.1527746916958,3550.945194586881,1995.7027275185644,0.09306066176470588,0.04057555068154777,-92.06893157958984,75.07897186279297,125.70648956298828,33.4576530456543,-17.036893844604492,24.435304641723633,18.187955856323242,12.52823257446289,0.60921710729599,11.004356384277344,11.064600944519043,9.118820190429688,-3.594203233718872,8.435826301574707,6.797023296356201,6.567667007446289,-1.5598680973052979,8.813297271728516,7.962919235229492,8.715601921081543,6.141230583190918,7.334253311157227,1.4342803955078125,6.6325788497924805,-5.92011022567749,6.76959753036499,0.4014156460762024,0.2843075394630432,0.15085667371749878,0.04841747134923935,0.019655122733311905,0.09345233961949177,music/Lynyrd Skynyrd - Double Trouble.mp3,1,80.0,3,Lynyrd Skynyrd,Double Trouble,charted,,chart_51_100,0.33002713759165114
30.0,30.0,143.5546875,G# major,2990.2274818287883,490.4531099433538,6498.3440387359715,2889.6025947889993,0.13335293512964397,0.04139657693363424,38.73353958129883,30.75167465209961,63.39178466796875,17.182357788085938,-2.2690420150756836,13.01801586151123,24.222190856933594,15.640363693237305,10.33797836303711,11.28294563293457,8.575370788574219,14.795245170593262,15.482860565185547,9.540072441101074,5.7681684494018555,8.93967342376709,7.547152996063232,7.680446624755859,6.407678604125977,8.50317668914795,1.8486709594726562,7.591294288635254,9.209634780883789,7.188144207000732,-1.7539578676223755,7.739278793334961,0.4292750656604767,0.2864398658275604,0.3739769458770752,0.06079679727554321,0.002533336186501718,0.13109447848455294,music/Lulu And The Luvers - Shout.mp3,1,94.0,6,Lulu And The Luvers,Shout,charted,,chart_51_100,0.2730824731036602
30.0,30.0,103.359375,A# major,1528.2197370844638,411.616317417546,2945.715520994582,1582.1080558920082,0.08575193800793343,0.02912106004327785,-164.5023193359375,47.07417678833008,140.96824645996094,24.24864387512207,-40.57676315307617,17.331995010375977,33.81265640258789,16.503875732421875,-5.90484094619751,12.564403533935547,-5.150058269500732,10.649593353271484,-9.59353256225586,9.644051551818848,-6.097894191741943,8.002622604370117,-10.154452323913574,9.996620178222656,1.2099519968032837,8.221480369567871,-7.205058574676514,8.449740409851074,-5.1324782371521,7.204944133758545,-0.989252507686615,7.9255242347717285,0.2972046136856079,0.29210740327835083,0.09418756514787674,0.03993239998817444,0.015877694110736744,0.20726492823997808,music/Al Martino - Think I'll Go Somewhere And Cry Myself To Sleep.mp3,1,30.0,8,Al Martino,Think I'll Go Somewhere And Cry Myself To Sleep,charted,,chart_21_50,0.5940779295570057
30.0,30.0,95.703125,C# minor,2526.856647913254,823.0901969209859,5824.256448184743,2738.6273841385982,0.07142095890576626,0.05555889743373821,-77.7270736694336,57.25434112548828,57.77155685424805,25.16783905029297,23.193008422851562,22.692977905273438,50.26717758178711,21.195152282714844,7.573565483093262,16.428388595581055,21.72430419921875,12.232259750366211,1.9714652299880981,12.22429370880127,14.207469940185547,11.157210350036621,2.4430675506591797,10.19862174987793,10.117941856384277,8.805341720581055,2.0375967025756836,9.709672927856445,8.720155715942383,7.939834117889404,0.506561279296875,7.695340633392334,0.42518261075019836,0.3147696554660797,0.2926138639450073,0.06550392508506775,0.014277373987495741,0.14943799392274335,music/Ol' Dirty Bastard - Shimmy Shimmy Ya.mp3,1,62.0,15,Ol' Dirty Bastard,Shimmy Shimmy Ya,charted,,chart_51_100,0.41128027968233555
30.0,30.0,95.703125,C major,2869.167851867659,1079.675661919626,6384.70305924076,2946.1006249949237,0.1162366365131579,0.08431794740134296,-121.78959655761719,54.140716552734375,76.52320861816406,29.705415725708008,16.422788619995117,23.876209259033203,22.975053787231445,14.905546188354492,7.9239583015441895,10.079200744628906,1.9221248626708984,14.05042839050293,7.601851940155029,11.051810264587402,-0.7628475427627563,9.185654640197754,3.7177000045776367,8.970672607421875,1.4760081768035889,9.135296821594238,-0.2108936607837677,7.2710676193237305,-2.6419591903686523,8.78366756439209,-4.892174243927002,7.67900276184082,0.34652090072631836,0.2968970537185669,0.11370072513818741,0.04004230350255966,0.14023151411623253,0.20875769925068055,music/Taylor Swift - Fifteen.mp3,1,23.0,21,Taylor Swift,Fifteen,charted,,chart_21_50,0.6464466094067263
30.0,30.0,129.19921875,C# minor,2796.992826472426,750.4722613787661,6127.629613728715,2717.855169356296,0.12870292545472137,0.07301455872438699,-70.69723510742188,59.14466857910156,66.05968475341797,24.872406005859375,10.06000804901123,20.242633819580078,36.701236724853516,19.038915634155273,5.08634090423584,12.686965942382812,11.979744911193848,10.255847930908203,-4.192371368408203,11.356966018676758,12.065757751464844,8.047837257385254,-2.6278698444366455,9.245877265930176,8.532864570617676,9.870321273803711,-1.1115199327468872,9.161745071411133,0.22632601857185364,7.786491394042969,-4.825028896331787,7.348865032196045,0.4039578437805176,0.2909795641899109,0.16793029010295868,0.06476682424545288,0.030251394667345298,0.1268140823308979,music/America - You Can Do Magic.mp3,1,8.0,20,America,You Can Do Magic,charted,,top20,0.8005689911956335
30.0,30.0,117.45383522727273,A# major,1412.533108837143,576.4572874913895,3067.673116867018,1698.7302988209608,0.05546413929469814,0.03334171936033452,-132.60330200195312,34.120323181152344,135.64125061035156,28.18999671936035,-9.739856719970703,18.246370315551758,56.8255615234375,17.954984664916992,-21.509618759155273,12.980135917663574,17.27173614501953,12.069826126098633,-2.252220392227173,10.586636543273926,1.9242085218429565,9.390892028808594,-4.939054012298584,9.40542984008789,3.7648229598999023,9.23805046081543,-11.107336044311523,7.242398738861084,-6.956806659698486,8.1692476272583,-7.782493591308594,7.880624294281006,0.2486715465784073,0.302266925573349,0.20425622165203094,0.046994537115097046,0.02194496904083715,0.1908263534266269,music/Shelby Flint - Angel On My Shoulder.mp3,1,22.0,12,Shelby Flint,Angel On My Shoulder,charted,,chart_21_50,0.6545753601461213
30.0,30.0,78.30255681818181,F# major,1768.8143870224937,947.6470681387369,3555.1285026243227,2064.068911536722,0.07684307275541796,0.046339506974629,-100.22125244140625,65.10635375976562,139.55825805664062,49.503501892089844,-2.0745980739593506,24.87984848022461,4.270531177520752,15.778829574584961,16.14886474609375,14.056357383728027,-2.011866807937622,11.518567085266113,-4.839314937591553,15.46435832977295,-1.68604576587677,11.466176986694336,-20.065656661987305,11.952605247497559,5.354276180267334,11.508781433105469,-8.214343070983887,9.677411079406738,1.6076749563217163,10.385735511779785,2.1452810764312744,8.288288116455078,0.28821292519569397,0.2920991778373718,0.20666055381298065,0.05987481772899628,-0.10128077697698726,0.1538359455607281,music/Big Sean Featuring Kanye West & John Legend - One Man Can Change The World.mp3,1,82.0,10,Big Sean Featuring Kanye West & John Legend,One Man Can Change The World,charted,,chart_51_100,0.3215994747000318
30.0,30.0,184.5703125,G# minor,2586.6487056305873,580.4990330316112,5184.9686472039475,2394.353555066352,0.12347506591041021,0.04582815654035333,-23.417945861816406,38.135902404785156,80.16837310791016,21.673049926757812,-21.323251724243164,20.107629776000977,22.169658660888672,14.924951553344727,-11.14763069152832,12.811534881591797,1.9924291372299194,11.558713912963867,-6.823456764221191,10.78686237335205,2.3023061752319336,9.04501724243164,-4.186720848083496,9.303923606872559,5.667967796325684,11.253067016601562,-9.063460350036621,8.48962688446045,0.8650501370429993,8.22986888885498,-8.083958625793457,8.314188003540039,0.3613075911998749,0.2957015037536621,0.20790359377861023,0.04601040482521057,0.0576596305094129,0.11411363750141101,music/The Bobbettes - I Shot Mr. Lee.mp3,1,52.0,8,The Bobbettes,I Shot Mr. Lee,charted,,chart_51_100,0.46169457807604497
30.0,30.0,103.359375,F major,1670.2168083468412,626.9391565432505,3394.8044720818016,1786.7811727057644,0.07642508586493808,0.03607111322694492,-76.31002044677734,65.52505493164062,128.1538543701172,41.37541580200195,-22.745391845703125,22.878156661987305,29.120845794677734,21.1730899810791,-9.263118743896484,23.541044235229492,5.558125972747803,16.00406265258789,-2.242349624633789,14.807787895202637,10.47742748260498,14.167705535888672,-14.933442115783691,13.000061988830566,2.6186907291412354,11.334451675415039,-2.259072780609131,10.141350746154785,-7.312032699584961,12.477139472961426,0.7187601327896118,11.702981948852539,0.33742859959602356,0.30652984976768494,0.25391560792922974,0.0719456672668457,0.042116660854847,0.15237383321827985,music/Ben E. King - Here Comes The Night.mp3,1,81.0,2,Ben E. King,Here Comes The Night,charted,,chart_51_100,0.32580013753675796
30.0,30.0,123.046875,G# major,1713.688817476029,427.0816218357875,3367.8713016096654,2017.173460025145,0.07440733540537926,0.02228373969033007,-130.7352294921875,42.59467697143555,123.65859985351562,23.405797958374023,-11.510427474975586,14.140355110168457,18.40996551513672,14.29052448272705,-3.161987781524658,12.312919616699219,4.3036603927612305,9.701212882995605,-10.069896697998047,9.445987701416016,-0.043285761028528214,8.044356346130371,-13.796683311462402,8.481673240661621,-2.0422449111938477,8.863603591918945,-3.6795401573181152,8.190794944763184,-1.5269763469696045,7.783177852630615,-4.502525329589844,7.844997882843018,0.31264039874076843,0.30085477232933044,0.10685545951128006,0.03079853020608425,0.005746769427624889,0.12700946584455025,music/Dion - Ruby Baby.mp3,1,2.0,13,Dion,Ruby Baby,charted,,top20,0.9246221638555591
30.0,30.0,107.666015625,D major,1935.235019953751,636.9275741079747,4154.00821461397,2391.4419627579887,0.07473461989647832,0.026957845915469812,-62.2252311706543,37.338111877441406,114.88008880615234,27.501445770263672,1.755615472793579,18.40265655517578,15.564501762390137,13.718514442443848,11.545138359069824,11.856034278869629,-3.103104591369629,9.943623542785645,-3.805187225341797,9.625240325927734,-0.24873650074005127,9.75191593170166,-8.607267379760742,8.294365882873535,-2.8617019653320312,8.76552677154541,-7.396882057189941,7.449488162994385,-2.0835304260253906,6.8109049797058105,-6.619932651519775,6.326729774475098,0.30330780148506165,0.3013463616371155,0.22417466342449188,0.05449577420949936,0.005624945303229203,0.18761622367192426,music/John Travolta - All Strung Out On You.mp3,1,34.0,8,John Travolta,All Strung Out On You,charted,,chart_21_50,0.5669872981077807
30.0,30.0,135.99917763157896,C# major,1505.8489427526624,922.2960307840344,3088.0146605311534,1959.425175987208,0.06116743058243034,0.0583473610408331,-140.44947814941406,58.88090133666992,139.1439208984375,43.53302764892578,8.289676666259766,22.28250503540039,30.20180320739746,16.970062255859375,9.113235473632812,14.8232421875,-2.342608690261841,11.612107276916504,-0.6231356859207153,11.590842247009277,0.758228600025177,10.511693000793457,1.1126837730407715,11.08124828338623,3.66563081741333,8.633282661437988,-0.3369077444076538,9.022330284118652,4.490760803222656,7.976322650909424,-1.655821442604065,7.949484825134277,0.3938876986503601,0.2960483729839325,0.15609212219715118,0.04769038408994675,-0.009555379539946304,0.17966607533955864,music/Tyrone Davis - I Had It All The Time.mp3,1,61.0,9,Tyrone Davis,I Had It All The Time,charted,,chart_51_100,0.4161257918788578
30.0,30.0,103.359375,D# major,2871.8735457936896,819.3593140582755,6685.2512418670185,2936.79646965899,0.1190639058871904,0.07397381373467353,-168.759033203125,29.29656219482422,81.5206069946289,21.790616989135742,10.075645446777344,16.60970115661621,8.133820533752441,10.609792709350586,20.774921417236328,7.471995830535889,4.3925395011901855,6.932806491851807,-14.278867721557617,7.559815406799316,23.09343910217285,6.089751243591309,-3.4816908836364746,7.2243194580078125,4.978847503662109,6.022719383239746,-0.9536576867103577,6.268712043762207,-6.327255725860596,5.942274570465088,-10.22747802734375,5.450777530670166,0.4110298156738281,0.28914859890937805,0.05082765221595764,0.010072678327560425,0.014222653963515235,0.1473694174605738,music/The James Gang - Walk Away.mp3,1,51.0,10,The James Gang,Walk Away,charted,,chart_51_100,0.4669982091109739
30.0,30.0,112.34714673913044,C major,1421.7907104295216,228.089313795567,3110.6811901364163,1421.6448142297395,0.08029845624516253,0.021747390715252994,-236.49859619140625,35.12404251098633,185.19192504882812,12.694851875305176,-70.39656829833984,18.87981414794922,69.90217590332031,14.352828979492188,-26.455821990966797,11.782296180725098,5.554464340209961,7.954797267913818,11.044158935546875,7.692939758300781,-23.582107543945312,7.87224006652832,18.356908798217773,7.145896911621094,-16.82777976989746,7.981729030609131,6.035242557525635,6.287160396575928,0.6009971499443054,7.711228370666504,-10.789857864379883,6.662072658538818,0.4189611077308655,0.273300439119339,0.047727763652801514,0.013979591429233551,0.04162207427068858,0.08615601546923773,music/Belouis Some - Some People.mp3,1,67.0,6,Belouis Some,Some People,charted,,chart_51_100,0.3876275643042055
30.0,30.0,123.046875,C major,1914.9777818265516,724.6679629640178,4050.550506875242,2244.9801452847178,0.08236798265770123,0.04345591558984306,-127.074462890625,79.02245330810547,116.22283935546875,33.517539978027344,-2.6088149547576904,19.34315299987793,17.38275146484375,17.292926788330078,11.555377006530762,11.10073184967041,5.565308570861816,9.283392906188965,-8.533062934875488,11.013782501220703,4.429284572601318,9.045390129089355,-8.804615020751953,8.452863693237305,0.9714170098304749,7.473056316375732,-3.3174996376037598,7.518880367279053,0.46592774987220764,6.865190505981445,-4.145443439483643,6.894294738769531,0.3849324882030487,0.29715898633003235,0.1177898421883583,0.05037505179643631,0.06368126267865215,0.15872729608628672,music/Wilson Pickett - Mr. Magic Man.mp3,1,98.0,1,Wilson Pickett,Mr. Magic Man,charted,,chart_51_100,0.25761441040631483
30.0,30.0,151.99908088235293,F# major,2565.658708520212,874.9740824484188,5697.690546844766,2770.216767013486,0.0972220122629644,0.0535296823921668,-18.334688186645508,56.28879165649414,84.31785583496094,24.991470336914062,11.912979125976562,18.888713836669922,27.945308685302734,13.211775779724121,12.873700141906738,9.653325080871582,4.71835470199585,10.83133316040039,4.238391399383545,8.307330131530762,6.554447174072266,8.179766654968262,-0.3157360851764679,7.903210163116455,9.830342292785645,8.834179878234863,-0.5014777183532715,8.068665504455566,4.668061256408691,6.775387763977051,-1.2986795902252197,8.163567543029785,0.4077118933200836,0.29128405451774597,0.2762868404388428,0.06866376101970673,-0.07149796080846973,0.22331951841527584,music/Matt Stell - Everywhere But On.mp3,1,48.0,12,Matt Stell,Everywhere But On,charted,,chart_21_50,0.48323559086808754
30.0,30.0,129.19921875,C# major,2739.4563303737896,905.7800580892442,5919.239207170327,2724.8813748518223,0.11199743312209752,0.05853842283689928,-132.20201110839844,61.28105545043945,71.6807632446289,29.86023712158203,14.869807243347168,22.647865295410156,36.71231460571289,15.665075302124023,4.921358108520508,9.991959571838379,12.363137245178223,11.058635711669922,0.4944353997707367,9.132729530334473,6.8735222816467285,8.06434154510498,0.5530321002006531,7.3173828125,3.040968418121338,6.646401882171631,-5.4892168045043945,7.4515380859375,-1.0566515922546387,7.336723804473877,-7.388021945953369,7.435299873352051,0.32757851481437683,0.295038640499115,0.09245124459266663,0.034261554479599,-0.005525990329177679,0.1427519159350337,music/Mary Hopkin - Temma Harbour.mp3,1,39.0,8,Mary Hopkin,Temma Harbour,charted,,chart_21_50,0.5353398113577075
30.0,30.0,75.99954044117646,A# minor,2363.648982688258,1181.136964527149,5223.243415761658,2613.3780045722237,0.08402594693304953,0.07688318243472739,-217.48655700683594,76.76473999023438,83.76164245605469,40.914161682128906,31.2811222076416,20.750465393066406,35.917091369628906,19.90407943725586,6.395924091339111,12.500768661499023,12.666961669921875,11.43317699432373,-1.9164276123046875,8.288535118103027,-0.7513856887817383,8.495545387268066,-5.73514986038208,8.293902397155762,5.614071369171143,7.97495698928833,-9.980998992919922,8.030449867248535,-1.7318874597549438,8.218382835388184,-3.33939790725708,7.355553150177002,0.3642346262931824,0.3110359311103821,0.0711059421300888,0.03666722774505615,0.012452549724554776,0.19506012377395973,music/Sheila E. - Hold Me.mp3,1,68.0,10,Sheila E.,Hold Me,charted,,chart_51_100,0.3830058199773533
30.0,30.0,117.45383522727273,A major,1327.3256129462638,749.367036055246,2859.049378386223,2143.5439623291354,0.0274374758126935,0.018272792868845793,-121.6105728149414,58.82298278808594,129.47659301757812,36.04330825805664,36.500953674316406,17.790721893310547,31.67945098876953,16.763370513916016,19.931930541992188,14.017057418823242,9.660446166992188,10.057096481323242,7.491085529327393,9.961912155151367,12.986087799072266,10.067729949951172,0.47682085633277893,10.502618789672852,8.827066421508789,7.697214126586914,0.1544937938451767,7.861533164978027,5.780278205871582,7.816416263580322,3.395545244216919,7.263700485229492,0.4483471214771271,0.28830888867378235,0.3220820128917694,0.07273558527231216,0.016314807713647465,0.21000474206312558,music/Mac Miller - I Can See.mp3,1,68.0,1,Mac Miller,I Can See,charted,,chart_51_100,0.3830058199773533
30.0,30.0,161.4990234375,A# major,3045.1198957202296,699.2897978652381,6823.683738117986,2947.608937521614,0.13225694780379257,0.07016388005276764,-111.18952941894531,44.90867614746094,64.69320678710938,17.152624130249023,8.915432929992676,24.35264778137207,12.854621887207031,15.521355628967285,4.404252052307129,13.722853660583496,4.352804183959961,11.516487121582031,5.974440574645996,10.961867332458496,3.7384073734283447,8.685722351074219,-9.175418853759766,8.346358299255371,7.729174613952637,7.57967472076416,-10.08195972442627,8.795177459716797,2.8474514484405518,7.0223870277404785,-2.0467898845672607,6.300346851348877,0.3246787488460541,0.30875787138938904,0.10851316154003143,0.04216857627034187,0.0008179000875915626,0.17609465884402087,music/Irma Thomas - Wish Someone Would Care.mp3,1,17.0,12,Irma Thomas,Wish Someone Would Care,charted,,top20,0.6984886554222364
30.0,30.0,143.5546875,C major,3280.559276298049,737.8888359738828,6854.283553085091,2903.1911975993444,0.17744337146865324,0.06619399270528871,-52.09803009033203,27.2266788482666,62.964542388916016,22.18171501159668,2.258385419845581,16.373029708862305,20.34017562866211,13.039961814880371,-0.7919215559959412,11.226743698120117,-0.6880363821983337,9.704487800598145,3.8292441368103027,8.103160858154297,8.033605575561523,8.238134384155273,-4.1378326416015625,8.177236557006836,6.6716179847717285,7.515492916107178,6.250946521759033,7.8897576332092285,5.1543049812316895,6.201188564300537,-2.2805511951446533,7.357216835021973,0.47780269384384155,0.2767241299152374,0.1141384094953537,0.024472709745168686,0.01738098629820464,0.08868833433460845,music/Frank Zappa - Valley Girl.mp3,1,32.0,12,Frank Zappa,Valley Girl,charted,,chart_21_50,0.5803139701677411
30.0,30.0,151.99908088235293,A# major,2192.2341355583762,495.7848311564181,4053.025491909346,2036.8270092981334,0.13194780379256965,0.044982335823551774,-6.634053707122803,40.389015197753906,101.43010711669922,24.772085189819336,-40.50593948364258,16.81865692138672,18.038097381591797,12.091476440429688,-6.975092887878418,10.444491386413574,-0.28177064657211304,9.627243041992188,-14.645055770874023,8.749987602233887,-5.816918849945068,6.484867572784424,-15.01864242553711,7.691946983337402,-3.5181374549865723,6.747920513153076,-11.679583549499512,7.586024761199951,0.6568078398704529,6.804491996765137,-5.6084980964660645,7.858763217926025,0.41455456614494324,0.2897040843963623,0.2365800142288208,0.0528673492372036,-0.0060175086086949655,0.11700554390663435,music/The Bell Notes - Shortnin' Bread.mp3,1,96.0,2,The Bell Notes,Shortnin' Bread,charted,,chart_51_100,0.2653077329434267
30.0,30.0,123.046875,A# major,1896.3037569214123,949.0062683893017,4106.366836028203,2346.754457088023,0.05799964928405573,0.058322370663695194,-165.10020446777344,74.8631362915039,97.35018157958984,39.09458541870117,12.965067863464355,30.111454010009766,33.609920501708984,17.242551803588867,14.075077056884766,13.39112663269043,20.02650260925293,11.613937377929688,9.15408706665039,10.206329345703125,9.00829029083252,9.086261749267578,1.333738923072815,9.110137939453125,13.248083114624023,9.263086318969727,-1.4042326211929321,8.902249336242676,4.5837483406066895,7.427730560302734,-1.378258466720581,7.77665376663208,0.475029855966568,0.29820841550827026,0.14907680451869965,0.07263575494289398,-0.0027004015013244362,0.10336583842475043,music/Cee Farrow - Should I Love You.mp3,1,82.0,6,Cee Farrow,Should I Love You,charted,,chart_51_100,0.3215994747000318
30.0,30.0,112.34714673913044,F# minor,3220.430859743763,1179.288243333064,6444.436031376983,2768.3978792678336,0.17102353122581268,0.12310594050960873,-109.588623046875,117.97406005859375,45.3792724609375,38.994163513183594,-3.9576494693756104,26.792896270751953,13.561809539794922,26.359336853027344,0.37879911065101624,19.750728607177734,4.666732311248779,19.458276748657227,2.1329586505889893,13.261792182922363,1.64792799949646,13.741884231567383,-6.539961338043213,11.940845489501953,4.851567268371582,10.950204849243164,-7.25537109375,11.88764476776123,-0.42009028792381287,9.557814598083496,0.6992642283439636,11.229339599609375,0.40967661142349243,0.32870444655418396,0.18014603853225708,0.11279270797967911,0.007795825138055757,0.11290151881942158,music/Glee Cast - Kiss.mp3,1,83.0,1,Glee Cast,Kiss,charted,,chart_51_100,0.31742466283267246
30.0,30.0,99.38401442307692,D major,3333.915472103777,813.3698603286354,6077.763248597136,2506.108817612792,0.212027440499226,0.08428229258344151,-243.9248809814453,59.54343795776367,41.06454086303711,29.736751556396484,-13.085082054138184,26.586057662963867,35.750694274902344,21.21430015563965,-2.812361478805542,16.849328994750977,14.303789138793945,14.475227355957031,-3.9726736545562744,11.62820816040039,-3.5122289657592773,10.788351058959961,-3.675766944885254,10.681428909301758,5.974970817565918,10.130167007446289,-10.970457077026367,8.382543563842773,-1.0264981985092163,7.1136794090271,-6.882913589477539,8.676362037658691,0.3730122745037079,0.30785709619522095,0.025793923065066338,0.012852676212787628,-0.013799922041260973,0.09973371922355652,music/Mag 7 - The Street Mix.mp3,1,93.0,5,Mag 7,The Street Mix,charted,,chart_51_100,0.2770011945187788
30.0,30.0,112.34714673913044,G major,2607.0688103955445,908.0384408824673,5544.4664733697755,2612.1482170557974,0.11379031721652477,0.06229513010736907,-67.02178192138672,55.04034423828125,77.03093719482422,28.045673370361328,4.088940143585205,17.818374633789062,32.40697479248047,12.087065696716309,10.05134391784668,11.803292274475098,19.05864906311035,9.666661262512207,2.77418851852417,8.568863868713379,11.229333877563477,7.010694980621338,-4.686485767364502,7.78416633605957,3.778264284133911,6.644821643829346,-2.172546863555908,6.364996910095215,1.1178531646728516,6.391347885131836,-1.1145869493484497,5.948958873748779,0.38369420170783997,0.2996109426021576,0.1707124561071396,0.05123457312583923,-0.027679783731690204,0.11618483683785667,"music/The Beatles - Ob-la-di, Ob-la-da.mp3",1,49.0,7,The Beatles,"Ob-la-di, Ob-la-da",charted,,chart_21_50,0.47776703213290644
30.0,30.0,135.99917763157896,B major,2647.327305751876,1084.3864511244865,5807.0648854731035,2794.1692143000214,0.10807984532217492,0.08892008041465253,-77.5660629272461,54.73495101928711,80.98561096191406,35.02989196777344,12.03170394897461,26.742870330810547,6.167766094207764,18.392675399780273,7.556268692016602,18.406021118164062,3.703911781311035,18.208953857421875,-0.6396420001983643,13.752275466918945,5.75330924987793,12.768248558044434,-1.4468923807144165,10.719246864318848,4.099854946136475,12.357381820678711,-1.9832353591918945,9.267875671386719,4.7778239250183105,10.16482162475586,-5.492528438568115,9.22835922241211,0.3819666802883148,0.31363558769226074,0.24528595805168152,0.14317244291305542,-0.03606415707866594,0.13645177105663975,music/Justin Bieber Featuring Burna Boy - Loved By You.mp3,1,87.0,1,Justin Bieber Featuring Burna Boy,Loved By You,charted,,chart_51_100,0.3009747045804682
30.0,30.0,89.10290948275862,F# minor,3389.115360250574,1043.421683361314,7164.823341960139,3026.53350933288,0.1529741316756966,0.11830773921611529,-43.01692581176758,72.57749938964844,46.380619049072266,26.223960876464844,18.846351623535156,23.26653480529785,28.99151611328125,18.340595245361328,11.485974311828613,13.724370956420898,5.566486358642578,11.4531831741333,-4.7559027671813965,12.48383903503418,7.068037986755371,11.340391159057617,-2.120366334915161,9.654033660888672,4.645968914031982,10.151168823242188,0.4487043023109436,9.131842613220215,3.555596113204956,9.548154830932617,-2.9323511123657227,9.427535057067871,0.48036450147628784,0.2998489439487457,0.2547595500946045,0.12372421473264694,-0.02382514209711071,0.08403061664952538,music/Tyrese - I Like Them Girls.mp3,1,48.0,19,Tyrese,I Like Them Girls,charted,,chart_21_50,0.48323559086808754
30.0,30.0,92.28515625,A# major,1850.005105469337,592.6948506158218,3676.0027717141543,1925.3007072527712,0.0852534527380031,0.040852333291771015,-169.18228149414062,72.2575454711914,108.96138763427734,28.739986419677734,-21.843461990356445,21.182029724121094,39.14716339111328,15.937360763549805,-4.649482250213623,11.22998332977295,8.088194847106934,10.085676193237305,-3.0073211193084717,11.059579849243164,-5.498081207275391,8.839942932128906,-1.7345529794692993,9.140932083129883,-1.887735366821289,8.655962944030762,-9.263855934143066,8.358156204223633,-0.8590248227119446,9.442065238952637,-11.84559440612793,10.082368850708008,0.2745644152164459,0.304222047328949,0.09670370817184448,0.03319475054740906,-0.000544331095388747,0.18752663159455274,music/Doris Day - Love Me In The Daytime.mp3,1,100.0,1,Doris Day,Love Me In The Daytime,charted,,chart_51_100,0.25
30.0,30.0,99.38401442307692,D# minor,2321.166095371901,536.6864402057051,5130.1439787212175,2556.15566301138,0.09460298048084366,0.03310995829689001,-201.2039337158203,29.175228118896484,93.38504028320312,17.67311668395996,1.1021761894226074,15.725851058959961,25.867570877075195,11.433311462402344,4.235378742218018,9.615547180175781,11.373318672180176,7.879832744598389,0.80758136510849,6.848114967346191,8.846281051635742,6.855684280395508,2.395203113555908,6.765559673309326,9.91054630279541,6.340875625610352,-0.05083109065890312,6.0433807373046875,2.8270740509033203,5.889401912689209,-1.3373234272003174,6.072177886962891,0.41413477063179016,0.2878822088241577,0.03563142567873001,0.0065284245647490025,0.013359065204330953,0.07293533103158877,music/Device - Hanging On A Heart Attack.mp3,1,35.0,14,Device,Hanging On A Heart Attack,charted,,chart_21_50,0.5604754635042337
30.0,30.0,135.99917763157896,F major,2201.973215069155,616.9250790849898,4625.322031310468,2487.750182541738,0.10178358709849071,0.043775286362443634,-28.22586441040039,43.6393928527832,104.49861907958984,20.653377532958984,-1.8746651411056519,20.03421974182129,11.210686683654785,12.579965591430664,2.586829900741577,10.504634857177734,0.6768646836280823,9.815980911254883,1.7886981964111328,9.645049095153809,4.6721673011779785,7.888008117675781,-4.112967014312744,8.164554595947266,3.1756269931793213,6.591491222381592,-3.0561554431915283,6.680469989776611,-0.09426010400056839,6.729086399078369,-4.643477916717529,5.908384323120117,0.3978617787361145,0.28601887822151184,0.22279241681098938,0.07379705458879471,0.048604280470362984,0.13207030562958638,music/The Who - Squeeze Box.mp3,1,16.0,16,The Who,Squeeze Box,charted,,top20,0.7080628959394288
30.0,30.0,107.666015625,G# major,2776.739234050785,1020.9280883813176,6038.513485935081,2659.902721001453,0.12509901678599072,0.0593251047590911,-47.18660354614258,54.18687438964844,88.7009506225586,47.15003967285156,-17.94659423828125,30.749544143676758,-6.756482124328613,16.56203842163086,6.306798934936523,13.281107902526855,0.009584598243236542,11.532002449035645,-1.9618728160858154,11.6099214553833,8.107963562011719,10.615663528442383,3.2632787227630615,12.230944633483887,8.433445930480957,9.971837043762207,-1.086237907409668,10.115397453308105,4.53142786026001,8.444807052612305,-0.7247024178504944,10.521821975708008,0.31988856196403503,0.31035712361335754,0.21407681703567505,0.06156085059046745,0.0017031313097773057,0.18603578925770667,music/Hikaru Utada & Skrillex - Face My Fears.mp3,1,98.0,1,Hikaru Utada & Skrillex,Face My Fears,charted,,chart_51_100,0.25761441040631483
30.0,30.0,143.5546875,A major,2992.6824836942565,762.4959249099733,6135.912896974168,2749.6447748208498,0.15060528734520123,0.06685851961596742,-76.15608978271484,53.217445373535156,66.17813110351562,22.94656753540039,7.304967403411865,17.715883255004883,34.224456787109375,14.557356834411621,1.7008602619171143,14.472338676452637,8.212409973144531,9.165826797485352,-1.871555209159851,10.13581371307373,-1.2787286043167114,9.400016784667969,-1.24880051612854,8.40438461303711,4.404351234436035,8.866934776306152,-9.65048885345459,8.75429630279541,2.743954658508301,7.3624067306518555,-3.841564178466797,6.86482048034668,0.36041656136512756,0.2874346375465393,0.11956920474767685,0.03278127685189247,-0.02113343702019428,0.15609974249184214,music/Yankee Grey - All Things Considered.mp3,1,55.0,20,Yankee Grey,All Things Considered,charted,,chart_51_100,0.4460882905930027
30.0,30.0,123.046875,B major,2201.0941633399016,698.4845586004868,4956.345029659685,2654.9027228088657,0.07713256458010836,0.04787575648316571,-171.35060119628906,40.307037353515625,95.35929107666016,24.171140670776367,8.430134773254395,13.641423225402832,31.81673240661621,19.895933151245117,24.97195053100586,13.606110572814941,2.5579311847686768,10.67970085144043,0.13966809213161469,9.086250305175781,6.779457092285156,7.718162536621094,-0.9100444912910461,7.709959506988525,1.957610845565796,7.623118877410889,-2.3904178142547607,7.026249885559082,2.4626314640045166,6.263036251068115,-3.1399176120758057,6.650575160980225,0.40119773149490356,0.2887858748435974,0.06810746341943741,0.015481709502637386,-0.06990032866820127,0.154322278285343,music/Lifehouse - Hanging By A Moment.mp3,1,2.0,54,Lifehouse,Hanging By A Moment,charted,,top20,0.9246221638555591
30.0,30.0,107.666015625,F major,2801.043013559106,834.2751569788483,5674.457353999371,2618.7939831953045,0.14162801736648606,0.07121409809843399,-32.470218658447266,59.24042892456055,70.65736389160156,25.61903190612793,-5.051654815673828,22.11192512512207,33.87410354614258,15.166422843933105,8.895538330078125,10.502413749694824,8.578360557556152,7.819263458251953,1.7265326976776123,7.544923782348633,5.731451511383057,8.396976470947266,-3.164306163787842,6.957424640655518,1.3026177883148193,6.445688247680664,-3.605929136276245,7.044688701629639,-0.016757551580667496,6.2631144523620605,-8.93309211730957,5.859497547149658,0.39101263880729675,0.289539098739624,0.19192855060100555,0.058158017694950104,0.06911382957076452,0.14547937713870304,music/Billy Squier - Eye On You.mp3,1,71.0,8,Billy Squier,Eye On You,charted,,chart_51_100,0.36934377611310876
30.0,30.0,135.99917763157896,B major,2007.7213726622315,650.4973050411229,4557.130776986987,2554.145616171095,0.07017417884094428,0.032192795726361335,-75.72900390625,62.60622024536133,104.9348373413086,28.384063720703125,12.144243240356445,19.054964065551758,19.136951446533203,18.56684684753418,18.218595504760742,13.584214210510254,3.65146803855896,17.479625701904297,1.0230909585952759,9.713847160339355,6.8183112144470215,13.744020462036133,-1.3791999816894531,10.700504302978516,5.6414642333984375,8.583464622497559,0.46415233612060547,10.288131713867188,1.3497174978256226,10.534296989440918,0.7327316999435425,8.314202308654785,0.35467076301574707,0.2990306615829468,0.2497054934501648,0.10021942108869553,-0.05785496774513875,0.15195425823596723,music/Justin Bieber Featuring Dominic Fike - Die For You.mp3,1,81.0,1,Justin Bieber Featuring Dominic Fike,Die For You,charted,,chart_51_100,0.32580013753675796
30.0,30.0,135.99917763157896,C# major,1269.01105777196,707.6136718415208,2251.861383302293,1858.8586977003893,0.04777068619388545,0.0483755628592948,-178.18063354492188,50.016204833984375,146.62152099609375,34.69766616821289,25.126754760742188,14.644150733947754,21.48292350769043,13.102150917053223,-3.9221203327178955,13.381704330444336,2.46671986579895,10.561441421508789,-1.4632974863052368,9.21412181854248,6.427295207977295,10.775684356689453,-16.116823196411133,10.396286010742188,0.03571156784892082,8.816317558288574,0.372336745262146,8.52135944366455,0.3607569932937622,7.880585193634033,1.183892011642456,9.191248893737793,0.32247981429100037,0.30000293254852295,0.13520389795303345,0.05061769858002663,-0.009214971698713888,0.18959429406497366,music/Elvis Presley With The Jordanaires - Crying In The Chapel.mp3,1,3.0,14,Elvis Presley With The Jordanaires,Crying In The Chapel,charted,,top20,0.8933996418221948
30.0,30.0,161.4990234375,C# major,1204.99313600636,543.8578289723685,2196.5033847112036,1852.1319759031492,0.04266981000870743,0.03242394216671488,-245.7323455810547,71.468017578125,137.77989196777344,25.112781524658203,16.455673217773438,19.6740779876709,27.980607986450195,14.821084976196289,11.44060230255127,15.26449203491211,15.470251083374023,10.694954872131348,4.949326038360596,11.838072776794434,9.215078353881836,8.83802604675293,-8.47603988647461,9.009232521057129,-1.6838537454605103,10.002506256103516,-3.1311612129211426,8.579448699951172,3.319319725036621,9.040738105773926,-1.1924567222595215,7.644648551940918,0.310484379529953,0.30778732895851135,0.08196050673723221,0.04538347199559212,-0.03393502845852794,0.195438258551726,music/Elvis Presley With The Jordanaires - You Don't Know Me.mp3,1,44.0,6,Elvis Presley With The Jordanaires,You Don't Know Me,charted,,chart_21_50,0.5057144733879194
30.0,30.0,143.5546875,A major,1932.3935043452468,812.995230998907,4341.732079473442,2449.674473317132,0.06086735681114551,0.04018865727465443,-174.44320678710938,83.47264099121094,102.94684600830078,30.520170211791992,15.620927810668945,18.41990089416504,37.54022216796875,13.517545700073242,14.287744522094727,11.675902366638184,4.719337463378906,9.686474800109863,5.80174446105957,9.102400779724121,0.865868330001831,9.011259078979492,-4.440898418426514,9.145126342773438,6.41856050491333,10.218986511230469,-3.9538257122039795,8.292060852050781,8.257747650146484,7.8573408126831055,-3.965069055557251,7.154399871826172,0.37491682171821594,0.29175108671188354,0.09817751497030258,0.03480787202715874,-0.004275344704805884,0.2440850600092364,music/Dierks Bentley - Say You Do.mp3,1,52.0,18,Dierks Bentley,Say You Do,charted,,chart_51_100,0.46169457807604497
30.0,30.0,123.046875,F major,1735.5764731147287,585.9726148382274,3336.304825821159,1837.55581613528,0.09305839420472137,0.04212326404061356,-128.21237182617188,68.34248352050781,128.8043212890625,30.94544792175293,-25.769283294677734,17.04570198059082,21.501937866210938,13.682501792907715,-7.847205638885498,14.604985237121582,5.623144149780273,9.296069145202637,-14.257165908813477,10.101255416870117,-0.43639183044433594,9.528182983398438,-8.916868209838867,8.432682991027832,-1.0409361124038696,8.341423034667969,-7.818785667419434,9.479970932006836,0.2337699830532074,7.541446208953857,-3.56638503074646,7.574428081512451,0.3377511203289032,0.29372265934944153,0.11366279423236847,0.0474703386425972,0.0352078926886188,0.14385799292319015,music/The Mills Brothers - The Ol' Race Track.mp3,1,83.0,2,The Mills Brothers,The Ol' Race Track,charted,,chart_51_100,0.31742466283267246
30.0,30.0,151.99908088235293,A# minor,2394.811412326843,1100.4011626160402,5428.542174348152,2715.5524971698865,0.05894786728424923,0.03488857605677671,-49.42567825317383,57.190757751464844,93.57389068603516,38.438751220703125,21.64754867553711,24.886545181274414,2.6155574321746826,20.536579132080078,6.9086103439331055,17.910940170288086,10.360190391540527,11.6478910446167,-4.154191493988037,14.19792652130127,18.092056274414062,10.57484245300293,-5.947197914123535,10.079490661621094,11.667067527770996,10.788025856018066,7.695093154907227,10.73157787322998,10.408526420593262,9.096920013427734,4.4865498542785645,9.166291236877441,0.4200955927371979,0.2866051197052002,0.35990068316459656,0.05998672544956207,0.002883771659703947,0.13937411703689911,music/Lil Uzi Vert - Dark Queen.mp3,1,91.0,2,Lil Uzi Vert,Dark Queen,charted,,chart_51_100,0.28490305806580574
30.0,30.0,151.99908088235293,B major,2000.7680834931937,368.5533409097064,4100.250206347959,2112.6760130642147,0.09565172697368421,0.03110484517525005,-53.8282356262207,45.039493560791016,107.83062744140625,15.662036895751953,-29.20524787902832,18.0086669921875,26.626256942749023,14.421038627624512,-6.653308868408203,14.110384941101074,20.488780975341797,9.450732231140137,-4.726358890533447,10.660568237304688,20.402647018432617,8.396711349487305,-7.5961761474609375,8.407931327819824,16.474578857421875,7.708221912384033,-2.315495252609253,9.130767822265625,12.65250015258789,7.13557767868042,-5.138418674468994,7.906554698944092,0.38661494851112366,0.2904109060764313,0.1830292046070099,0.042805034667253494,-0.010752747470540721,0.10260755902538454,music/Four Tops - Ain't That Love.mp3,1,93.0,1,Four Tops,Ain't That Love,charted,,chart_51_100,0.2770011945187788
30.0,30.0,112.34714673913044,G major,1944.4340271399535,716.5471264049307,4476.131266779944,2350.5610579194654,0.06478721217105263,0.04449043153539549,-183.69464111328125,56.25099563598633,102.04833984375,27.242584228515625,15.875089645385742,19.34454345703125,30.200706481933594,15.991561889648438,-4.757846355438232,14.761492729187012,12.262317657470703,11.809306144714355,-10.614121437072754,12.122916221618652,0.7260889410972595,11.959455490112305,-12.2390775680542,10.854432106018066,-9.640480995178223,11.326589584350586,-4.448884963989258,9.783936500549316,-1.7641905546188354,8.599907875061035,-6.103432655334473,10.873605728149414,0.2508620023727417,0.3032609522342682,0.09651441127061844,0.03804440423846245,0.0379378002479382,0.1724218808042627,music/Andy Williams - The Wonderful World Of The Young.mp3,1,99.0,1,Andy Williams,The Wonderful World Of The Young,charted,,chart_51_100,0.25379749275536345
30.0,30.0,95.703125,F minor,2082.282157391389,689.3745666159613,4783.537741268382,2484.9389428694735,0.07350522445820433,0.047450134615224286,-70.84347534179688,50.21282196044922,89.88352966308594,23.645727157592773,24.68880844116211,14.031558990478516,42.249019622802734,10.752717971801758,-3.5229032039642334,10.52524185180664,13.076017379760742,8.96076774597168,2.5082030296325684,7.722387313842773,8.137178421020508,7.518455505371094,-9.512046813964844,7.241087913513184,-3.9018449783325195,7.790121078491211,-16.684715270996094,9.500640869140625,1.8965981006622314,7.932448863983154,-3.49479341506958,7.33119010925293,0.2822476625442505,0.3067805767059326,0.2550133466720581,0.05117040500044823,0.03846382611740487,0.1318283461782665,music/Scott McKenzie - Like An Old Time Movie.mp3,1,24.0,7,Scott McKenzie,Like An Old Time Movie,charted,,chart_21_50,0.6385005972593895
30.0,30.0,172.265625,F major,2687.8469058802784,952.874144084683,6027.346886791312,2789.279171932539,0.10053718496033281,0.0634304359548362,-131.8695831298828,50.584774017333984,77.69082641601562,29.267948150634766,19.102989196777344,21.695541381835938,26.72977638244629,16.248842239379883,9.720367431640625,12.937545776367188,6.8018107414245605,10.890318870544434,-7.579127788543701,8.936127662658691,11.98434829711914,9.671449661254883,-0.9720376133918762,14.230103492736816,11.494013786315918,9.647379875183105,-0.32391121983528137,9.492531776428223,0.4869827926158905,7.920205593109131,-2.8574414253234863,11.914752006530762,0.38634389638900757,0.2940671145915985,0.10587892681360245,0.03123631328344345,0.07049453043981502,0.1139701686963284,music/Keith Sweat (Duet With Jacci McGhee) - Make It Last Forever.mp3,1,59.0,11,Keith Sweat (Duet With Jacci McGhee),Make It Last Forever,charted,,chart_51_100,0.4259395027129505
30.0,30.0,129.19921875,E major,2425.23392964641,853.8018780458626,5467.650271200174,2688.9774092468388,0.07303054856811146,0.06371140092587815,-61.105003356933594,59.78142547607422,75.11898040771484,33.72297286987305,0.8800029158592224,28.86004066467285,8.86866569519043,19.72035026550293,11.637988090515137,15.518939971923828,8.686985969543457,13.219461441040039,-2.936192750930786,15.766605377197266,9.78774642944336,14.283164024353027,2.8248250484466553,11.26784610748291,16.43002700805664,13.814128875732422,4.881722450256348,13.609076499938965,9.653167724609375,12.132944107055664,2.578305244445801,9.590487480163574,0.41291800141334534,0.30551621317863464,0.3492138385772705,0.1299898624420166,0.020798145515791584,0.1774460863517891,music/Meek Mill Featuring Cardi B - On Me.mp3,1,30.0,2,Meek Mill Featuring Cardi B,On Me,charted,,chart_21_50,0.5940779295570057
30.0,30.0,151.99908088235293,C major,2325.773677474212,671.0851374230582,4148.658246964493,2134.050577808813,0.13907020970394737,0.06292908617072583,-22.789867401123047,32.12139129638672,96.42585754394531,22.486835479736328,-35.342750549316406,19.61333465576172,17.90822410583496,12.160676956176758,-4.179614067077637,13.574610710144043,-6.038390159606934,10.596381187438965,-3.0490036010742188,10.17696475982666,3.23286771774292,9.722467422485352,-8.087730407714844,8.281145095825195,3.8205463886260986,8.437551498413086,2.5439600944519043,8.61743450164795,1.250100016593933,7.5356221199035645,-4.7033610343933105,9.073407173156738,0.36859044432640076,0.2934751808643341,0.21882586181163788,0.060653530061244965,0.03277289520298128,0.11934366828294482,music/Jackie Wilson - Am I The Man.mp3,1,32.0,10,Jackie Wilson,Am I The Man,charted,,chart_21_50,0.5803139701677411
30.0,30.0,172.265625,G# minor,2318.681874563069,1098.429215969695,4628.097014530525,2227.198388451143,0.11649853969136997,0.08320190742397218,-220.0105438232422,64.60233306884766,100.16289520263672,47.272064208984375,-3.2112550735473633,21.784317016601562,29.486799240112305,17.492284774780273,-7.426017761230469,14.952371597290039,19.666479110717773,10.87855052947998,-6.990983486175537,13.701383590698242,0.9409884810447693,9.154341697692871,-4.486313819885254,10.427838325500488,1.833543300628662,9.72952938079834,-9.050272941589355,9.123661994934082,3.6894829273223877,9.552835464477539,-6.309127330780029,8.685012817382812,0.37836262583732605,0.293459415435791,0.04384683072566986,0.014261509291827679,0.04754054739026365,0.17561547822108048,music/Genesis - That's All.mp3,1,6.0,20,Genesis,That's All,charted,,top20,0.8314500343841895
30.0,30.0,107.666015625,G major,3246.425838448685,852.1955425390813,7421.605122569175,3147.013624225332,0.14750704455301858,0.08364556419963981,-58.497005462646484,69.0458984375,61.01282501220703,26.457048416137695,16.55504035949707,25.299365997314453,7.015528202056885,21.49104881286621,1.6716943979263306,18.620574951171875,-5.535947799682617,21.121715545654297,-0.6122032999992371,13.684797286987305,3.3694043159484863,12.540730476379395,0.5466747879981995,11.05546760559082,6.304318904876709,10.948198318481445,-6.575136184692383,11.143959999084473,0.22297143936157227,9.324345588684082,-1.2035895586013794,8.591217041015625,0.4353445768356323,0.2956306040287018,0.19163113832473755,0.09025966376066208,-0.010336521623277346,0.09483011446545091,music/P!nk - There You Go.mp3,1,7.0,32,P!nk,There You Go,charted,,top20,0.8153627635310009
30.0,30.0,151.99908088235293,B major,2881.8100792048454,896.6375350177904,5291.401336953367,2422.8950330461053,0.20214050104005418,0.09877426393183476,-214.9496612548828,114.22064971923828,75.224853515625,38.8570556640625,0.9371678233146667,33.030479431152344,30.521272659301758,21.141386032104492,-13.135899543762207,16.64485740661621,19.03373908996582,16.430286407470703,-13.374377250671387,15.497942924499512,6.508056640625,11.146780967712402,4.242070198059082,15.761223793029785,-6.333559989929199,10.680962562561035,8.244240760803223,10.488497734069824,-1.420636773109436,8.657780647277832,-1.871109962463379,8.74502944946289,0.43894636631011963,0.3006187975406647,0.07989198714494705,0.08646953850984573,-0.002492777052248783,0.0826487154224067,music/One Direction - Steal My Girl.mp3,1,13.0,18,One Direction,Steal My Girl,charted,,top20,0.7388835160664532
30.0,30.0,161.4990234375,A major,3396.961753911147,968.0798320764462,7093.357107440015,2956.1259063488883,0.15950621613777088,0.10109622393411162,-94.20173645019531,75.99018096923828,51.91965103149414,28.308544158935547,11.93347454071045,22.163291931152344,23.340110778808594,18.928796768188477,12.092123031616211,13.293953895568848,6.903736591339111,13.272907257080078,0.05329011753201485,11.006397247314453,9.744725227355957,10.518387794494629,-15.90975284576416,15.606791496276855,10.654500961303711,10.511007308959961,-1.5964782238006592,10.956210136413574,6.643678665161133,9.013141632080078,-2.796396017074585,7.956616401672363,0.3922514021396637,0.29978859424591064,0.13566936552524567,0.06281758844852448,0.015945927900100767,0.18882670029712953,music/David Archuleta - Crush.mp3,1,2.0,23,David Archuleta,Crush,charted,,top20,0.9246221638555591
30.0,30.0,117.45383522727273,C major,1584.4592730204972,513.1705942152067,3270.371891175261,1868.79559775988,0.06917872000773993,0.032077785678368644,-100.91165924072266,52.44468688964844,130.0203094482422,29.00509262084961,-20.44971466064453,15.709989547729492,41.97060775756836,14.450550079345703,4.653913497924805,15.175747871398926,16.259244918823242,12.44182300567627,4.538035869598389,9.5238676071167,3.1235311031341553,7.520362854003906,-4.345378875732422,8.0997314453125,8.516725540161133,11.40822696685791,-3.6901042461395264,8.364970207214355,-0.34432145953178406,6.290986061096191,-3.493858575820923,7.118514537811279,0.3590138256549835,0.2937668561935425,0.18160384893417358,0.04142705351114273,0.06680758225865205,0.1292991283739177,music/Emitt Rhodes - Fresh As A Daisy.mp3,1,54.0,9,Emitt Rhodes,Fresh As A Daisy,charted,,chart_51_100,0.4512410696522893
30.0,30.0,151.99908088235293,A major,1652.2853519235462,618.4410035543534,3649.7862635751258,2273.8581424715703,0.05528802546923375,0.02598887291246684,-107.27740478515625,50.2105598449707,122.45624542236328,29.00887680053711,10.672220230102539,16.73259925842285,25.103219985961914,11.567709922790527,18.770343780517578,10.585615158081055,12.661247253417969,11.738018989562988,6.796420097351074,9.737710952758789,2.5477213859558105,8.894452095031738,0.9801846146583557,8.462037086486816,1.2404072284698486,8.534184455871582,-6.018120765686035,8.606621742248535,6.5860748291015625,7.872467041015625,-11.016600608825684,9.679137229919434,0.33272087574005127,0.29418161511421204,0.18659980595111847,0.0414341501891613,0.017865288476311664,0.21033774657850746,music/Sarah McLachlan - Adia.mp3,1,3.0,27,Sarah McLachlan,Adia,charted,,top20,0.8933996418221948
30.0,30.0,135.99917763157896,A# major,1899.1111093758318,477.8424861770849,3703.177607391641,2141.9000014696117,0.09201493868517802,0.0320168676841735,-69.35169219970703,46.424861907958984,112.94580841064453,21.931163787841797,-17.930374145507812,16.663238525390625,23.555137634277344,15.282315254211426,11.620473861694336,13.824044227600098,4.892513275146484,11.299640655517578,1.7435938119888306,9.850696563720703,10.639216423034668,8.485939979553223,-3.0179595947265625,8.233267784118652,8.253470420837402,8.661210060119629,-1.4618040323257446,9.45748233795166,3.97639536857605,7.388063430786133,5.193329811096191,8.113603591918945,0.37723037600517273,0.2912827134132385,0.17949974536895752,0.055845342576503754,0.020291155764572664,0.18440885274295382,music/Alan Jackson - That'd Be Alright.mp3,1,29.0,20,Alan Jackson,That'd Be Alright,charted,,chart_21_50,0.6011379823912673
30.0,30.0,123.046875,G# major,1457.8961891833374,673.3202066203172,3202.4389686230165,2049.886442910591,0.04130549475135449,0.022877121195709973,-248.57456970214844,78.30176544189453,119.12268829345703,28.843759536743164,11.799299240112305,23.348989486694336,40.28049850463867,10.90207290649414,16.27467155456543,13.851069450378418,16.177087783813477,10.374954223632812,3.77119779586792,8.583888053894043,5.12930154800415,9.666338920593262,0.7552220821380615,6.914133548736572,3.9826157093048096,8.548477172851562,-2.387711524963379,8.667339324951172,-0.9039879441261292,8.983548164367676,-5.053065299987793,6.180369853973389,0.3079710602760315,0.31826072931289673,0.0757131278514862,0.04057566076517105,0.06344951791475283,0.1721687524244636,music/The Watts 103rd Street Rhythm Band - Till You Get Enough.mp3,1,67.0,5,The Watts 103rd Street Rhythm Band,Till You Get Enough,charted,,chart_51_100,0.3876275643042055
30.0,30.0,103.359375,G# minor,3398.7200615409624,491.71808904128346,7421.813454642754,3131.465871348781,0.15434600546633126,0.052038196471574726,-160.14788818359375,48.648983001708984,57.119232177734375,12.191387176513672,22.32445526123047,13.863608360290527,25.15576934814453,10.391733169555664,1.3423025608062744,12.022872924804688,4.921581745147705,12.21262264251709,0.7381183505058289,8.555265426635742,2.2523751258850098,9.010655403137207,-8.770316123962402,8.437291145324707,-1.2935938835144043,6.636494159698486,-4.607313632965088,8.061515808105469,1.0089532136917114,6.985896587371826,-5.069093227386475,7.225151538848877,0.38473498821258545,0.28850865364074707,0.04997523874044418,0.020589778199791908,0.05788791313088921,0.14460080614145226,music/Midge Ure - Dear God.mp3,1,95.0,5,Midge Ure,Dear God,charted,,chart_51_100,0.2691847640539306
30.0,30.0,129.19921875,A# major,2599.648459576511,364.71708544169485,4958.320017717202,2246.5146676986533,0.14498627370356038,0.038202282352857574,-63.59394454956055,38.48259353637695,72.84207916259766,17.11603546142578,-33.73435592651367,13.784001350402832,35.176822662353516,12.310028076171875,-5.671601295471191,12.099620819091797,8.1937837600708,7.996891975402832,-3.4587368965148926,9.594696044921875,15.01317024230957,7.665700912475586,0.14813393354415894,8.290301322937012,7.034719467163086,8.797869682312012,-2.3222124576568604,7.086841106414795,4.756911277770996,6.662282943725586,-1.127346396446228,6.570577144622803,0.40334537625312805,0.2956150770187378,0.131121426820755,0.032357338815927505,0.013792589780183875,0.12463389234270127,music/The Rationals - Respect.mp3,1,92.0,3,The Rationals,Respect,charted,,chart_51_100,0.2809412718383466
30.0,30.0,92.28515625,A major,1571.0640401699889,692.8850960517644,3291.746761924342,1994.9743448923705,0.05483715895897833,0.03263741994849046,-230.87672424316406,74.64246368408203,119.84870910644531,28.971778869628906,4.3611741065979,31.482297897338867,35.598140716552734,19.794862747192383,10.949115753173828,16.063430786132812,5.797460556030273,10.63818073272705,-2.5824224948883057,12.484662055969238,9.04944133758545,9.685917854309082,-4.426677703857422,11.053667068481445,6.812523365020752,11.1298246383667,1.8936185836791992,10.413582801818848,-5.39947509765625,10.106157302856445,-4.046954154968262,9.093066215515137,0.3653179705142975,0.3158794939517975,0.07716042548418045,0.04428551718592644,0.0243415572326347,0.19341026808814155,music/Natural Four - Love That Really Counts.mp3,1,98.0,2,Natural Four,Love That Really Counts,charted,,chart_51_100,0.25761441040631483
30.0,30.0,117.45383522727273,B major,2904.7955725481884,703.7826873137798,6378.911427595298,2851.6644137125745,0.12735901823722912,0.05555401554362668,-27.36225700378418,33.84071731567383,69.87820434570312,18.91403579711914,4.079730987548828,16.866857528686523,18.172452926635742,13.178466796875,8.22219181060791,10.91804313659668,8.800705909729004,9.300810813903809,0.5690135955810547,9.810577392578125,7.094771862030029,8.483924865722656,-3.047703742980957,9.979026794433594,4.804497718811035,8.510337829589844,-4.718364715576172,7.114076137542725,0.375242680311203,7.31997537612915,-6.875900745391846,6.8328680992126465,0.35384777188301086,0.2961795926094055,0.2081890106201172,0.051891546696424484,-0.05312930384477373,0.1428616456153566,music/Faith Hill - Sunshine And Summertime.mp3,1,70.0,10,Faith Hill,Sunshine And Summertime,charted,,chart_51_100,0.3738646675474586
30.0,30.0,151.99908088235293,D# major,1479.676549806594,704.9402828902641,2779.6831916360293,1721.5161696208472,0.07181778190305728,0.047316843906180336,-187.38819885253906,110.99622344970703,133.6968231201172,40.26673889160156,-7.914956092834473,27.953536987304688,19.40646743774414,22.806812286376953,-1.5550439357757568,20.919452667236328,-4.116616725921631,18.366342544555664,-7.8474440574646,12.983988761901855,-5.9577317237854,13.12908935546875,-11.944756507873535,14.90506649017334,-0.7333083152770996,10.496472358703613,-5.923676013946533,10.13443374633789,-7.480752944946289,11.011421203613281,0.3046834468841553,9.420422554016113,0.3525060713291168,0.3096807301044464,0.14797957241535187,0.10532715916633606,0.006194566516223557,0.13979759720803825,music/Dee Jay And The Runaways - Peter Rabbit.mp3,1,45.0,11,Dee Jay And The Runaways,Peter Rabbit,charted,,chart_21_50,0.5
30.0,30.0,92.28515625,G major,2195.0612928296364,542.4188491537941,4801.487632727844,2388.49705651521,0.09416798689047988,0.04074666542153116,-189.18609619140625,49.742279052734375,96.56195068359375,21.128530502319336,-12.435646057128906,15.580184936523438,28.496870040893555,8.099658012390137,7.568249225616455,8.843910217285156,18.085067749023438,7.104468822479248,-3.6420199871063232,7.268293380737305,10.687203407287598,5.631933212280273,0.13804875314235687,5.528578758239746,9.466354370117188,5.672768592834473,-3.7642242908477783,5.705410957336426,0.24470888078212738,5.711179733276367,-3.178457021713257,5.03464412689209,0.4451758861541748,0.27710384130477905,0.04862067103385925,0.019806891679763794,0.036398590922796265,0.11337236654238421,music/The 8th Day - If I Could See The Light.mp3,1,79.0,4,The 8th Day,If I Could See The Light,charted,,chart_51_100,0.3342809765510541
30.0,30.0,172.265625,E major,1864.1699188255482,570.6777094663221,3731.5357692470493,1962.0918619050508,0.09284675527283281,0.046015559654350134,-123.6456298828125,57.010765075683594,116.56072235107422,26.363290786743164,-27.1151065826416,20.444978713989258,38.707462310791016,10.979555130004883,-0.12924259901046753,11.086109161376953,8.845335960388184,9.205777168273926,-2.064662218093872,9.408289909362793,2.496919870376587,6.7302446365356445,-1.6953521966934204,6.500006675720215,2.755803108215332,6.94219970703125,-3.680964946746826,5.828417778015137,0.6225649118423462,5.922504425048828,-5.264975547790527,5.608007431030273,0.40550151467323303,0.2880774438381195,0.10543540120124817,0.04107315465807915,0.00010165033437336734,0.16505540010116496,music/Stevie Wonder - Heaven Help Us All.mp3,1,9.0,11,Stevie Wonder,Heaven Help Us All,charted,,top20,0.7867992836443896
30.0,30.0,107.666015625,A# minor,2783.129778639757,892.5715549060766,6973.874496601684,3057.9662956172074,0.10500276642318111,0.07479672425226713,-165.89675903320312,68.41659545898438,87.94477844238281,30.66722297668457,36.30023193359375,25.94220542907715,-15.340476989746094,23.073007583618164,-1.4892618656158447,16.4130859375,-2.275406837463379,13.586810111999512,-10.997325897216797,14.991267204284668,-1.4268872737884521,13.231393814086914,-19.28730583190918,12.552505493164062,7.904455661773682,9.574460983276367,-17.4763240814209,10.448567390441895,-7.170760154724121,11.38919734954834,-19.208492279052734,14.873913764953613,0.28141313791275024,0.30593541264533997,0.11012544482946396,0.05568542703986168,0.018535813894744516,0.19878809732872366,music/Remy Shand - Take A Message.mp3,1,89.0,6,Remy Shand,Take A Message,charted,,chart_51_100,0.2928932188134525
30.0,30.0,99.38401442307692,F# minor,1905.2970610035075,1117.4680800027054,4003.2757927389707,2215.740229926098,0.052736264633320436,0.05634856382448712,-108.77806091308594,97.3303451538086,100.36668395996094,48.276588439941406,12.073912620544434,34.66523361206055,29.10565948486328,22.75145721435547,9.210794448852539,23.275043487548828,8.739744186401367,14.418184280395508,-5.320873737335205,17.257173538208008,12.424346923828125,14.393924713134766,-0.6319344639778137,12.701173782348633,3.242144823074341,11.424800872802734,4.699840068817139,10.794666290283203,7.291908264160156,9.405508995056152,0.5826020836830139,9.66610336303711,0.4904940724372864,0.3037129342556,0.296302855014801,0.12471524626016617,-0.027245664723185868,0.12260963983928957,music/Drake - Right Hand.mp3,1,58.0,19,Drake,Right Hand,charted,,chart_51_100,0.4309098170205039
30.0,30.0,95.703125,A minor,3588.00223615168,790.6685630703216,7240.7812159866,2947.9102230399876,0.18368898751934984,0.09591973154226854,-104.46515655517578,56.12330627441406,40.997764587402344,27.021669387817383,0.5739083886146545,23.135215759277344,11.091216087341309,24.903121948242188,-8.197421073913574,17.04986572265625,7.949706077575684,15.230745315551758,-3.8647091388702393,14.49036979675293,7.561891555786133,13.608052253723145,-0.322228342294693,11.752851486206055,6.302117824554443,10.489937782287598,-4.309959411621094,8.340764999389648,4.262218952178955,8.2391939163208,-3.9533517360687256,7.652327060699463,0.4697609543800354,0.2957695424556732,0.09031792730093002,0.03196890279650688,-0.023470948299394057,0.06812816530460052,music/Chuckii Booker - Turned Away.mp3,1,42.0,14,Chuckii Booker,Turned Away,charted,,chart_21_50,0.5173463504182886
30.0,30.0,135.99917763157896,F major,1880.3735951164338,736.6878937390195,4071.8587113607778,2195.0747869953034,0.08392995356037151,0.05036294648412825,-125.88092803955078,56.13554382324219,119.01374053955078,30.83045768737793,5.801196098327637,25.169376373291016,24.121450424194336,15.381032943725586,-8.403656959533691,13.749947547912598,-0.7695335149765015,9.910639762878418,-14.311263084411621,11.888327598571777,6.723068714141846,9.914321899414062,-15.667146682739258,10.355562210083008,1.0631710290908813,9.622695922851562,-6.31702184677124,12.517845153808594,-0.04194163903594017,7.847283363342285,-7.307511329650879,7.78972864151001,0.3218895196914673,0.3012951612472534,0.13580317795276642,0.03426533564925194,0.04531779145764584,0.13528456573218242,music/Dorsey Burnette - (There Was A) Tall Oak Tree.mp3,1,23.0,15,Dorsey Burnette,(There Was A) Tall Oak Tree,charted,,chart_21_50,0.6464466094067263
30.0,30.0,86.1328125,G# major,1730.1404100362017,512.057495498652,3601.5948883151123,2042.0433028710866,0.07626938007933437,0.029218168340431363,-120.2433090209961,55.98802185058594,122.16241455078125,25.49845314025879,-13.722956657409668,16.7761287689209,31.903770446777344,14.016185760498047,7.130916118621826,12.155640602111816,10.543424606323242,10.791677474975586,-3.2882015705108643,8.86900520324707,2.99458646774292,7.477115154266357,-6.92230749130249,8.465958595275879,1.3348667621612549,8.317546844482422,-11.078659057617188,8.805428504943848,0.7756099700927734,7.974828720092773,-7.1521806716918945,6.5065765380859375,0.35565388202667236,0.28632694482803345,0.11422567814588547,0.035403672605752945,-0.022141612364233374,0.17511922389359516,music/Jim Croce - I Got A Name.mp3,1,10.0,17,Jim Croce,I Got A Name,charted,,top20,0.7738664915666773
30.0,30.0,135.99917763157896,G minor,3094.185585572063,1011.3118276042416,6289.670300557517,2760.3412954058113,0.14576442470491485,0.07837184747165146,-60.04030227661133,54.93166732788086,66.87615203857422,32.11924743652344,2.526516914367676,30.612035751342773,2.318849802017212,15.277254104614258,-12.422601699829102,17.665084838867188,-1.5129338502883911,15.510343551635742,-11.160282135009766,13.410879135131836,13.443558692932129,13.73199462890625,-4.446925640106201,10.192069053649902,2.792968273162842,10.371611595153809,-1.0266786813735962,10.21303653717041,2.9193367958068848,9.521096229553223,6.6199469566345215,9.749405860900879,0.3890816867351532,0.30683860182762146,0.19423280656337738,0.11993540823459625,-0.03869105382222158,0.17671300617568705,music/Lil Yachty Featuring Ugly God - Boom!.mp3,1,88.0,1,Lil Yachty Featuring Ugly God,Boom!,charted,,chart_51_100,0.296922350079181
30.0,30.0,112.34714673913044,G# minor,1431.4505756346357,580.7645159293282,3026.1067015467784,1979.3531607123907,0.04963839976780186,0.03047231173487854,-145.8837432861328,55.52719497680664,125.13489532470703,30.90591812133789,14.120945930480957,24.085060119628906,50.18489456176758,19.97040367126465,18.15665054321289,12.702452659606934,6.33743953704834,12.37232494354248,-4.291331768035889,11.86144733428955,5.8706440925598145,11.456682205200195,-9.266107559204102,8.756204605102539,12.006219863891602,12.425427436828613,-7.727766036987305,8.758340835571289,-0.18715590238571167,8.220600128173828,-5.194564342498779,8.940367698669434,0.37834882736206055,0.2984776794910431,0.16472116112709045,0.03243043273687363,0.020958879293906753,0.16194959119002536,music/Stevie Wonder - Superwoman (Where Were You When I Needed You).mp3,1,33.0,11,Stevie Wonder,Superwoman (Where Were You When I Needed You),charted,,chart_21_50,0.5735985672887791
30.0,30.0,117.45383522727273,G minor,3478.0382545121893,992.1578942445947,6709.867759680969,2744.0682208344206,0.20779617356811145,0.12414580103087922,-104.3746109008789,90.36244201660156,37.32746124267578,36.52634048461914,2.5554351806640625,21.506019592285156,28.75362205505371,20.406639099121094,-6.647720813751221,20.09033203125,13.451688766479492,15.375310897827148,-3.2102837562561035,14.700420379638672,8.232784271240234,12.502411842346191,-0.7832465171813965,9.976736068725586,5.168135643005371,10.394098281860352,1.653927206993103,9.545652389526367,5.536906719207764,8.618208885192871,-3.3947677612304688,7.471648693084717,0.5203223824501038,0.28665298223495483,0.1359740048646927,0.09717878699302673,-0.006530028108176816,0.0553965242868265,music/Tone-Loc - Funky Cold Medina.mp3,1,3.0,18,Tone-Loc,Funky Cold Medina,charted,,top20,0.8933996418221948
30.0,30.0,107.666015625,D# major,1866.5376336508439,936.0639468174386,4029.1589695602747,2396.6742357927615,0.05970258683243034,0.047515406041323004,-147.93836975097656,54.83247375488281,103.59781646728516,29.75821876525879,18.759103775024414,18.76495361328125,33.76598358154297,16.30597686767578,11.512373924255371,13.260333061218262,6.845799922943115,13.106619834899902,8.982758522033691,10.804393768310547,-4.483931541442871,14.231560707092285,3.485898017883301,10.652746200561523,-5.8505730628967285,9.873757362365723,-12.721684455871582,10.182656288146973,-6.475362300872803,9.569334983825684,-12.1144380569458,10.14283275604248,0.2609655559062958,0.2993513345718384,0.16259412467479706,0.05745754390954971,-0.009364274216870234,0.2114275734198882,music/Maren Morris Featuring Vince Gill - Dear Hate.mp3,1,91.0,1,Maren Morris Featuring Vince Gill,Dear Hate,charted,,chart_51_100,0.28490305806580574
30.0,30.0,103.359375,C major,1307.066288799895,347.9511261083308,2454.3768253857875,1694.7118461237096,0.056876451238390094,0.02029263598896846,-116.12924194335938,45.350765228271484,151.1457061767578,20.79551887512207,-12.10786247253418,16.85639762878418,24.504425048828125,18.344507217407227,-7.373932838439941,11.89091968536377,2.005094051361084,10.347232818603516,-3.6434171199798584,13.147199630737305,6.5721001625061035,9.65105152130127,-10.932074546813965,9.603495597839355,-3.385904312133789,11.107382774353027,-2.718467950820923,8.589933395385742,-1.4540417194366455,9.090266227722168,-8.961466789245605,7.818994998931885,0.3059687614440918,0.2919989228248596,0.17657779157161713,0.041212260723114014,0.05552024611350784,0.14212353215100645,music/Charlie Rich - There Won't Be Anymore.mp3,1,18.0,15,Charlie Rich,There Won't Be Anymore,charted,,top20,0.6892092197459694
30.0,30.0,198.76802884615384,D minor,2759.9257610427526,1223.5960849848068,5683.373966748501,2586.218554843923,0.13560386634094426,0.09562782850660015,-191.54806518554688,73.70579528808594,79.66282653808594,45.42607498168945,-3.241975784301758,25.028669357299805,15.579315185546875,17.16180419921875,14.677266120910645,13.711766242980957,14.094454765319824,13.11550235748291,-1.0469787120819092,10.106534004211426,12.83633041381836,9.89087200164795,2.4739718437194824,9.992292404174805,4.999780178070068,9.075658798217773,-1.6292582750320435,9.0192232131958,5.032145023345947,7.069713115692139,4.118913650512695,7.446047306060791,0.407031387090683,0.2934746742248535,0.05679328367114067,0.02993902936577797,-0.052696812557466,0.14720201263560637,music/Poco - Heart Of The Night.mp3,1,20.0,14,Poco,Heart Of The Night,charted,,top20,0.6714356296636146
30.0,30.0,117.45383522727273,D# major,2363.6063312080723,547.8995413240757,5249.7182556719235,2662.372236436737,0.0937473545133514,0.03385176658334394,-60.07114791870117,61.4696159362793,88.3927993774414,19.031715393066406,11.61900520324707,18.481510162353516,26.727705001831055,15.759845733642578,4.248311519622803,11.965865135192871,1.8295800685882568,13.54538345336914,7.197774887084961,9.813348770141602,7.812196731567383,9.541025161743164,6.728823184967041,10.069767951965332,0.6113506555557251,8.884757995605469,-0.3471474051475525,8.190470695495605,1.6502927541732788,9.656131744384766,-5.8555426597595215,7.8390421867370605,0.34591394662857056,0.30111780762672424,0.2194337099790573,0.09010261297225952,0.014965778675777742,0.19504060753282976,music/Dixie Chicks - I Can Love You Better.mp3,1,77.0,7,Dixie Chicks,I Can Love You Better,charted,,chart_51_100,0.34287125932722906
30.0,30.0,69.83741554054055,F major,3178.312757201393,606.614579869264,6649.826456075852,2865.2505379879485,0.15028480553405574,0.04504146376923933,-98.78945922851562,46.31150817871094,55.13715362548828,18.6673583984375,-2.9170162677764893,13.871794700622559,29.238969802856445,11.019723892211914,8.5214262008667,9.914445877075195,5.845652103424072,8.392803192138672,7.7607011795043945,7.718568801879883,9.063963890075684,7.490785121917725,3.5227367877960205,7.554557800292969,7.862618446350098,7.731897830963135,-2.1198196411132812,6.218350887298584,6.824549674987793,5.9885101318359375,0.3384588360786438,6.497742176055908,0.4181521534919739,0.2829008996486664,0.08582073450088501,0.01836019940674305,0.014825626939891638,0.09028300990417364,music/Selena Gomez & The Scene - Falling Down.mp3,1,82.0,7,Selena Gomez & The Scene,Falling Down,charted,,chart_51_100,0.3215994747000318
30.0,30.0,89.10290948275862,E minor,2893.699942278637,574.0414438338423,6062.838338846023,2635.3379729313983,0.13811367731714397,0.06495277787763327,-78.25144958496094,50.73027420043945,66.44955444335938,19.774747848510742,5.574331283569336,16.764968872070312,44.64718246459961,13.270673751831055,-7.366623401641846,13.081117630004883,25.393310546875,8.719720840454102,-4.5566911697387695,9.580038070678711,13.631295204162598,11.521744728088379,-7.440938949584961,9.044323921203613,7.787358283996582,8.995648384094238,-2.129857063293457,7.504593372344971,7.031156063079834,6.833272457122803,-2.822094678878784,5.912493705749512,0.40513190627098083,0.2949068546295166,0.1444862186908722,0.03821013122797012,0.02507358920733439,0.12275576395796024,music/Eddie Cochran - C'mon Everybody.mp3,1,35.0,12,Eddie Cochran,C'mon Everybody,charted,,chart_21_50,0.5604754635042337
30.0,30.0,107.666015625,F# minor,2084.1834819533874,665.7049050725618,4920.170248403638,2636.298881784604,0.06840170278637771,0.03615465488812582,-110.24983215332031,65.6181869506836,100.21209716796875,26.55678367614746,28.145771026611328,19.779029846191406,22.224098205566406,14.826327323913574,5.421504974365234,11.157679557800293,12.756854057312012,9.836542129516602,3.226421594619751,9.56956672668457,8.076366424560547,8.125964164733887,-0.7657057642936707,8.080255508422852,-0.05339225009083748,8.277422904968262,-3.627110004425049,7.764102458953857,-0.3210097849369049,7.887322902679443,-2.509192943572998,7.897686958312988,0.35915493965148926,0.29771336913108826,0.15640521049499512,0.05019867792725563,-0.05059814725993473,0.17670434500717944,music/B.E. Taylor Group - Karen.mp3,1,94.0,2,B.E. Taylor Group,Karen,charted,,chart_51_100,0.2730824731036602
30.0,30.0,117.45383522727273,G# major,3187.286161924247,888.477296054038,6620.909964263255,2892.581663177366,0.13832342661571206,0.0700094109922591,-124.15736389160156,67.94515991210938,53.63438415527344,25.00539207458496,21.85325050354004,31.015058517456055,38.74674987792969,13.7344331741333,9.6279935836792,15.385723114013672,8.43398666381836,15.306662559509277,5.059864521026611,13.279523849487305,12.28820514678955,11.503265380859375,-11.5368070602417,12.101181030273438,13.998762130737305,9.923666954040527,2.7763097286224365,9.564398765563965,6.046266555786133,7.8861894607543945,2.9919357299804688,7.909872531890869,0.46019694209098816,0.29190629720687866,0.10189732164144516,0.03445735201239586,0.015556962886410277,0.16368514409505713,music/Luke Featuring The 2 Live Crew - Banned In The U.S.A..mp3,1,20.0,16,Luke Featuring The 2 Live Crew,Banned In The U.S.A.,charted,,top20,0.6714356296636146
30.0,30.0,112.34714673913044,G# major,2498.7448435797633,617.8346804890169,5094.094196709317,2496.0252683199865,0.11707903504740712,0.052288865394004014,-66.02730560302734,58.861515045166016,82.84725952148438,26.138893127441406,-7.95891809463501,18.70123863220215,29.77398109436035,14.028531074523926,2.590606451034546,10.484550476074219,3.0684640407562256,10.282180786132812,3.683793783187866,8.948534965515137,0.47986170649528503,8.206218719482422,-2.8561670780181885,9.254474639892578,5.124285697937012,8.62237548828125,-0.7051188349723816,6.905344009399414,0.11086709052324295,6.430882453918457,-2.5377228260040283,7.363157749176025,0.4026857614517212,0.29436439275741577,0.1607319712638855,0.05521867424249649,0.0050326998975168446,0.1637864443931905,music/Etta James - Security.mp3,1,35.0,10,Etta James,Security,charted,,chart_21_50,0.5604754635042337
30.0,30.0,86.1328125,A major,1402.8147957285607,702.9842905213794,2763.7666212146864,1652.7675151758422,0.06003705193014706,0.04093239327670918,-191.18746948242188,62.10411834716797,147.38511657714844,37.1744499206543,-17.493473052978516,25.00530433654785,29.37209129333496,16.96196937561035,3.3204615116119385,17.225017547607422,0.7166906595230103,14.096811294555664,-12.674099922180176,11.082118034362793,0.03547661378979683,11.623259544372559,-20.330108642578125,11.321181297302246,-4.044363498687744,9.57008171081543,-5.145521640777588,10.872819900512695,-8.609159469604492,9.114652633666992,-9.213711738586426,8.282242774963379,0.3344997465610504,0.2983480989933014,0.0960749015212059,0.03738093003630638,0.026814810948121753,0.15825366585203818,music/Stan Kenton - Mama Sang A Song.mp3,1,32.0,9,Stan Kenton,Mama Sang A Song,charted,,chart_21_50,0.5803139701677411
30.0,30.0,95.703125,B minor,2229.364350244637,478.7342785509158,5017.136328729683,2545.2018493322335,0.07658683847716719,0.02818110469695355,-72.78624725341797,46.4301872253418,93.38713836669922,22.462526321411133,-3.901360034942627,11.988911628723145,15.927706718444824,15.196301460266113,-1.1541366577148438,10.165973663330078,6.975480079650879,11.848329544067383,2.489243745803833,9.97075366973877,0.3903048634529114,9.829326629638672,-7.033421039581299,6.455846309661865,1.4790343046188354,6.995460033416748,-3.9793002605438232,8.507972717285156,-1.2191351652145386,6.795417785644531,-4.295718669891357,6.397334098815918,0.29349198937416077,0.3066078722476959,0.18253424763679504,0.05419275537133217,0.00649120694602916,0.16494452433100815,"music/The Impalas - Oh, What A Fool.mp3",1,86.0,5,The Impalas,"Oh, What A Fool",charted,,chart_51_100,0.30505068857178835
30.0,30.0,143.5546875,C# major,1881.3988173696398,1105.8333072725027,3963.059369255515,2244.3274346357725,0.06948446267898607,0.05801131963204666,-231.48626708984375,73.28514862060547,112.36106872558594,45.84748458862305,17.718421936035156,24.927263259887695,23.451555252075195,16.23587989807129,6.433605670928955,13.892467498779297,8.992762565612793,13.343832015991211,13.596707344055176,11.826125144958496,-5.355742454528809,10.752017974853516,1.554255723953247,10.309542655944824,8.43772029876709,10.375282287597656,-3.656604766845703,9.620664596557617,9.647618293762207,10.121333122253418,-6.814962387084961,11.275182723999023,0.3240997791290283,0.3149045407772064,0.08289600163698196,0.03899531811475754,0.007052136973861151,0.17676591435380287,music/Wayne Newton And The Newton Brothers - Danke Schoen.mp3,1,13.0,12,Wayne Newton And The Newton Brothers,Danke Schoen,charted,,top20,0.7388835160664532
30.0,30.0,73.828125,G major,1741.1263554478533,388.86674170871163,3311.021645371759,1889.176046755846,0.08806976223877709,0.02244995893176034,-101.27214813232422,36.39265441894531,125.72566986083984,20.11905860900879,-28.350482940673828,17.87021827697754,16.4312801361084,16.650720596313477,-8.712007522583008,15.967455863952637,-7.640923023223877,10.646431922912598,-2.9641430377960205,11.976487159729004,7.648177623748779,9.325298309326172,-11.608100891113281,8.55532455444336,-3.5545976161956787,7.6081976890563965,-15.468807220458984,7.972541332244873,3.867368221282959,6.272039890289307,-1.3465286493301392,8.142949104309082,0.32091930508613586,0.2995043694972992,0.1356503665447235,0.03288517892360687,0.020916485281735685,0.16327912088040034,music/Fats Domino - Fell In Love On Monday.mp3,1,32.0,6,Fats Domino,Fell In Love On Monday,charted,,chart_21_50,0.5803139701677411
30.0,30.0,143.5546875,A# major,2763.720442519924,704.6663733411694,5611.749399852458,2522.676476589146,0.15261396756482198,0.06211864128897074,-47.93557357788086,26.03342628479004,77.77059173583984,23.897523880004883,-12.583105087280273,15.158469200134277,21.5554141998291,10.838048934936523,-5.445764064788818,8.952110290527344,7.388916969299316,7.787388324737549,-3.5560452938079834,9.732926368713379,12.753437995910645,7.018861293792725,-2.9527833461761475,6.7066569328308105,4.7460408210754395,6.303658962249756,-0.8057617545127869,7.063542366027832,4.15967321395874,5.620287895202637,-0.8428391814231873,5.696714401245117,0.3615792691707611,0.28172948956489563,0.13100717961788177,0.02058231085538864,0.011909826549574832,0.12135851968739315,music/Cutting Crew - One For The Mockingbird.mp3,1,38.0,11,Cutting Crew,One For The Mockingbird,charted,,chart_21_50,0.541494522685636
30.0,30.0,107.666015625,F minor,1824.772682534401,972.1524983532518,3729.894112507256,2078.026099271474,0.07827617066563468,0.06398556312445786,-180.85202026367188,85.94116973876953,118.07904052734375,41.657840728759766,2.094064712524414,29.054912567138672,15.45136547088623,19.001895904541016,-1.443137526512146,14.510879516601562,9.45402717590332,15.44240665435791,-5.061313152313232,13.476326942443848,7.437991142272949,10.275851249694824,-3.2922770977020264,10.418700218200684,7.507342338562012,10.558818817138672,0.355648934841156,9.783958435058594,5.371963977813721,8.900276184082031,-1.3140536546707153,7.863434314727783,0.4611606001853943,0.31463944911956787,0.10841823369264603,0.07035188376903534,0.00411157741590459,0.05331647868885541,music/Jennifer Lopez - Get Right.mp3,1,12.0,17,Jennifer Lopez,Get Right,charted,,top20,0.75
30.0,30.0,99.38401442307692,B minor,2686.593198136157,1202.0605342072836,5428.408841821062,2537.530451186155,0.12098377334075078,0.10225163105358055,-107.2790756225586,76.94083404541016,67.1956787109375,40.685150146484375,0.7369614243507385,36.91797637939453,29.218738555908203,21.201847076416016,14.248031616210938,21.9682674407959,2.6752688884735107,19.352476119995117,-3.6577579975128174,15.432950019836426,15.093765258789062,13.15848445892334,-7.6548638343811035,16.511770248413086,10.161187171936035,12.993667602539062,-6.742673397064209,11.583691596984863,1.0296510457992554,10.220947265625,4.869265556335449,9.958410263061523,0.42872610688209534,0.3052792549133301,0.19370007514953613,0.12520597875118256,0.03380887535260492,0.09013525681198367,music/R. Kelly & Jay-Z - Big Chips.mp3,1,39.0,9,R. Kelly & Jay-Z,Big Chips,charted,,chart_21_50,0.5353398113577075
30.0,30.0,123.046875,F major,2129.2142335057974,444.4521569636361,4730.571394881966,2100.064704725777,0.09692193849167957,0.042086025949010245,-79.20033264160156,45.58121109008789,113.66617584228516,18.43831443786621,-31.46525764465332,16.447612762451172,65.29793548583984,9.240647315979004,-32.311798095703125,9.966104507446289,30.205625534057617,8.706634521484375,-28.8045597076416,9.227954864501953,17.05399513244629,8.056581497192383,-22.047945022583008,8.89226245880127,9.247257232666016,6.957615375518799,1.3127450942993164,8.237323760986328,2.2704527378082275,6.158858299255371,2.0657598972320557,6.855523109436035,0.35611921548843384,0.3009624779224396,0.18366241455078125,0.05063270777463913,0.04102973473162786,0.14215112634718324,music/Charles Wolcott - Ruby Duby Du From Key Witness.mp3,1,41.0,7,Charles Wolcott,Ruby Duby Du From Key Witness,charted,,chart_21_50,0.5232687053772038
30.0,30.0,89.10290948275862,F# major,2267.28148791339,597.5871858429476,4754.096252630369,2389.8407742849727,0.1017442827254257,0.04652288265532612,-113.9426040649414,62.80006790161133,91.66007995605469,30.713930130004883,-15.732935905456543,18.462602615356445,20.148160934448242,17.272146224975586,-3.1609628200531006,14.322176933288574,6.549190044403076,12.203795433044434,-2.1055402755737305,10.248542785644531,-0.5902250409126282,13.080848693847656,2.934363842010498,9.81596851348877,-0.07081485539674759,8.933484077453613,-1.617874026298523,8.438542366027832,8.738707542419434,9.473753929138184,-8.10770034790039,12.036261558532715,0.3758821189403534,0.2856191396713257,0.10257850587368011,0.03535022586584091,-0.024172933091571473,0.16819844925433117,music/Jon Pardi - Dirt On My Boots.mp3,1,37.0,20,Jon Pardi,Dirt On My Boots,charted,,chart_21_50,0.5477329831333546
30.0,30.0,107.666015625,A# minor,2954.8007996577835,1004.2038997239973,6305.553537847088,2804.915876689931,0.13903430667085914,0.08622711276932084,-57.444114685058594,63.335384368896484,68.33071899414062,31.748231887817383,20.71784782409668,19.879108428955078,27.2850284576416,18.022655487060547,-0.7515711784362793,14.02428150177002,12.531839370727539,10.281559944152832,-8.287481307983398,11.054485321044922,7.671530246734619,8.555634498596191,-6.086650371551514,8.926398277282715,5.408008098602295,8.429376602172852,-2.949180841445923,7.20461368560791,0.4378485381603241,7.812442302703857,-3.460999011993408,6.646108627319336,0.4064698815345764,0.3083004355430603,0.19829590618610382,0.08927880227565765,0.018524002054093026,0.10623080763219928,music/Bruno Mars - Just The Way You Are.mp3,1,1.0,48,Bruno Mars,Just The Way You Are,charted,,top20,1.0
0.0010657596371882086,0.0010884353741496598,0.0,E minor,5202.498923874312,0.0,8796.3134765625,3080.297551629758,0.00830078125,0.0,-527.775390625,0.0,9.652019500732422,0.0,3.2783994674682617,0.0,-1.291256070137024,0.0,-4.309291839599609,0.0,4.263553619384766,0.0,-4.574892997741699,0.0,3.3448925018310547,0.0,-2.28131103515625,0.0,2.5241684913635254,0.0,-2.872568130493164,0.0,2.0859107971191406,0.0,-1.336954951286316,0.0,0.9246967434883118,0.05729982256889343,0.00032127375015988946,0.0,0.0005079559712955801,0.0062580707767917595,music/DeJohn Sisters - Straighten Up & Fly Right.mp3,1,73.0,2,DeJohn Sisters,Straighten Up & Fly Right,charted,,chart_51_100,0.3603978509331687
30.0,30.0,99.38401442307692,A# minor,1981.399468081186,399.3617814745952,4190.691326129548,2194.5669431535125,0.0823150729247291,0.03045286732825298,-38.74459457397461,46.80908203125,102.44340515136719,20.2362060546875,-9.868362426757812,18.435272216796875,24.641359329223633,9.02750301361084,-11.955060005187988,8.549477577209473,10.79807186126709,9.378233909606934,-9.674995422363281,7.978175163269043,-9.960700035095215,8.027207374572754,-9.702518463134766,6.066171646118164,-0.4914981722831726,5.8880743980407715,-9.842545509338379,6.788166046142578,-5.5700812339782715,7.36383581161499,-12.217899322509766,6.652166366577148,0.3080480098724365,0.28328758478164673,0.24830538034439087,0.06563469022512436,-0.004758900679957496,0.14187845820476322,music/Hugh Masekela - Riot.mp3,1,55.0,8,Hugh Masekela,Riot,charted,,chart_51_100,0.4460882905930027
30.0,30.0,123.046875,D# major,3466.6691358704857,714.5499937793811,6537.777133622775,2695.159685871383,0.21545712497581268,0.07207380270709168,-36.21382141113281,65.36367797851562,39.57595443725586,30.623275756835938,-13.910700798034668,18.206356048583984,17.735931396484375,16.275104522705078,-14.02951431274414,14.272883415222168,-1.690335750579834,14.361015319824219,-14.239847183227539,10.394365310668945,-9.247895240783691,9.326590538024902,-4.019399166107178,10.257342338562012,-4.9082818031311035,10.15876579284668,-8.550823211669922,10.510688781738281,-9.650850296020508,13.351146697998047,-8.776460647583008,10.506815910339355,0.339618980884552,0.2894710898399353,0.1662389487028122,0.057844072580337524,-0.03565398757226557,0.15250223177362646,music/Galantis - No Money.mp3,1,88.0,5,Galantis,No Money,charted,,chart_51_100,0.296922350079181
30.0,30.0,107.666015625,E major,2341.411739024466,662.9534687327804,5132.343965418198,2476.2520661417702,0.0975455174874226,0.055592752042542055,-210.10226440429688,46.169776916503906,80.41730499267578,27.701221466064453,8.372352600097656,25.062437057495117,41.45553207397461,18.697383880615234,2.5548181533813477,10.339554786682129,7.460809707641602,12.217549324035645,-4.9781904220581055,11.893223762512207,15.224790573120117,10.099764823913574,-2.5600826740264893,10.282788276672363,9.591520309448242,10.38679313659668,4.071779727935791,9.685232162475586,10.877293586730957,8.08462142944336,-0.2230113297700882,7.412895679473877,0.35456278920173645,0.3072018325328827,0.06956557184457779,0.034476138651371,-0.007051663403029167,0.14142235035572975,music/Esther Phillips - And I Love Him.mp3,1,54.0,9,Esther Phillips,And I Love Him,charted,,chart_51_100,0.4512410696522893
30.0,30.0,86.1328125,C# minor,2562.049189403575,964.1623287915127,5869.05617728691,2814.182200662903,0.099308545375387,0.055297973091466814,-142.6685791015625,53.2746467590332,83.94197845458984,30.582332611083984,12.978554725646973,20.49803924560547,27.45404624938965,17.14499282836914,14.236098289489746,13.413744926452637,1.1117770671844482,13.211956977844238,8.385336875915527,12.107868194580078,0.6021274924278259,12.108949661254883,1.7025350332260132,9.739777565002441,-0.7396606206893921,9.317851066589355,-3.0606062412261963,9.07653522491455,9.09012222290039,8.171639442443848,-2.169614791870117,10.852062225341797,0.28930291533470154,0.30510416626930237,0.11258205026388168,0.03556601703166962,-0.054287527679389755,0.22718173431138064,music/Taylor Swift - Superstar.mp3,1,26.0,1,Taylor Swift,Superstar,charted,,chart_21_50,0.6231108192777954
30.0,30.0,103.359375,C major,2529.917446520271,802.1799678567203,5759.165175116099,2737.4967164981695,0.08673605904121517,0.04821205644866487,-109.73043060302734,66.11788940429688,76.4878921508789,26.58878517150879,20.409587860107422,17.21592903137207,39.3416748046875,13.01059627532959,5.429970741271973,12.912924766540527,16.313217163085938,9.24129581451416,3.6590099334716797,10.481440544128418,8.947861671447754,8.561407089233398,-1.5623061656951904,7.710482597351074,6.712125778198242,6.672512531280518,-1.1612396240234375,7.630944728851318,0.9207395315170288,6.763874530792236,-0.6074674725532532,5.847326755523682,0.3954039514064789,0.2985817492008209,0.14033755660057068,0.059398066252470016,0.025934865294613176,0.12549687447584768,music/Wang Chung - Dance Hall Days.mp3,1,16.0,22,Wang Chung,Dance Hall Days,charted,,top20,0.7080628959394288
30.0,30.0,123.046875,G# minor,2556.0399809210085,737.8783508511008,5924.397509312113,2868.815760714046,0.08736681864357586,0.053491696549481736,-40.50820541381836,45.80669403076172,81.01316833496094,22.547880172729492,22.68362808227539,18.677648544311523,35.925533294677734,11.164693832397461,16.017601013183594,10.873543739318848,7.13647985458374,8.753314018249512,1.2289557456970215,8.195255279541016,4.778752326965332,8.354475975036621,2.1929523944854736,6.899949550628662,6.252958297729492,7.170447826385498,-2.496352195739746,6.109927654266357,0.47549569606781006,5.519125938415527,-3.5479722023010254,5.6919684410095215,0.4157070219516754,0.2854427993297577,0.23081837594509125,0.04348298907279968,0.026924850570596716,0.14178137364646476,music/Garbage - Push It.mp3,1,52.0,18,Garbage,Push It,charted,,chart_51_100,0.46169457807604497
30.0,30.0,135.99917763157896,G# minor,2766.145662434322,993.5305439881831,5901.372648540296,2713.1136672999023,0.1288782834268576,0.08033922201529992,-132.0103759765625,69.04825592041016,81.66326904296875,31.988542556762695,11.237408638000488,26.608789443969727,20.06179428100586,17.74814796447754,-0.7499822974205017,12.766008377075195,8.271081924438477,13.087766647338867,-3.265482187271118,9.017518043518066,6.107881546020508,8.637410163879395,-2.1113080978393555,6.8377275466918945,8.133112907409668,7.09926176071167,-0.3665050268173218,7.304452419281006,5.673896312713623,6.3640031814575195,-1.0243418216705322,6.886898994445801,0.45586976408958435,0.29088589549064636,0.08465166389942169,0.03623240068554878,0.006372737180382643,0.07181004538202891,music/Peaches & Herb - Roller-Skatin' Mate (Part I).mp3,1,66.0,4,Peaches & Herb,Roller-Skatin' Mate (Part I),charted,,chart_51_100,0.39228445649450283
30.0,30.0,99.38401442307692,D minor,2684.123703453579,937.1272205519058,5893.014365748355,2781.1985511373796,0.11102502781540248,0.07593483950628196,-110.13711547851562,55.6655158996582,77.846923828125,32.42877197265625,7.3593878746032715,23.792444229125977,13.8624267578125,19.6822566986084,6.9277238845825195,14.928165435791016,3.4879989624023438,15.346016883850098,0.6296199560165405,13.599838256835938,10.766573905944824,11.794756889343262,-0.8114240169525146,12.016623497009277,9.657636642456055,12.672859191894531,-0.3643243610858917,11.290650367736816,-5.339659214019775,11.889695167541504,3.826653242111206,11.886594772338867,0.3647763729095459,0.3039145767688751,0.13725502789020538,0.04388344660401344,-0.053149779434951944,0.19862945640791646,music/Carrie Underwood - Drinking Alone.mp3,1,74.0,7,Carrie Underwood,Drinking Alone,charted,,chart_51_100,0.35597148566796577
30.0,30.0,123.046875,D minor,2260.3413917187527,907.5078319723892,4488.081194520366,2237.901816628534,0.10520079999516253,0.06842729237792736,-43.04787063598633,52.063819885253906,100.98887634277344,37.952396392822266,-23.459959030151367,25.645423889160156,13.597376823425293,14.332290649414062,1.128699541091919,15.959966659545898,5.993358135223389,12.606441497802734,-4.392660617828369,12.44919204711914,4.430129528045654,12.682014465332031,-7.20030403137207,11.276920318603516,0.5986029505729675,14.47238540649414,2.23053240776062,10.180534362792969,2.203219413757324,10.913939476013184,5.6089091300964355,9.918076515197754,0.3711586892604828,0.2979183495044708,0.2510383129119873,0.10049910843372345,-0.07468713073599774,0.15537270585496915,music/Post Malone Featuring Quavo - Congratulations.mp3,1,8.0,50,Post Malone Featuring Quavo,Congratulations,charted,,top20,0.8005689911956335
30.0,30.0,172.265625,G# major,2432.837152230535,973.3100593396813,5478.56687185565,2717.533211139101,0.08088310879450464,0.06815312685552014,-122.855224609375,56.21184539794922,80.4271011352539,28.845115661621094,9.02843189239502,19.90810203552246,30.90808868408203,16.299367904663086,17.266036987304688,13.229095458984375,9.096085548400879,12.167888641357422,4.518642425537109,10.001195907592773,5.560763835906982,8.89020824432373,3.6172609329223633,8.64915943145752,9.276468276977539,7.712186336517334,2.043092966079712,8.443522453308105,9.778762817382812,7.942108631134033,3.735557794570923,6.979231834411621,0.4560248851776123,0.2975984513759613,0.13839684426784515,0.058383870869874954,0.013932424214476647,0.1113997025170474,music/Domino - Getto Jam.mp3,1,7.0,20,Domino,Getto Jam,charted,,top20,0.8153627635310009
30.0,30.0,151.99908088235293,A minor,2540.9575538736476,975.7252464928497,5938.147426168247,2843.784819386176,0.07681170484229877,0.07554733280994286,-58.32847595214844,45.55234909057617,76.51338195800781,26.49003791809082,15.324374198913574,22.91483497619629,9.730527877807617,17.277868270874023,12.135037422180176,18.107545852661133,5.026688575744629,13.876227378845215,-5.093526363372803,14.814234733581543,7.360907077789307,12.8383150100708,-3.0096378326416016,11.891470909118652,8.67732048034668,11.032073020935059,1.2573482990264893,11.893218994140625,7.263776779174805,9.758798599243164,0.7284553050994873,8.98661994934082,0.39972788095474243,0.32821425795555115,0.35438257455825806,0.16477161645889282,-0.055714977438142736,0.17174730623613307,music/Trippie Redd Featuring Juice WRLD - Matt Hardy 999.mp3,1,49.0,2,Trippie Redd Featuring Juice WRLD,Matt Hardy 999,charted,,chart_21_50,0.47776703213290644
30.0,30.0,75.99954044117646,F major,1540.8598349545941,670.9635670679066,2908.2740807311825,1940.662456561802,0.06762468556501548,0.04596333665018942,-170.5093536376953,124.86823272705078,123.84236145019531,29.181781768798828,0.8264572024345398,34.57398223876953,19.19342613220215,17.810522079467773,8.803112983703613,20.361160278320312,4.460488319396973,14.249064445495605,-3.4147303104400635,13.607022285461426,12.137853622436523,12.251226425170898,-0.6293062567710876,9.53515338897705,0.12413360178470612,10.323104858398438,-0.38387367129325867,8.690788269042969,3.4624454975128174,9.753400802612305,-3.472127914428711,7.985485076904297,0.3209055960178375,0.308210551738739,0.14005327224731445,0.06690235435962677,0.06945225826816115,0.16601007912964977,music/Jackie Wilson - No Pity (In The Naked City).mp3,1,59.0,10,Jackie Wilson,No Pity (In The Naked City),charted,,chart_51_100,0.4259395027129505
30.0,30.0,135.99917763157896,B minor,2762.7664546417204,1066.18383478706,6006.580345697078,2782.107508139225,0.12942211989647834,0.09281390549021849,-175.7110137939453,70.36253356933594,69.6022720336914,31.251380920410156,23.962129592895508,20.210004806518555,25.813068389892578,14.50607681274414,1.370742678642273,11.45803451538086,13.799528121948242,10.901704788208008,-2.9685239791870117,12.694409370422363,-0.08552529662847519,8.891244888305664,-1.412198781967163,9.6397705078125,-1.8228849172592163,9.813923835754395,-2.155607223510742,9.240582466125488,1.5660810470581055,9.555464744567871,-4.806768894195557,7.977344989776611,0.3557170331478119,0.3113028407096863,0.08684058487415314,0.07012132555246353,0.033155726642182436,0.12919498459666032,music/Yes - Your Move (I've Seen All Good People).mp3,1,40.0,14,Yes,Your Move (I've Seen All Good People),charted,,chart_21_50,0.5292655641543641
30.0,30.0,123.046875,G# major,2387.0306641386323,545.1759207507197,5398.559022318837,2552.493047519491,0.08939741860971362,0.04125863062992076,-52.97259521484375,40.88103485107422,90.22718811035156,20.219905853271484,1.631886601448059,17.548086166381836,29.320632934570312,8.71323013305664,-0.5422252416610718,8.179134368896484,15.856956481933594,6.863448619842529,-5.552276134490967,6.645995616912842,12.453580856323242,7.2516350746154785,-0.3739200234413147,6.424676895141602,8.31281852722168,5.805172920227051,-0.9803589582443237,5.478127956390381,1.0101137161254883,5.624898910522461,-2.0914831161499023,6.083946228027344,0.4955156445503235,0.2738698720932007,0.1734124720096588,0.04086301475763321,0.018745479405472477,0.13031998900701758,music/The Incredible Bongo Band - Bongo Rock.mp3,1,57.0,7,The Incredible Bongo Band,Bongo Rock,charted,,chart_51_100,0.4359239251822338
30.0,30.0,143.5546875,D# minor,2320.892088083704,981.8868993528705,5007.9863840581465,2588.146536780037,0.09057239260835913,0.05607624828772938,-140.77818298339844,61.11507034301758,96.18865966796875,34.90373992919922,17.15346336364746,27.182918548583984,19.369619369506836,13.96249008178711,8.165084838867188,11.135242462158203,6.992252349853516,14.09707260131836,8.796160697937012,10.546347618103027,10.762533187866211,11.587178230285645,-3.3381128311157227,9.245748519897461,13.073542594909668,9.54627799987793,-5.536604881286621,9.239705085754395,3.0037379264831543,9.563019752502441,3.1418707370758057,10.945596694946289,0.3744397461414337,0.30610671639442444,0.12041514366865158,0.034858692437410355,-0.00048029883606497283,0.14249975361362718,music/Kelly Rowland Featuring Lil Wayne - Motivation.mp3,1,17.0,25,Kelly Rowland Featuring Lil Wayne,Motivation,charted,,top20,0.6984886554222364
30.0,30.0,83.35433467741936,G# major,2777.256409189434,587.0730126677516,5666.390736110439,2539.6746679296075,0.14024404992260062,0.0590088611495911,-22.483993530273438,40.344966888427734,71.72441101074219,22.405548095703125,-6.503684043884277,16.648391723632812,28.44292449951172,11.492433547973633,-6.076679706573486,10.471110343933105,13.239813804626465,10.233195304870605,-7.901373386383057,8.185522079467773,-1.459083080291748,7.656874656677246,-13.928668975830078,7.015238285064697,-1.9190261363983154,7.274081707000732,-0.4467475414276123,7.898144245147705,5.121163368225098,8.047138214111328,-5.884591102600098,7.53739595413208,0.3556710481643677,0.3008266091346741,0.19798018038272858,0.04705428704619408,0.009257217507654056,0.15262324296939486,music/Chubby Checker - Whole Lotta Shakin' Goin' On.mp3,1,42.0,8,Chubby Checker,Whole Lotta Shakin' Goin' On,charted,,chart_21_50,0.5173463504182886
30.0,30.0,184.5703125,D# minor,1325.7983545466184,1003.9416877040725,2226.7615350776414,1814.8396971869122,0.060135690789473686,0.07080120320969314,-199.2390594482422,102.23687744140625,149.70516967773438,49.773719787597656,29.991315841674805,37.47819519042969,-1.4727905988693237,19.237350463867188,3.6179358959198,14.129242897033691,-12.02143669128418,13.429492950439453,-4.076979160308838,12.079285621643066,-9.649014472961426,9.531536102294922,-20.29279899597168,12.034775733947754,-1.0314171314239502,9.709222793579102,-15.60187816619873,10.564048767089844,-5.71846342086792,8.272640228271484,-11.170042991638184,7.405860424041748,0.24216772615909576,0.30740103125572205,0.19482341408729553,0.09356376528739929,0.02618193197305797,0.1877589711901452,music/Etta Jones - When I Fall In Love.mp3,1,65.0,8,Etta Jones,When I Fall In Love,charted,,chart_51_100,0.39697731084447274
30.0,30.0,54.978390957446805,B major,2034.9532620123682,899.8030109727569,4551.280812360923,2411.9306832573407,0.07196933049535603,0.046872567545884626,-173.16159057617188,72.84965515136719,96.93527221679688,37.01344680786133,10.18468952178955,19.208120346069336,31.040319442749023,17.604251861572266,15.122360229492188,14.671821594238281,18.379505157470703,10.871011734008789,6.394240856170654,11.883382797241211,11.79855728149414,9.980753898620605,-0.8193459510803223,11.13737678527832,6.12578821182251,8.388521194458008,0.1353999823331833,9.018250465393066,-1.974923014640808,10.039125442504883,-3.9132869243621826,10.23615550994873,0.3558442294597626,0.3052389621734619,0.10431484878063202,0.03978879377245903,-0.07965911857464585,0.2850057694129542,music/Michael Bolton - When A Man Loves A Woman.mp3,1,1.0,20,Michael Bolton,When A Man Loves A Woman,charted,,top20,1.0
30.0,30.0,129.19921875,G major,2465.6331942206266,467.6987173704921,4804.220949533185,2345.0433573273467,0.13301053357198142,0.04148098751753989,-61.32835388183594,37.04538345336914,86.09097290039062,19.539003372192383,-20.273569107055664,12.250371932983398,32.75627136230469,12.695625305175781,0.35053396224975586,8.762859344482422,1.3113828897476196,8.310807228088379,-2.734492301940918,8.969173431396484,0.0667542964220047,6.59219217300415,-5.158775806427002,7.425287246704102,0.554063618183136,6.7560529708862305,-7.546481132507324,6.481101036071777,-0.5840463638305664,6.029252529144287,-3.6761114597320557,7.223686218261719,0.37590211629867554,0.2905983030796051,0.1256324201822281,0.03237627074122429,-0.0008287033307163567,0.09816337642296646,music/Johnny Mathis - Come Back.mp3,1,61.0,6,Johnny Mathis,Come Back,charted,,chart_51_100,0.4161257918788578
30.0,30.0,123.046875,D# major,2761.3203982326945,468.6371760181889,5854.16460066757,2647.3477531758563,0.13036353521671826,0.036378278863527715,-97.98822784423828,36.36250686645508,72.28826141357422,17.000761032104492,-11.628161430358887,18.23246192932129,20.368030548095703,14.992668151855469,9.39350414276123,11.419565200805664,13.437905311584473,10.095613479614258,-4.436147689819336,10.296671867370605,6.953056335449219,8.950864791870117,-2.950044631958008,7.183300971984863,5.472695350646973,7.498946189880371,-1.5228103399276733,6.769286632537842,1.6466238498687744,6.685394763946533,-1.529740810394287,6.7583794593811035,0.3860207200050354,0.2914656400680542,0.08674352616071701,0.020320747047662735,0.019887089483644736,0.18155558674269673,music/Bob Seger System - Lucifer.mp3,1,84.0,6,Bob Seger System,Lucifer,charted,,chart_51_100,0.3132752304664488
30.0,30.0,135.99917763157896,A# major,2892.615970700478,1051.473031653582,6312.303497031008,2849.1672070739146,0.11896866836784056,0.08789873615382603,-123.94132232666016,67.53572845458984,59.606510162353516,32.477760314941406,15.273845672607422,28.440996170043945,21.54230499267578,19.800846099853516,4.2673468589782715,14.485114097595215,10.3782377243042,12.031429290771484,-3.1058413982391357,10.963519096374512,9.64295768737793,11.896383285522461,-1.7971017360687256,11.263197898864746,-0.02295035310089588,10.945093154907227,1.0751745700836182,9.570040702819824,5.185327053070068,9.48646354675293,2.684706449508667,8.961503982543945,0.4087807536125183,0.3187156617641449,0.14871659874916077,0.0820983350276947,0.0021085650816680163,0.11208242310722717,music/Trey Songz Featuring Twista - Gotta Make It.mp3,1,87.0,7,Trey Songz Featuring Twista,Gotta Make It,charted,,chart_51_100,0.3009747045804682
30.0,30.0,151.99908088235293,D minor,3211.7486139057664,1093.4266354196761,7123.9902555388935,3060.341925270503,0.14670999721845976,0.10325903450727919,-97.3839111328125,55.38731002807617,59.035980224609375,33.035945892333984,30.321035385131836,19.371381759643555,29.399852752685547,19.923479080200195,11.557531356811523,15.337193489074707,6.7719573974609375,13.596240043640137,-0.5711550712585449,12.074311256408691,10.621625900268555,12.158748626708984,-5.584295272827148,10.878782272338867,6.11702823638916,10.692596435546875,-2.898333787918091,8.524369239807129,2.1560637950897217,8.395666122436523,-5.319671630859375,8.693921089172363,0.43948909640312195,0.29294440150260925,0.13848255574703217,0.06373859941959381,-0.048839702554326035,0.14252216577272,music/Tony Toni Tone - Whatever You Want.mp3,1,48.0,11,Tony Toni Tone,Whatever You Want,charted,,chart_21_50,0.48323559086808754
30.0,30.0,107.666015625,F major,2210.7267122668554,344.4517602581236,4724.221433279315,2258.5229435365222,0.10701447005611456,0.025501082922400727,-53.873313903808594,31.81766700744629,100.02549743652344,16.129268646240234,-18.770553588867188,12.594474792480469,21.542600631713867,12.151894569396973,-14.455057144165039,13.807774543762207,10.59898853302002,7.32077169418335,-11.832328796386719,10.13512897491455,1.4147149324417114,7.951089859008789,-7.107438564300537,8.164643287658691,-0.3720589876174927,8.102995872497559,-3.634021043777466,6.728663444519043,3.0162887573242188,6.683703899383545,-6.430834770202637,7.888616561889648,0.3663979470729828,0.2848835587501526,0.14466923475265503,0.03311248496174812,0.04074548359187126,0.11230524647187283,music/The Tymes - People.mp3,1,39.0,8,The Tymes,People,charted,,chart_21_50,0.5353398113577075
30.0,30.0,123.046875,G minor,2352.378864725154,621.5828297380316,4586.288934004934,2284.088714996657,0.12504383949303405,0.052258015773164794,-125.62712860107422,78.24803161621094,85.33934020996094,27.038206100463867,-6.053581714630127,22.73360824584961,51.551513671875,17.850257873535156,3.680917263031006,19.06795310974121,5.5804829597473145,10.16474437713623,-3.0851311683654785,10.400699615478516,7.557085037231445,8.521204948425293,-2.2364816665649414,7.909883499145508,2.1802642345428467,9.538926124572754,-6.930689811706543,11.92525577545166,-4.556337833404541,7.283801078796387,-6.252337455749512,8.825027465820312,0.4131021797657013,0.29540112614631653,0.10144153982400894,0.029195616021752357,0.013108336347195642,0.1970837269300528,music/Living Colour - Open Letter (To A Landlord).mp3,1,82.0,5,Living Colour,Open Letter (To A Landlord),charted,,chart_51_100,0.3215994747000318
30.0,30.0,92.28515625,D major,1597.6940924985015,783.270375002772,3594.9865949412247,2242.036020237844,0.0424037496371904,0.029507158057369257,-80.36380767822266,52.4945068359375,120.83980560302734,34.022216796875,31.564945220947266,17.71805191040039,31.26746940612793,11.497562408447266,0.8762890100479126,9.310972213745117,19.19684600830078,8.530370712280273,0.7950868606567383,7.895726680755615,8.874200820922852,7.393835544586182,-1.0032414197921753,6.833510398864746,5.527995586395264,7.512303829193115,-2.770153284072876,6.310141086578369,2.5314812660217285,6.143285751342773,-3.312284469604492,5.641477108001709,0.4157373309135437,0.2941299378871918,0.29439088702201843,0.07162538915872574,0.016110991658568823,0.16117884234021548,music/Weezer - Africa.mp3,1,51.0,15,Weezer,Africa,charted,,chart_51_100,0.4669982091109739
30.0,30.0,99.38401442307692,A# major,1534.618753191532,826.5256214078544,3099.131259977264,1992.6484823907515,0.058259284902283284,0.048098649306337095,-207.2808380126953,87.09331512451172,131.67306518554688,34.698089599609375,9.118647575378418,28.895004272460938,17.425098419189453,17.891592025756836,-0.06150132790207863,13.182393074035645,-1.5468287467956543,11.945560455322266,-5.680196285247803,11.01827621459961,-3.9207305908203125,9.928374290466309,-7.921199321746826,11.220152854919434,-5.458073139190674,10.420109748840332,-10.632389068603516,9.436531066894531,-1.7045093774795532,8.40619945526123,-5.597078323364258,9.08261489868164,0.290986031293869,0.30105361342430115,0.0970955491065979,0.056738875806331635,0.02338136838801301,0.24208838490647738,music/Brad Paisley - Today.mp3,1,67.0,11,Brad Paisley,Today,charted,,chart_51_100,0.3876275643042055
30.0,30.0,107.666015625,A# major,1931.5177264354436,590.109695697687,3927.3179187125097,2110.787994053893,0.08709924656540248,0.04117807756630938,-118.7932357788086,60.315738677978516,112.6314468383789,29.373411178588867,-13.858489036560059,14.962732315063477,29.723487854003906,15.719535827636719,-8.669072151184082,15.53158187866211,-4.227786064147949,9.068852424621582,-6.7482523918151855,13.425127983093262,3.770127296447754,9.147526741027832,-20.483102798461914,11.142717361450195,8.71240520477295,10.410858154296875,-11.422690391540527,8.735260009765625,2.941896915435791,7.866613864898682,-8.22607421875,7.770068645477295,0.3523538112640381,0.2916659116744995,0.11747828871011734,0.04431721940636635,-0.0033293852953467317,0.17043110330870223,music/The Kalin Twins - It's Only The Beginning.mp3,1,42.0,10,The Kalin Twins,It's Only The Beginning,charted,,chart_21_50,0.5173463504182886
30.0,30.0,117.45383522727273,G# major,2133.327579336419,848.9855123007228,4446.414779804809,2330.015793672393,0.09807423689047988,0.06971282285427392,-155.5652618408203,69.9808120727539,99.654541015625,29.411888122558594,1.6508445739746094,23.932188034057617,24.11617660522461,13.402233123779297,-1.7768809795379639,11.543791770935059,9.775008201599121,9.748250961303711,0.026020392775535583,9.289030075073242,-0.2384902387857437,9.149008750915527,-5.355769634246826,8.135431289672852,0.18460063636302948,8.5779447555542,-12.245416641235352,8.424771308898926,-6.69024658203125,7.200815677642822,-7.99278450012207,8.378087997436523,0.333841472864151,0.30749404430389404,0.08881178498268127,0.04180672764778137,0.0003550829204050797,0.11798130602484413,music/Sergio Mendes & Brasil '66 - The Look Of Love.mp3,1,4.0,14,Sergio Mendes & Brasil '66,The Look Of Love,charted,,top20,0.8694417580332267
30.0,30.0,107.666015625,F major,2554.402523207461,827.7741249252867,5671.057374558582,2718.5344171448974,0.11061800079818111,0.06422942839807125,-53.435062408447266,44.61972427368164,88.5601806640625,24.743833541870117,9.69201374053955,17.884031295776367,18.024503707885742,12.667308807373047,1.1293761730194092,14.165423393249512,0.7688764929771423,11.898676872253418,-7.229528427124023,8.82409381866455,0.5817777514457703,7.701378345489502,-7.139891624450684,8.579608917236328,1.825675129890442,7.252397537231445,-4.344639778137207,8.240785598754883,-0.06849353760480881,7.170787334442139,-9.461844444274902,8.176899909973145,0.34306129813194275,0.29677513241767883,0.1848912090063095,0.06375285238027573,0.03218428681481748,0.15534396140585532,music/Rick Astley - Move Right Out.mp3,1,81.0,5,Rick Astley,Move Right Out,charted,,chart_51_100,0.32580013753675796
30.0,30.0,117.45383522727273,A minor,2795.497005573454,1005.3276086594124,6146.971163439677,2863.782103857842,0.11417958168053406,0.07048773911313565,-112.747314453125,52.13996124267578,77.22966766357422,31.181079864501953,20.329418182373047,23.475486755371094,24.276660919189453,19.97623634338379,8.635595321655273,16.66545295715332,5.35389518737793,15.53170394897461,3.0143582820892334,11.559553146362305,4.304666996002197,10.02729320526123,-3.5109503269195557,9.76766586303711,9.565404891967773,10.816125869750977,-2.3646416664123535,9.09544849395752,4.22781229019165,8.858343124389648,-0.10839486122131348,7.217179775238037,0.4090830683708191,0.29960647225379944,0.11031126976013184,0.03193821385502815,-0.0055527996820452456,0.12377958473952876,music/Gym Class Heroes - Clothes Off!!.mp3,1,46.0,6,Gym Class Heroes,Clothes Off!!,charted,,chart_21_50,0.49435010315256844
30.0,30.0,107.666015625,A# major,2191.823012799269,617.245843070123,4288.957398594717,2276.175411830665,0.09952736491389319,0.05239400787533241,-133.0267333984375,60.99320983886719,90.63560485839844,26.396263122558594,-17.22954750061035,19.219898223876953,30.331642150878906,14.714958190917969,4.71859073638916,16.17892837524414,10.334575653076172,9.95382308959961,6.162630081176758,9.580455780029297,-0.6776289343833923,11.661776542663574,4.368223667144775,10.029117584228516,1.0617386102676392,8.76326847076416,-5.461643695831299,8.71322250366211,-0.28866150975227356,9.485590934753418,-10.798205375671387,11.18698501586914,0.32503145933151245,0.30485546588897705,0.11436565220355988,0.04873691871762276,0.02027587157235534,0.1600651837101715,"music/Paul and Paula - Something Old, Something New.mp3",1,77.0,5,Paul and Paula,"Something Old, Something New",charted,,chart_51_100,0.34287125932722906
30.0,30.0,198.76802884615384,F# major,2346.274188488554,589.5938799628451,4874.120526860004,2177.018162430305,0.12632425503095976,0.057814082181800446,-108.30113220214844,38.88295364379883,94.57131958007812,21.573259353637695,-30.257322311401367,15.52933406829834,41.984073638916016,13.735672950744629,-10.928020477294922,12.214561462402344,31.85904312133789,11.253904342651367,-10.540000915527344,11.961682319641113,24.748138427734375,7.566882610321045,-1.8814655542373657,7.663071632385254,13.274560928344727,7.162060260772705,-1.607772946357727,7.447165489196777,5.938153266906738,7.215704441070557,-7.948594570159912,8.778020858764648,0.378431111574173,0.2911222279071808,0.10331792384386063,0.029631145298480988,-0.04357000411217938,0.13254843730819826,music/Four Tops - I'm In A Different World.mp3,1,51.0,6,Four Tops,I'm In A Different World,charted,,chart_51_100,0.4669982091109739
30.0,30.0,151.99908088235293,A# major,2659.0578664287177,798.7487134393738,5480.783525118518,2650.7378129982203,0.12497581269349846,0.0568228360091101,-74.87281036376953,79.19061279296875,77.12489318847656,28.22661781311035,0.8816817402839661,26.842588424682617,25.371843338012695,18.54989242553711,6.957010269165039,15.451231002807617,3.4230551719665527,14.206791877746582,11.731228828430176,16.537485122680664,5.035234451293945,12.663233757019043,2.246793746948242,9.97496509552002,14.959244728088379,12.394855499267578,-6.404756546020508,9.52471923828125,5.838089942932129,9.08911418914795,0.29794538021087646,7.2685112953186035,0.3638608753681183,0.29165399074554443,0.1630852222442627,0.05415929853916168,0.04709516079541605,0.19896513699134544,music/Terri Clark - A Little Gasoline.mp3,1,75.0,6,Terri Clark,A Little Gasoline,charted,,chart_51_100,0.351575335559677
30.0,30.0,92.28515625,G# major,1991.149405653223,550.3655922574136,4070.0170558303503,2168.9861769897707,0.08634679457720588,0.035337583943503795,-38.46529006958008,39.43986511230469,107.68404388427734,26.61652183532715,-21.298809051513672,18.33565902709961,22.641555786132812,10.152713775634766,5.124202728271484,9.80197811126709,8.386550903320312,7.693009376525879,-9.237605094909668,9.350127220153809,5.325981140136719,7.437326908111572,-7.821127891540527,7.293705940246582,-1.4965404272079468,6.925652503967285,-4.878519058227539,7.416024208068848,0.8162720799446106,7.554160118103027,-9.747547149658203,6.3035454750061035,0.3641997277736664,0.3006553649902344,0.22410058975219727,0.04719175025820732,-0.0057833017206685095,0.15802131560893704,music/Elvis Presley - Blue Christmas.mp3,1,33.0,3,Elvis Presley,Blue Christmas,charted,,chart_21_50,0.5735985672887791
30.0,30.0,71.77734375,F major,2488.607391519801,430.05219444684,5541.099827060759,2600.3121969905733,0.11527897034636223,0.04398100204744008,-35.7075309753418,37.80204391479492,84.45466613769531,17.488609313964844,-0.7621234655380249,14.070394515991211,22.272369384765625,9.306500434875488,-2.469553232192993,8.186164855957031,6.7985453605651855,5.720190525054932,-10.3148193359375,5.683853626251221,0.8947997689247131,6.188873767852783,-7.72843074798584,5.265459060668945,4.376979351043701,6.099064350128174,-4.390649795532227,5.885533809661865,6.1729888916015625,6.649896621704102,-3.837148427963257,6.2329511642456055,0.34157222509384155,0.2945111095905304,0.17938663065433502,0.033459246158599854,0.047399041600170354,0.1568220658103242,"music/The Megatons - Shimmy, Shimmy Walk, Part 1.mp3",1,88.0,4,The Megatons,"Shimmy, Shimmy Walk, Part 1",charted,,chart_51_100,0.296922350079181
30.0,30.0,112.34714673913044,D# minor,2055.6319939577206,541.1960798829463,4780.254427788796,2573.482665860629,0.07547837957140092,0.03322145713187463,-228.82643127441406,41.94219207763672,105.77757263183594,18.263784408569336,10.76711654663086,15.353070259094238,7.4103684425354,17.020919799804688,2.1019182205200195,13.085942268371582,-1.3149926662445068,10.344490051269531,-4.708075523376465,11.283868789672852,1.739957332611084,10.455708503723145,-11.243672370910645,10.018013954162598,1.5955549478530884,9.647842407226562,-5.711600303649902,8.871843338012695,-5.730765342712402,6.4889326095581055,-4.264624118804932,7.3315558433532715,0.330658882856369,0.3051130473613739,0.041038766503334045,0.015029984526336193,0.013386153769583705,0.10559365963810845,music/Hipsway - The Honeythief.mp3,1,19.0,15,Hipsway,The Honeythief,charted,,top20,0.6801989254665843
30.0,30.0,112.34714673913044,E major,2889.7687910632512,525.5052117456273,5903.805967159685,2595.985580781382,0.15654516072465172,0.05352828227741633,-35.335548400878906,36.1020622253418,69.96979522705078,17.381620407104492,-12.486681938171387,18.432188034057617,20.88431167602539,13.130574226379395,-4.1275434494018555,11.127467155456543,3.9526526927948,10.71950912475586,-7.760477542877197,9.269248008728027,4.904029369354248,8.76201057434082,-11.1227388381958,7.957299709320068,2.6304361820220947,8.803364753723145,-1.840793490409851,7.558114528656006,-2.1962625980377197,7.388299942016602,-5.1012773513793945,6.7812042236328125,0.38689568638801575,0.2879497706890106,0.15190935134887695,0.03716122359037399,-0.01859635283774056,0.08128264086999148,music/Rick Astley - Never Gonna Give You Up.mp3,1,1.0,24,Rick Astley,Never Gonna Give You Up,charted,,top20,1.0
30.0,30.0,123.046875,G# major,2129.769109530662,908.5750067275765,4673.188408535701,2318.486101372291,0.08438875653057276,0.06959574354939736,-90.90412902832031,65.14337921142578,93.18809509277344,35.40732955932617,-11.20238208770752,31.253620147705078,33.282745361328125,15.774194717407227,13.045684814453125,14.840534210205078,24.682912826538086,11.619338989257812,7.682978630065918,11.414663314819336,7.654213905334473,11.710747718811035,1.1808900833129883,10.820058822631836,10.648557662963867,9.062803268432617,0.09631910175085068,9.133936882019043,1.022621750831604,8.48961067199707,-2.3365485668182373,8.185568809509277,0.41713273525238037,0.30010268092155457,0.2135874330997467,0.09221121668815613,0.00874153083806676,0.2454597249465226,music/INXS - Beautiful Girl.mp3,1,46.0,12,INXS,Beautiful Girl,charted,,chart_21_50,0.49435010315256844
30.0,30.0,112.34714673913044,C# major,1703.1421501867944,707.159403631537,3787.668763151848,2331.508237511198,0.0559565777380031,0.03121578575369577,-155.88462829589844,48.0104866027832,118.52471923828125,28.762374877929688,24.70378875732422,19.415855407714844,28.69556427001953,15.21250057220459,9.047436714172363,10.696927070617676,8.024574279785156,10.73462200164795,0.9978241920471191,9.310750961303711,5.735049724578857,8.48370361328125,-6.975002288818359,9.522266387939453,-0.165434792637825,8.703210830688477,-4.719616889953613,7.037835597991943,-3.2164204120635986,6.744641304016113,-7.85745906829834,6.639173984527588,0.34931308031082153,0.30010244250297546,0.12036553025245667,0.039720118045806885,-0.031167710652027475,0.18299668333530325,music/Kim Carnes - I Pretend.mp3,1,74.0,5,Kim Carnes,I Pretend,charted,,chart_51_100,0.35597148566796577
30.0,30.0,151.99908088235293,D# major,2898.2847330971317,727.3378434038352,5650.524165386755,2542.733595134028,0.16940071413022445,0.06956630450628178,-123.10590362548828,50.45439910888672,68.93751525878906,21.924314498901367,-6.340057849884033,21.778772354125977,32.311702728271484,15.84665298461914,-4.8255391120910645,13.233094215393066,6.437107563018799,11.330094337463379,2.286686420440674,12.016156196594238,4.827109336853027,9.592507362365723,-3.665799856185913,8.86953067779541,12.825401306152344,11.575600624084473,-4.563235282897949,8.235625267028809,-2.032897472381592,7.302944660186768,-3.8286733627319336,6.680097579956055,0.40886449813842773,0.2867511808872223,0.07149629294872284,0.026352817192673683,-0.008592727670438798,0.18779986646780444,music/American Idol Top 8 - Shout To The Lord.mp3,1,43.0,1,American Idol Top 8,Shout To The Lord,charted,,chart_21_50,0.5114957895408028
30.0,30.0,63.02400914634146,G minor,1351.0980655169685,594.5523294150113,2904.074106127854,1973.239724465299,0.04045742731714396,0.02017509585418477,-253.02090454101562,58.909976959228516,128.58444213867188,34.041385650634766,18.012868881225586,21.772449493408203,38.8306770324707,15.643473625183105,8.277491569519043,14.392666816711426,10.17892837524414,11.174238204956055,0.2849317491054535,9.562256813049316,5.9426774978637695,7.973545551300049,1.0870047807693481,9.750747680664062,3.4354827404022217,8.303264617919922,-1.6050280332565308,7.846676826477051,1.362870454788208,7.340448379516602,0.3844052255153656,7.176830291748047,0.327815443277359,0.29002100229263306,0.06455542147159576,0.01844990998506546,0.05604117783589846,0.2580132700571451,music/Atlanta Rhythm Section - Dog Days.mp3,1,64.0,5,Atlanta Rhythm Section,Dog Days,charted,,chart_51_100,0.4017069735869008
30.0,30.0,161.4990234375,D# minor,1785.5116861008605,475.9157272481134,3503.3954821134867,1964.246495226156,0.08353199678308823,0.035848154327572636,-125.6388931274414,46.609371185302734,120.08882904052734,24.617713928222656,-20.253517150878906,14.790716171264648,16.09017562866211,12.96043586730957,-10.672219276428223,17.251346588134766,2.279541492462158,9.1597261428833,-12.2711181640625,9.186187744140625,8.569182395935059,7.148873329162598,-4.269502639770508,8.179161071777344,0.9307451248168945,8.766112327575684,-5.228713512420654,8.500141143798828,-1.5717506408691406,8.42943000793457,-6.6230998039245605,7.4345526695251465,0.2830623984336853,0.3065025806427002,0.14202606678009033,0.08240588754415512,0.008138759091710105,0.16236634405682251,music/The Hesitations - A Whiter Shade Of Pale.mp3,1,100.0,2,The Hesitations,A Whiter Shade Of Pale,charted,,chart_51_100,0.25
30.0,30.0,117.45383522727273,A# major,3033.1381349203793,606.7050659824484,6218.337398564483,2698.759983840306,0.14994580531636997,0.05302063468173678,-149.03968811035156,55.14516830444336,53.59336471557617,25.50173568725586,-12.652152061462402,21.31859588623047,19.364118576049805,16.01353645324707,2.941741466522217,16.836833953857422,4.580099105834961,13.693721771240234,0.6385148763656616,11.715686798095703,3.1358933448791504,11.448284149169922,-7.775359630584717,10.402953147888184,0.09892594069242477,8.823932647705078,-9.740310668945312,8.33022689819336,-4.507858753204346,10.08546257019043,-4.48689603805542,7.720553398132324,0.3233788013458252,0.2945568561553955,0.07006942480802536,0.037298377603292465,0.004187400716704084,0.19245917114970812,music/Stonewall Jackson - Why I'm Walkin'.mp3,1,83.0,3,Stonewall Jackson,Why I'm Walkin',charted,,chart_51_100,0.31742466283267246
30.0,30.0,107.666015625,A major,3179.4859116481475,457.9407890455328,6038.255154163845,2564.842831342591,0.19771649151025542,0.07050211234782329,20.199230194091797,30.98460578918457,51.12622833251953,16.016185760498047,-8.73632526397705,17.34855079650879,43.246585845947266,9.646448135375977,-3.0191991329193115,9.387624740600586,23.222536087036133,8.4817476272583,-3.1477677822113037,8.442058563232422,7.132290840148926,8.595240592956543,-1.8123027086257935,6.997976779937744,1.7165894508361816,6.758301734924316,-5.772933006286621,6.316168785095215,-5.407602310180664,7.234856605529785,-3.2579259872436523,6.113101005554199,0.4499352276325226,0.281156450510025,0.2854194939136505,0.05983218923211098,-0.0012208550140105719,0.07998984152790167,music/Jr. Walker & The All Stars - Do The Boomerang.mp3,1,36.0,7,Jr. Walker & The All Stars,Do The Boomerang,charted,,chart_21_50,0.5540587074920776
30.0,30.0,66.25600961538461,B minor,2021.7392396499408,1120.6451333972614,4348.8570363898025,2392.1470219137036,0.05467162708010836,0.049597278969444755,-161.89877319335938,73.93072509765625,91.8542709350586,42.80575180053711,8.109166145324707,34.60668182373047,29.077133178710938,19.207134246826172,16.128482818603516,15.749922752380371,6.153155326843262,17.014455795288086,11.064383506774902,13.286097526550293,11.68482780456543,13.011743545532227,6.471591949462891,11.114282608032227,14.76603889465332,11.591950416564941,0.6790648102760315,9.85800552368164,13.90994644165039,8.897571563720703,4.912854194641113,9.904891014099121,0.5000974535942078,0.29704222083091736,0.17673511803150177,0.06069574132561684,-0.057559560627801855,0.2292454208985937,music/Justin Bieber - All That Matters.mp3,1,24.0,8,Justin Bieber,All That Matters,charted,,chart_21_50,0.6385005972593895
30.0,30.0,103.359375,D# major,2619.9700830376564,685.6652004923258,5982.413825162055,2781.766687599544,0.10668000495839783,0.05225563732134342,-85.53446960449219,54.75856018066406,78.71517944335938,24.097322463989258,17.54874610900879,18.768159866333008,27.3808650970459,16.594749450683594,3.908437490463257,14.47519302368164,11.563560485839844,10.861412048339844,-3.514232635498047,9.936261177062988,4.225697994232178,9.161831855773926,-7.888382911682129,8.910399436950684,2.990947961807251,8.927565574645996,-2.858041763305664,7.962412357330322,-2.616724729537964,7.40240478515625,-2.884317398071289,7.3032755851745605,0.37822914123535156,0.29612013697624207,0.1458413302898407,0.05985036492347717,-0.022165684511534195,0.13182032769009558,music/George Benson - Lady Love Me (One More Time).mp3,1,30.0,13,George Benson,Lady Love Me (One More Time),charted,,chart_21_50,0.5940779295570057
30.0,30.0,117.45383522727273,F major,1685.1192396574766,640.0777772572765,3550.4785307420666,1959.403629061008,0.07122481496710527,0.03982298667050565,-156.8331756591797,70.05841064453125,118.216064453125,30.629436492919922,-13.617073059082031,24.4415340423584,45.8604621887207,14.212700843811035,10.682926177978516,12.499441146850586,11.280253410339355,10.676751136779785,0.9616827964782715,10.1443452835083,9.105450630187988,7.694613456726074,1.4969006776809692,7.248795509338379,5.823924541473389,9.332188606262207,-5.5090436935424805,8.646785736083984,-0.4221899211406708,7.86899471282959,-3.2314188480377197,6.8879289627075195,0.3717857003211975,0.30265679955482483,0.11285727471113205,0.04665917530655861,0.05803949129627417,0.14734595695072114,music/Karla Bonoff - Baby Don't Go.mp3,1,69.0,7,Karla Bonoff,Baby Don't Go,charted,,chart_51_100,0.378418439491939
30.0,30.0,184.5703125,C# major,2496.5515881874167,660.1796329775716,4964.178315626209,2390.976925420475,0.13249995464880032,0.05328570430294025,-170.47671508789062,56.61038589477539,84.23873901367188,27.002384185791016,-23.88838005065918,24.418170928955078,14.851936340332031,17.096757888793945,-6.4407639503479,14.187337875366211,5.875443458557129,13.783391952514648,7.450973987579346,10.87955093383789,1.7049731016159058,10.124156951904297,4.210399627685547,11.069381713867188,1.8556777238845825,8.82898998260498,-5.701786994934082,8.175874710083008,-2.603851556777954,9.414543151855469,-3.683600902557373,9.058138847351074,0.38797807693481445,0.29871997237205505,0.05889648571610451,0.028598688542842865,-0.02929641904525031,0.12075684001275201,music/Olivia Newton-John - Totally Hot.mp3,1,52.0,6,Olivia Newton-John,Totally Hot,charted,,chart_51_100,0.46169457807604497
30.0,30.0,143.5546875,F# major,1277.8565044105997,960.0669823169794,2556.2262095164956,1934.3031164759318,0.038629396042956655,0.04164021509456574,-357.9581298828125,88.00497436523438,126.41527557373047,42.50050354003906,41.66168212890625,24.632413864135742,35.18867492675781,16.670486450195312,13.722002983093262,16.75916290283203,6.488415718078613,13.570426940917969,2.374805212020874,11.8867826461792,-0.7410807609558105,11.353374481201172,-5.986749649047852,11.742164611816406,3.4832253456115723,10.986640930175781,-9.842280387878418,9.142857551574707,-1.4949580430984497,9.9030122756958,-4.962559223175049,9.294235229492188,0.38695448637008667,0.3093826174736023,0.05001148581504822,0.040956102311611176,-0.039036837891956035,0.14168733851183202,music/Bilal - Soul Sista.mp3,1,71.0,14,Bilal,Soul Sista,charted,,chart_51_100,0.36934377611310876
30.0,30.0,123.046875,G# major,1443.2897670958944,634.404050248507,2986.856938884723,1953.1216576586423,0.047035240905572755,0.019513814386881507,-193.53990173339844,55.0213508605957,137.58258056640625,32.22114181518555,7.908519268035889,19.73807144165039,24.57933807373047,10.964400291442871,0.02284443937242031,7.079127311706543,9.427775382995605,7.827810764312744,-7.2235517501831055,8.114273071289062,2.2246201038360596,7.949504375457764,-11.145216941833496,7.560074806213379,-3.5468080043792725,6.131494522094727,-8.728781700134277,5.315175533294678,-2.7870607376098633,5.610291004180908,-7.093027591705322,4.9400434494018555,0.34944435954093933,0.29137375950813293,0.08272294700145721,0.03395739197731018,0.0007798851603250489,0.19371743364325011,music/Bert Kaempfert And His Orchestra - Bye Bye Blues.mp3,1,54.0,7,Bert Kaempfert And His Orchestra,Bye Bye Blues,charted,,chart_51_100,0.4512410696522893
30.0,30.0,83.35433467741936,G# major,1803.0008475926165,357.71116383187035,3601.7532206910314,1973.9174117894884,0.08886114067337461,0.02468591017016392,-109.44867706298828,47.59474563598633,120.09026336669922,18.123685836791992,-25.86028289794922,18.978166580200195,29.254703521728516,11.4013032913208,1.6325218677520752,10.852287292480469,8.472713470458984,9.079174995422363,3.9805119037628174,9.53369140625,10.598566055297852,6.003693580627441,-8.02273178100586,6.513772010803223,9.78298282623291,7.685595989227295,-6.224370956420898,6.520836353302002,2.9632492065429688,6.708720684051514,-3.40505051612854,5.853670597076416,0.3621595501899719,0.2809053361415863,0.10930886119604111,0.029011480510234833,-0.010398065842211455,0.15324751541475318,music/Bee Gees - My World.mp3,1,16.0,8,Bee Gees,My World,charted,,top20,0.7080628959394288
30.0,30.0,184.5703125,C# major,2587.252261188931,573.2209217610027,4802.27929460744,2273.0445511441335,0.1554975480118034,0.04600091576494967,-71.06977844238281,43.60863494873047,81.12220764160156,22.005699157714844,-38.871376037597656,20.889562606811523,8.938971519470215,15.074795722961426,-8.518430709838867,8.987099647521973,-0.8700990676879883,10.872777938842773,-6.183181285858154,7.6458234786987305,2.2131917476654053,6.643826484680176,-7.664346694946289,8.315027236938477,5.362788677215576,6.218254566192627,-7.721612453460693,7.146528720855713,-1.0911309719085693,6.594295978546143,-10.33055591583252,6.8741960525512695,0.3628591299057007,0.29026684165000916,0.11630558222532272,0.03510166332125664,-0.03126962687587502,0.18369745864419454,music/The Outfield - Everytime You Cry.mp3,1,66.0,10,The Outfield,Everytime You Cry,charted,,chart_51_100,0.39228445649450283
30.0,30.0,117.45383522727273,G# minor,3042.6402147956665,709.1016732679084,6225.004024918972,2709.6589034300423,0.14265182069949692,0.05393040732989965,-202.48912048339844,42.65548324584961,59.91356658935547,23.455232620239258,-4.078276634216309,19.457210540771484,35.08335876464844,10.596049308776855,6.309611797332764,10.498533248901367,16.789459228515625,8.492542266845703,-0.15304452180862427,8.87031364440918,9.094550132751465,7.913181781768799,1.3312393426895142,6.4162821769714355,12.551995277404785,7.775644302368164,-2.181204319000244,6.789243221282959,6.711938381195068,6.050414562225342,-1.989253282546997,6.731900691986084,0.46937793493270874,0.2793724834918976,0.03365705907344818,0.011510682292282581,0.015241461259405287,0.08520538175440373,music/Def Leppard - Armageddon It.mp3,1,3.0,18,Def Leppard,Armageddon It,charted,,top20,0.8933996418221948
30.0,30.0,99.38401442307692,F minor,1551.3465354380576,518.2682778574214,2958.69877581995,1751.701778051377,0.07001922890866873,0.02963262206345927,-179.90130615234375,39.83686065673828,130.89248657226562,25.792678833007812,-23.027286529541016,22.364620208740234,27.508634567260742,19.147199630737305,-1.4323335886001587,15.10358715057373,-9.526901245117188,13.409382820129395,-5.938599109649658,11.053385734558105,1.9558438062667847,9.68897819519043,-15.742027282714844,9.680425643920898,-3.0023179054260254,9.989542007446289,-12.200078964233398,9.85239028930664,-6.404970169067383,9.842795372009277,-1.488480567932129,10.820771217346191,0.26324522495269775,0.3042629659175873,0.10318893939256668,0.03261018171906471,0.01989095255302606,0.18717943875862558,music/Johnny Mathis - How To Handle A Woman.mp3,1,64.0,3,Johnny Mathis,How To Handle A Woman,charted,,chart_51_100,0.4017069735869008
30.0,30.0,151.99908088235293,F# major,1728.9614605369186,526.7296496425082,3466.8873695397156,2080.9985335541533,0.07842696340460527,0.03361589755571791,-111.49900817871094,52.12955093383789,120.26992797851562,21.46599006652832,-7.8763227462768555,16.70975685119629,18.58925437927246,13.022518157958984,0.2938876748085022,10.644319534301758,5.238456726074219,10.320664405822754,1.0586808919906616,9.461959838867188,4.529697895050049,9.965171813964844,-3.4001736640930176,7.741717338562012,4.267345428466797,8.853840827941895,-8.025736808776855,7.867248058319092,0.4367646872997284,8.049528121948242,-3.467412233352661,7.416395664215088,0.2998412251472473,0.3009304106235504,0.15675583481788635,0.061848465353250504,-0.08724298896625696,0.18651977310342788,"music/Barbara Mason - Oh, How It Hurts.mp3",1,59.0,9,Barbara Mason,"Oh, How It Hurts",charted,,chart_51_100,0.4259395027129505
30.0,30.0,172.265625,D# major,1912.5572824340052,719.2496306920639,4010.192417581753,2294.9346074302057,0.07995983395414087,0.049227054486429535,-56.78023910522461,78.50467681884766,109.63795471191406,26.829357147216797,4.58512020111084,18.706188201904297,29.54184341430664,16.168039321899414,10.323184967041016,13.901873588562012,2.4618942737579346,10.216171264648438,-3.1428918838500977,9.873573303222656,7.4934611320495605,7.949455261230469,-6.21246862411499,11.068592071533203,3.153576135635376,8.647534370422363,0.49910038709640503,7.3869147300720215,-2.0786209106445312,9.638300895690918,-3.866783857345581,7.499249458312988,0.35362479090690613,0.2890642285346985,0.24607305228710175,0.08769713342189789,-0.010524822975718355,0.15568932890858755,music/Jason Aldean - Tonight Looks Good On You.mp3,1,46.0,18,Jason Aldean,Tonight Looks Good On You,charted,,chart_21_50,0.49435010315256844
30.0,30.0,89.10290948275862,C# minor,2238.1384885981583,595.464152085405,5182.6436612628195,2641.1742367546526,0.0829824914135062,0.031833212617757047,-98.10092163085938,35.48084259033203,95.90911865234375,24.107173919677734,13.700309753417969,16.971914291381836,18.680316925048828,13.96413803100586,6.179131984710693,12.510416030883789,7.393650054931641,11.817896842956543,-0.45715567469596863,9.89292049407959,6.730287551879883,11.060419082641602,-5.25970983505249,8.810503959655762,3.4292657375335693,8.472771644592285,-10.171380996704102,7.136353969573975,2.9636642932891846,8.49881649017334,-3.7726128101348877,8.24361801147461,0.39504870772361755,0.29673415422439575,0.13339242339134216,0.04186352714896202,0.0007279781042346376,0.1258440948426362,music/Corona - Baby Baby.mp3,1,57.0,17,Corona,Baby Baby,charted,,chart_51_100,0.4359239251822338
30.0,30.0,135.99917763157896,A# major,1517.4399020196536,584.9879007111947,2934.482255587268,1741.6313551935048,0.07327242163312693,0.051414398314696234,-271.93212890625,64.63282012939453,136.35040283203125,26.470523834228516,-22.6044864654541,16.92378044128418,27.759971618652344,16.624120712280273,-4.392916679382324,18.42450714111328,13.506477355957031,14.541817665100098,-8.537939071655273,13.692264556884766,2.225902557373047,9.413470268249512,-17.47612953186035,13.401866912841797,2.9364664554595947,11.454355239868164,-4.744095802307129,9.278717041015625,-2.53596830368042,8.31651782989502,-0.47332537174224854,8.412850379943848,0.319942444562912,0.3057493567466736,0.038023002445697784,0.021295029670000076,-0.030486801673520064,0.17906314174451146,music/The Kingston Trio - Ally Ally Oxen Free.mp3,1,61.0,7,The Kingston Trio,Ally Ally Oxen Free,charted,,chart_51_100,0.4161257918788578
30.0,30.0,112.34714673913044,A# major,2193.146763362885,452.5363194442561,4562.5307443341235,2451.46493178617,0.09666494836010062,0.039086584981071634,-167.7470703125,51.47065353393555,96.11016082763672,19.698375701904297,-1.1354825496673584,19.437911987304688,25.847835540771484,13.625165939331055,6.313006401062012,14.18065357208252,6.595479965209961,12.54429817199707,4.159089088439941,10.069893836975098,3.697547674179077,7.729232311248779,-3.544809341430664,9.162553787231445,1.042899250984192,9.471068382263184,-3.135795831680298,9.126652717590332,-5.943058013916016,7.530665874481201,-3.7567007541656494,7.9024152755737305,0.3574356138706207,0.30126217007637024,0.0682743713259697,0.027204420417547226,0.0026022303100520948,0.13502797930189897,"music/Marilyn McCoo & Billy Davis, Jr. - Your Love.mp3",1,15.0,11,"Marilyn McCoo & Billy Davis, Jr.",Your Love,charted,,top20,0.7179619625911169
30.0,30.0,129.19921875,C major,2850.4763580933804,741.8697373859492,6026.996888907701,2710.206969209687,0.13779546306598298,0.0623605410047111,-39.52951431274414,54.16908264160156,66.51927947998047,25.245920181274414,-21.011301040649414,20.94338607788086,6.092599391937256,17.46661949157715,8.458802223205566,14.011024475097656,7.541473865509033,14.724964141845703,10.024919509887695,14.759495735168457,6.653894901275635,12.299434661865234,5.575751781463623,9.294034004211426,7.4066972732543945,11.84795093536377,0.6385496854782104,9.007180213928223,4.767408847808838,7.392049789428711,-0.6745691895484924,8.917033195495605,0.3385760188102722,0.31149765849113464,0.2269321084022522,0.06972471624612808,0.0577624672527789,0.13210183568278897,music/David Guetta Featuring Nicki Minaj - Turn Me On.mp3,1,4.0,27,David Guetta Featuring Nicki Minaj,Turn Me On,charted,,top20,0.8694417580332267
30.0,30.0,161.4990234375,F minor,2148.342538957994,1205.0881607528695,4936.59514908451,2605.571491893647,0.06251814047987617,0.062282624489151034,-109.20816802978516,72.51885986328125,98.84831237792969,45.345298767089844,40.369163513183594,30.083070755004883,17.882038116455078,22.75772476196289,2.266214609146118,18.50095558166504,-1.5025094747543335,23.125308990478516,-10.344923973083496,18.120397567749023,0.17559823393821716,14.975332260131836,-5.422692775726318,12.487650871276855,4.930868148803711,14.660728454589844,2.1951513290405273,14.600022315979004,1.8784654140472412,13.106237411499023,0.6261648535728455,13.331685066223145,0.450191468000412,0.30769774317741394,0.32807457447052,0.14625343680381775,-0.008999787547054588,0.18684322619728108,music/Justin Bieber - Come Around Me.mp3,1,86.0,1,Justin Bieber,Come Around Me,charted,,chart_51_100,0.30505068857178835
30.0,30.0,172.265625,D# major,2053.3699863206016,639.7704735701782,4415.689965593557,2312.3603215423236,0.0843479404508514,0.05096006824146299,-157.28587341308594,63.06675720214844,100.61272430419922,23.67101287841797,0.3573417663574219,19.903648376464844,35.28696823120117,16.33734130859375,-3.5837886333465576,14.19294548034668,7.589539051055908,10.729774475097656,-3.3743081092834473,8.144447326660156,-0.8970059156417847,7.598677635192871,-12.057273864746094,9.398731231689453,0.4118671119213104,12.052619934082031,-12.626898765563965,8.297974586486816,-0.9767819046974182,6.145351409912109,-7.26422643661499,6.472700595855713,0.3442540168762207,0.2912500202655792,0.07625353336334229,0.026815403252840042,-0.011094955997129948,0.16440036162619312,music/The Vogues - Woman Helping Man.mp3,1,47.0,6,The Vogues,Woman Helping Man,charted,,chart_21_50,0.48876264185445484
30.0,30.0,151.99908088235293,G major,1498.469525036663,1350.7904322959437,3323.37157069345,1857.6877164331304,0.053482291868227554,0.05271088529865834,-294.12451171875,118.75186157226562,142.4502716064453,56.09627914428711,50.899261474609375,30.68642807006836,21.310983657836914,16.97349739074707,18.566913604736328,12.094836235046387,-1.0410420894622803,14.799062728881836,1.4289005994796753,12.854487419128418,-3.0649070739746094,12.506767272949219,2.372999668121338,9.672204971313477,-9.68642807006836,10.182453155517578,-14.75446605682373,10.445802688598633,-4.781630992889404,9.901936531066895,-8.899506568908691,13.900744438171387,0.2650510370731354,0.2970338761806488,0.07896383106708527,0.03513899818062782,0.026369865252529504,0.24012939944238296,music/Taylor Swift - Peace.mp3,1,58.0,1,Taylor Swift,Peace,charted,,chart_51_100,0.4309098170205039
30.0,30.0,117.45383522727273,G# minor,2655.870634266762,899.8188174882055,5777.9150617381,2719.441841020431,0.13406003591815016,0.08314066201200941,-132.01905822753906,78.17839050292969,83.10638427734375,30.663150787353516,3.488316774368286,20.97878074645996,15.728425025939941,16.169363021850586,6.25669527053833,11.781929016113281,7.680610179901123,13.09782886505127,0.09875267744064331,9.965779304504395,5.189385890960693,9.406599998474121,-1.973361611366272,10.083687782287598,5.923786640167236,9.0128755569458,-0.7797030806541443,8.526582717895508,0.8117913603782654,7.057035446166992,-4.074084758758545,8.305886268615723,0.422910213470459,0.30233073234558105,0.10935148596763611,0.0788399800658226,0.037690115500733645,0.0971056482107602,music/The S.O.S. Band - Take Your Time (Do It Right) Part 1.mp3,1,3.0,21,The S.O.S. Band,Take Your Time (Do It Right) Part 1,charted,,top20,0.8933996418221948
30.0,30.0,143.5546875,D minor,1928.1204982606137,853.6857412558745,4050.708839251161,2320.3148617730844,0.07666695892995357,0.050759604995941586,-165.61521911621094,53.40541076660156,106.85816192626953,34.68283462524414,11.92561149597168,26.67381477355957,30.751564025878906,18.780046463012695,11.174457550048828,13.750643730163574,4.274635314941406,13.249313354492188,7.801837921142578,12.450982093811035,-5.760120868682861,11.420636177062988,-3.632857084274292,9.906156539916992,11.176960945129395,10.754206657409668,-0.25082704424858093,10.152975082397461,2.0008914470672607,7.845759868621826,-5.930720806121826,8.626927375793457,0.29624053835868835,0.30796247720718384,0.11321050673723221,0.03295242786407471,-0.03901833151529356,0.14878248018940582,music/Rene & Angela - Your Smile.mp3,1,62.0,6,Rene & Angela,Your Smile,charted,,chart_51_100,0.41128027968233555
30.0,30.0,123.046875,G major,2519.985796203335,998.1921016260494,5294.567984471749,2580.7354251890133,0.09987241195820433,0.08415579312070827,-56.771907806396484,38.220394134521484,84.72077941894531,33.60216522216797,4.613865375518799,23.78102684020996,20.668045043945312,20.990493774414062,-0.3157828152179718,15.080421447753906,7.043553829193115,14.530524253845215,-3.8086624145507812,14.427571296691895,6.693881034851074,12.35360050201416,-7.291736602783203,11.955634117126465,11.153316497802734,10.838068962097168,2.1239266395568848,9.961108207702637,1.8413944244384766,9.071673393249512,-2.315375328063965,8.551369667053223,0.4022556245326996,0.3154752552509308,0.23040318489074707,0.07080371677875519,0.012381990926751617,0.13595505704269917,"music/Belly, The Weeknd & Young Thug - Better Believe.mp3",1,88.0,1,"Belly, The Weeknd & Young Thug",Better Believe,charted,,chart_51_100,0.296922350079181
30.0,30.0,92.28515625,D major,2753.4575947090593,501.13384362959823,5717.623759644688,2608.145647038929,0.13459026702786378,0.037303794717286565,23.479511260986328,35.88237380981445,71.69302368164062,15.851797103881836,-7.493343830108643,16.647735595703125,35.16900634765625,9.687179565429688,3.476362943649292,11.168983459472656,15.749661445617676,6.8000264167785645,0.9491483569145203,7.431347846984863,8.807280540466309,6.101102352142334,5.0814619064331055,6.5154547691345215,3.847109317779541,6.629239082336426,0.316902756690979,6.423534393310547,6.5092010498046875,6.439904689788818,-2.451171398162842,5.084181308746338,0.42956602573394775,0.27453866600990295,0.2906724810600281,0.044625356793403625,0.004859055801432672,0.12958157825701874,music/The Red Jumpsuit Apparatus - Face Down.mp3,1,24.0,43,The Red Jumpsuit Apparatus,Face Down,charted,,chart_21_50,0.6385005972593895
30.0,30.0,64.599609375,F major,1457.9951341495141,296.3650179416303,2847.8161129789087,1630.2005964560808,0.07006420218169504,0.023259041151860282,-147.78671264648438,48.05388259887695,138.7445526123047,20.233152389526367,-32.73350524902344,12.083399772644043,49.59639358520508,13.898502349853516,0.49066898226737976,12.399613380432129,-2.621088981628418,8.586237907409668,-20.263944625854492,10.109420776367188,7.794618129730225,10.47972297668457,-20.927227020263672,10.63574504852295,-6.970431804656982,7.28015661239624,-9.471992492675781,7.664656639099121,-9.789290428161621,7.312869548797607,-4.678426742553711,9.415578842163086,0.3205447494983673,0.2948543429374695,0.12055716663599014,0.030661802738904953,0.038082162499456826,0.18101185407375062,music/The Blue Jays - Lover's Island.mp3,1,31.0,9,The Blue Jays,Lover's Island,charted,,chart_21_50,0.5871385880776148
30.0,30.0,78.30255681818181,A# minor,2530.2168648928314,873.9453230991107,5360.050921838719,2707.986847648459,0.114388575125774,0.06883458483165074,-109.1849365234375,48.040679931640625,87.02339935302734,28.11765480041504,14.32383918762207,19.996421813964844,23.1103572845459,15.114402770996094,3.7245588302612305,11.603620529174805,-4.127817630767822,15.498868942260742,2.9696121215820312,11.46108341217041,-4.406126022338867,9.389289855957031,-4.525275230407715,9.729644775390625,2.2377288341522217,11.201579093933105,-11.075441360473633,9.353981971740723,4.03795051574707,8.080684661865234,-4.155336856842041,8.505448341369629,0.31316453218460083,0.29038339853286743,0.1233404278755188,0.03479747474193573,0.005239261446831172,0.24210194782474853,music/Maddie & Tae - Fly.mp3,1,61.0,14,Maddie & Tae,Fly,charted,,chart_51_100,0.4161257918788578
30.0,30.0,151.99908088235293,D minor,2625.326998173482,924.8751679187159,5454.78368233601,2619.823359153349,0.14546283922697367,0.07744376017724447,-208.70985412597656,75.0388412475586,85.2694091796875,37.27165985107422,-9.577646255493164,15.280643463134766,9.27326774597168,14.897716522216797,9.478482246398926,13.368861198425293,3.910346269607544,10.825627326965332,5.837978363037109,8.875469207763672,4.3379902839660645,8.754913330078125,-2.3939712047576904,7.195419788360596,1.848200798034668,8.191727638244629,-5.276463031768799,9.85898208618164,2.107950448989868,6.993844509124756,-2.7087810039520264,7.837663173675537,0.4796440601348877,0.3101576566696167,0.07487541437149048,0.08843984454870224,-0.0047375103378081915,0.1166035201958593,music/Green Day - Wake Me Up When September Ends.mp3,1,6.0,27,Green Day,Wake Me Up When September Ends,charted,,top20,0.8314500343841895
30.0,30.0,86.1328125,A major,2102.472283616586,885.6096820953823,4437.539833470395,2406.4859437289037,0.08467824835526316,0.06369790173782709,-145.1637420654297,74.01518249511719,109.52046203613281,40.691104888916016,1.7681236267089844,19.314796447753906,11.184962272644043,17.588233947753906,4.271036624908447,14.643027305603027,-3.2647957801818848,10.83538818359375,-0.1170009896159172,11.567313194274902,3.1713361740112305,11.213912010192871,-1.3598428964614868,11.072755813598633,1.3258891105651855,9.18160629272461,-5.739438056945801,8.949737548828125,-5.836190700531006,7.692212104797363,-1.1753222942352295,6.474770545959473,0.320147842168808,0.29591652750968933,0.10165294259786606,0.04200180619955063,-0.006154020162371666,0.24826384852603345,music/Thomas Rhett - Marry Me.mp3,1,30.0,20,Thomas Rhett,Marry Me,charted,,chart_21_50,0.5940779295570057
30.0,30.0,112.34714673913044,C# minor,3144.186637965164,806.6572056461881,6689.684548392754,2863.755783854877,0.15145902367937306,0.06560691689020617,-161.19021606445312,71.18294525146484,62.21818923950195,27.659894943237305,5.671276569366455,20.702167510986328,19.184078216552734,14.123517990112305,5.217112064361572,15.130696296691895,5.423792362213135,10.704952239990234,-6.2594428062438965,11.99944019317627,5.09656286239624,8.29866886138916,-4.206827163696289,9.37230396270752,5.76485538482666,8.605737686157227,-4.133666038513184,7.605778694152832,0.5063973665237427,6.948581695556641,-3.228498935699463,7.627467632293701,0.33932748436927795,0.29651564359664917,0.06361278146505356,0.03282346576452255,-0.03455266810349522,0.15909752045235537,music/Jimmy Hall - I'm Happy That Love Has Found You.mp3,1,27.0,17,Jimmy Hall,I'm Happy That Love Has Found You,charted,,chart_21_50,0.6156469426070963
30.0,30.0,123.046875,F major,2086.737028550286,494.38491686737956,4583.19728603304,2476.8030916801845,0.08309775904605263,0.03203776810481376,-78.63134002685547,46.96310806274414,104.6822738647461,18.83165740966797,5.138887405395508,15.137049674987793,24.411441802978516,11.39367389678955,2.2749133110046387,11.207831382751465,2.5722241401672363,9.869254112243652,1.5306053161621094,9.40880298614502,4.85685920715332,6.818836212158203,-3.093543291091919,8.592559814453125,7.8576130867004395,8.641433715820312,0.9986062049865723,7.829672813415527,6.197245121002197,6.700142860412598,0.3810674548149109,7.012526035308838,0.4178876280784607,0.2867225706577301,0.15309272706508636,0.0558636337518692,0.02223697841245489,0.08620584101398417,music/Roy Orbison - Up Town.mp3,1,72.0,6,Roy Orbison,Up Town,charted,,chart_51_100,0.36485506306899457
30.0,30.0,117.45383522727273,C major,1897.1387051503489,581.5988494224624,3922.0512838924633,2187.7306092201597,0.0766575107633514,0.03286314830550957,-52.826904296875,48.59553527832031,110.497802734375,27.695777893066406,-14.316137313842773,15.957844734191895,26.601943969726562,14.456942558288574,4.598816394805908,11.207804679870605,3.9707999229431152,12.327803611755371,8.144782066345215,11.755754470825195,2.535489082336426,9.261422157287598,2.8362624645233154,8.275896072387695,6.915988445281982,7.686304569244385,-2.0463075637817383,7.031186580657959,2.7042429447174072,7.568053245544434,-8.090903282165527,7.94766092300415,0.34750863909721375,0.3004707992076874,0.24771448969841003,0.08107804507017136,0.05712959740416914,0.17288677252297,music/Bonnie Tyler - It's A Heartache.mp3,1,3.0,21,Bonnie Tyler,It's A Heartache,charted,,top20,0.8933996418221948
30.0,30.0,80.74951171875,A# major,1816.0238625476834,530.1361981677878,4214.8828465134,2352.686388554612,0.06295766919020898,0.026526805025466723,-161.6137237548828,64.22750854492188,107.49175262451172,21.525970458984375,16.936904907226562,15.705079078674316,30.02625846862793,15.092345237731934,1.0616945028305054,11.836024284362793,18.7347354888916,9.145913124084473,-1.936152696609497,8.728300094604492,9.651985168457031,7.9219889640808105,2.8870182037353516,7.872462749481201,6.518926620483398,7.264131546020508,3.9697461128234863,7.694917678833008,6.0179524421691895,6.7984747886657715,0.00868995115160942,6.490468502044678,0.35472625494003296,0.29839274287223816,0.1057794988155365,0.05321745201945305,0.021588833607918502,0.2007044259319301,"music/Crosby, Stills & Nash - Southern Cross.mp3",1,18.0,17,"Crosby, Stills & Nash",Southern Cross,charted,,top20,0.6892092197459694
30.0,30.0,151.99908088235293,D# major,1889.7282398788038,706.9679806384363,3711.6608894277283,2017.8286036882685,0.09401870585816563,0.04926657657147246,-64.4091567993164,54.29191207885742,123.85277557373047,29.287540435791016,-27.145130157470703,22.39679718017578,13.215742111206055,18.61122703552246,-8.274585723876953,11.469791412353516,-1.985540747642517,11.618396759033203,4.865537643432617,11.156525611877441,-11.908797264099121,13.26997184753418,2.076676845550537,10.234804153442383,-4.412785053253174,8.599953651428223,-12.466581344604492,9.026634216308594,0.031115788966417313,8.06856918334961,-13.361183166503906,9.156030654907227,0.3415532410144806,0.29670923948287964,0.20128627121448517,0.0761314108967781,0.0038263021244066375,0.16673732944993386,music/Maren Morris - My Church.mp3,1,50.0,20,Maren Morris,My Church,charted,,chart_21_50,0.4723551469889137
30.0,30.0,80.74951171875,D# major,2448.0381390948314,596.0169978242218,5353.484294879548,2595.501505889635,0.10801975498258513,0.03836406660316335,-64.34884643554688,42.21933364868164,91.21244049072266,20.320003509521484,1.2227753400802612,19.396942138671875,22.18922996520996,13.58440113067627,-2.243680238723755,9.038496017456055,1.4103710651397705,8.89097785949707,-0.7259591221809387,9.095922470092773,4.314377784729004,8.410417556762695,-4.8057541847229,6.884133815765381,1.1774548292160034,7.71536922454834,-7.589496612548828,7.500436782836914,-1.3570458889007568,7.6923346519470215,-8.976152420043945,6.220763683319092,0.36819612979888916,0.2881622314453125,0.14387667179107666,0.0341489240527153,0.003910039063778129,0.13102015661691951,music/Scandal Featuring Patty Smyth - Goodbye To You.mp3,1,65.0,11,Scandal Featuring Patty Smyth,Goodbye To You,charted,,chart_51_100,0.39697731084447274
30.0,30.0,129.19921875,G major,1745.2247238595003,710.9409175608682,3795.660381494292,2124.3094016587297,0.06247089964686533,0.036485207314782914,-79.4126205444336,58.78902816772461,123.18125915527344,34.129249572753906,-1.5784798860549927,18.30777359008789,29.025009155273438,13.583220481872559,0.06064419075846672,13.630294799804688,10.518162727355957,8.752793312072754,-1.1209174394607544,9.540976524353027,10.459882736206055,8.64449691772461,-4.4541778564453125,9.644075393676758,10.324712753295898,8.985599517822266,-6.181877613067627,7.339780330657959,0.8962129950523376,8.1468505859375,-2.910475254058838,7.55317497253418,0.4008799195289612,0.29617568850517273,0.20692287385463715,0.05084458738565445,0.0023338981800384976,0.09897522567716815,music/Culture Club - Move Away.mp3,1,12.0,14,Culture Club,Move Away,charted,,top20,0.75
30.0,30.0,123.046875,F major,1767.097150260574,721.221450512123,3711.994220745453,2361.324059510759,0.0640101949496904,0.039338851788547874,-246.87570190429688,59.855873107910156,109.43888092041016,30.13837432861328,20.935691833496094,19.0867919921875,24.545047760009766,19.457584381103516,10.166268348693848,12.440264701843262,9.650286674499512,10.978705406188965,6.1315083503723145,8.815771102905273,1.356520652770996,8.4727144241333,-2.0956876277923584,9.022621154785156,-0.5728422403335571,9.81071949005127,-4.04673433303833,7.420414447784424,1.9772601127624512,9.303821563720703,-3.455763339996338,7.594682216644287,0.30219152569770813,0.2972809970378876,0.04968532174825668,0.029093679040670395,0.11062262835362155,0.18028697808318925,music/Seals & Crofts - I'll Play For You.mp3,1,18.0,15,Seals & Crofts,I'll Play For You,charted,,top20,0.6892092197459694
30.0,30.0,129.19921875,C# minor,2856.937460043789,1251.268794359036,5731.6986745356035,2604.6933783005056,0.14188085030476005,0.11309586236000758,-129.74856567382812,72.25496673583984,62.273475646972656,45.660884857177734,-7.013473987579346,31.550350189208984,12.592182159423828,25.149599075317383,0.47987133264541626,22.3878231048584,-5.141973972320557,17.553312301635742,-9.28322696685791,16.80944061279297,5.328405380249023,15.177565574645996,-5.514753818511963,13.58096981048584,-5.197738170623779,12.674628257751465,-5.306392669677734,12.512584686279297,-6.447007179260254,10.79371452331543,-6.891804218292236,10.380952835083008,0.34208112955093384,0.31293800473213196,0.11843583732843399,0.04305876046419144,-0.022960233921828253,0.1581598244809508,"music/Glee Cast - Bills, Bills, Bills.mp3",1,44.0,2,Glee Cast,"Bills, Bills, Bills",charted,,chart_21_50,0.5057144733879194
30.0,30.0,112.34714673913044,C major,1930.1422195910611,704.2845448687883,3999.717480922262,2189.5982964611844,0.08086685794794891,0.044281977143041586,-147.480712890625,121.600830078125,105.2760238647461,34.563289642333984,-2.4613773822784424,26.116592407226562,33.34483337402344,18.180574417114258,9.870884895324707,11.345861434936523,14.452261924743652,9.749895095825195,-4.639383792877197,11.464255332946777,8.176383018493652,11.140884399414062,-3.7891194820404053,8.060251235961914,4.687020778656006,8.671815872192383,-2.1863017082214355,9.801931381225586,3.313621997833252,9.234309196472168,-0.1905672699213028,8.820351600646973,0.3513728082180023,0.3010110855102539,0.14280582964420319,0.0830354243516922,0.04398341814979644,0.17994904907406478,music/Lou Rawls - Wind Beneath My Wings.mp3,1,65.0,6,Lou Rawls,Wind Beneath My Wings,charted,,chart_51_100,0.39697731084447274
30.0,30.0,151.99908088235293,G# major,2307.5836755031787,597.6549928896903,4793.321015443596,2332.069535584998,0.11857071159055728,0.041830210133411025,-75.46525573730469,62.294647216796875,97.04891204833984,24.701732635498047,-12.962859153747559,17.62017822265625,25.35159683227539,12.515661239624023,-4.562504768371582,10.122091293334961,1.0467171669006348,8.630032539367676,-14.419403076171875,8.98470687866211,5.453466415405273,8.54624080657959,-10.402108192443848,8.20396614074707,2.912083625793457,7.617297649383545,-7.097143650054932,6.798973560333252,-4.351435661315918,7.2554779052734375,-8.266752243041992,6.611536502838135,0.3850613534450531,0.28460779786109924,0.12546314299106598,0.045069463551044464,-0.024488939160902494,0.1452622199326439,music/The Delfonics - Trying To Make A Fool Of Me.mp3,1,40.0,9,The Delfonics,Trying To Make A Fool Of Me,charted,,chart_21_50,0.5292655641543641
30.0,30.0,123.046875,G# major,2352.9531864578994,663.5807937662437,4650.821877116389,2275.037246140038,0.1214826365373452,0.05672192101477727,-174.1597137451172,49.937747955322266,89.43661499023438,26.335262298583984,-17.478113174438477,18.58768081665039,31.73858642578125,14.120903015136719,-5.170105457305908,13.315585136413574,10.529695510864258,12.39490032196045,-1.0671926736831665,9.863969802856445,-0.9605463743209839,6.755550861358643,-10.966398239135742,7.0973100662231445,-0.8514602780342102,7.290104866027832,-5.511244773864746,7.933699131011963,1.3777217864990234,6.113034248352051,-7.766336917877197,7.193728923797607,0.35923629999160767,0.2874770760536194,0.050288718193769455,0.02023221179842949,-0.004803436422715651,0.1661827350830647,music/The Irish Rovers - (The Puppet Song) Whiskey On A Sunday.mp3,1,75.0,7,The Irish Rovers,(The Puppet Song) Whiskey On A Sunday,charted,,chart_51_100,0.351575335559677
30.0,30.0,99.38401442307692,D# major,2977.692644015165,810.2175208336139,6506.252324248984,2916.5013577838604,0.13307213561822756,0.07088403736865197,-49.461669921875,48.81096267700195,59.2516975402832,26.29248809814453,16.234209060668945,15.603776931762695,34.98713684082031,16.32711410522461,9.394197463989258,10.879281997680664,6.224740028381348,11.596434593200684,10.936525344848633,9.594500541687012,8.579458236694336,7.961729526519775,7.09381628036499,6.862481594085693,5.288098335266113,8.956975936889648,-2.7941486835479736,7.532703876495361,-0.9181694388389587,8.142596244812012,-6.988736152648926,7.4719014167785645,0.33178579807281494,0.29959341883659363,0.20364023745059967,0.052337534725666046,-0.0075329766121305505,0.16310983743298313,music/Lulu - To Sir With Love.mp3,1,1.0,17,Lulu,To Sir With Love,charted,,top20,1.0
30.0,30.0,99.38401442307692,C minor,2046.0982495521985,721.065936939391,4935.795153921972,2706.4503436618443,0.06169237071884675,0.030265330341854607,-117.77018737792969,46.61847686767578,109.11336517333984,24.986352920532227,25.318618774414062,19.725549697875977,15.69283676147461,11.01732063293457,15.831308364868164,10.23678970336914,8.444547653198242,6.239834785461426,4.470956325531006,7.568973064422607,3.6132652759552,7.198770523071289,-1.1602064371109009,6.4120564460754395,3.903562068939209,6.942591667175293,6.086477279663086,8.449485778808594,4.513692855834961,6.191415309906006,1.6182163953781128,5.741511344909668,0.39290565252304077,0.28601452708244324,0.13636969029903412,0.022728966549038887,0.01781279538719527,0.11797099742602127,music/Depeche Mode - It's No Good.mp3,1,38.0,20,Depeche Mode,It's No Good,charted,,chart_21_50,0.541494522685636
30.0,30.0,123.046875,C# minor,2291.705746253879,879.9081686806747,4782.196082714541,2401.9185135994885,0.0982352336493808,0.06262923749585293,-266.74981689453125,133.3889923095703,83.45097351074219,35.111515045166016,-4.245471000671387,24.04167938232422,20.503358840942383,22.79893684387207,-2.355520248413086,18.292083740234375,5.0049920082092285,15.30461311340332,-2.7873966693878174,12.237232208251953,1.9239436388015747,11.56460952758789,-5.748416900634766,9.809873580932617,-1.2785027027130127,9.999419212341309,-3.4820427894592285,9.060084342956543,1.0986617803573608,8.902255058288574,-2.231667995452881,8.581795692443848,0.4761179983615875,0.3068808913230896,0.05211401358246803,0.05122274532914162,-0.0013632373220125757,0.11435466037429554,music/Big Punisher - I'm Not A Player.mp3,1,57.0,20,Big Punisher,I'm Not A Player,charted,,chart_51_100,0.4359239251822338
30.0,30.0,129.19921875,G# minor,2752.955217939666,685.1787685996292,5616.332705471169,2556.574495392137,0.13440659466911764,0.05574535594794391,-75.00788879394531,28.941173553466797,72.30166625976562,23.911540985107422,-18.47125244140625,20.98675537109375,31.611373901367188,15.876565933227539,13.40422248840332,8.555573463439941,17.131729125976562,9.257908821105957,3.133772850036621,11.816462516784668,17.48781967163086,8.838760375976562,-0.428400456905365,8.14073371887207,10.619466781616211,7.25223970413208,-8.785664558410645,6.850162029266357,2.65303373336792,7.31581449508667,-5.471644878387451,5.285505294799805,0.46699556708335876,0.2751060128211975,0.11917782574892044,0.02517293579876423,0.017787886594888277,0.07047002980363415,music/The Sweet - Blockbuster.mp3,1,73.0,7,The Sweet,Blockbuster,charted,,chart_51_100,0.3603978509331687
30.0,30.0,83.35433467741936,G# major,2953.083935306414,746.1418432490303,6243.095582188467,2803.2288073654845,0.1313196896768576,0.052794986481912214,-41.230403900146484,51.318931579589844,66.7163314819336,22.87071990966797,5.026466369628906,22.94809913635254,23.637531280517578,13.61401081085205,6.244743347167969,9.257043838500977,9.831643104553223,13.182765007019043,2.575428009033203,9.409616470336914,6.64502477645874,8.14034652709961,2.1241347789764404,7.6893839836120605,6.871190547943115,8.173835754394531,-3.5220906734466553,8.090923309326172,5.5167670249938965,7.983656883239746,-2.8892929553985596,8.969643592834473,0.384967565536499,0.3022416830062866,0.2040562778711319,0.06661269068717957,0.005092612232049455,0.2041041742086783,music/Avril Lavigne - Wish You Were Here.mp3,1,65.0,7,Avril Lavigne,Wish You Were Here,charted,,chart_51_100,0.39697731084447274
30.0,30.0,123.046875,G# major,2320.0533933545285,737.8645442656097,4922.353568534733,2480.3748017676053,0.10449710054663312,0.04759804811738719,-50.732486724853516,41.02143859863281,95.65408325195312,26.226970672607422,-8.125090599060059,17.67019271850586,15.268684387207031,15.004739761352539,6.5792927742004395,13.077075958251953,10.25450611114502,8.589422225952148,-0.6899287104606628,8.95246696472168,4.389530181884766,6.913321018218994,-2.896451234817505,6.229186534881592,3.3588995933532715,7.915972709655762,-6.516263008117676,8.42905330657959,0.7804436683654785,6.280313014984131,-6.413125038146973,6.7909111976623535,0.3787810802459717,0.29052332043647766,0.1838068962097168,0.06737006455659866,0.01990190050105805,0.16402073237313278,music/Neil Diamond - Longfellow Serenade.mp3,1,5.0,15,Neil Diamond,Longfellow Serenade,charted,,top20,0.8492443277111181
30.0,30.0,95.703125,E minor,3125.5425202417864,865.3449074291001,7210.156401170666,3151.2994999903913,0.10947515056598298,0.08278884046814021,-166.02574157714844,55.56842803955078,53.2050895690918,25.302858352661133,20.837865829467773,23.627779006958008,21.406349182128906,18.264360427856445,16.32523536682129,17.30516815185547,8.843703269958496,12.08699893951416,9.831366539001465,12.899203300476074,14.629412651062012,10.338162422180176,2.2558555603027344,11.764384269714355,9.819278717041016,8.016161918640137,3.923815965652466,9.719120979309082,8.036352157592773,8.7304048538208,4.061355113983154,8.520590782165527,0.47824037075042725,0.29590848088264465,0.09085650742053986,0.036745984107255936,-0.000981612854442972,0.09669764450763521,music/Sporty Thievz Featuring Mr. Woods - No Pigeons.mp3,1,12.0,17,Sporty Thievz Featuring Mr. Woods,No Pigeons,charted,,top20,0.75
30.0,30.0,95.703125,G# minor,2965.4355521766734,972.7262396088948,6263.870456565644,2756.7613103657472,0.13146745900251547,0.08431744709726685,-168.38829040527344,73.45317077636719,60.832332611083984,33.79855728149414,4.503223419189453,20.21145248413086,29.081117630004883,20.450952529907227,5.96580171585083,15.529280662536621,11.777771949768066,13.821653366088867,2.45100474357605,12.513629913330078,6.11722469329834,12.021595001220703,-4.882997512817383,10.998979568481445,8.795317649841309,13.069461822509766,0.07142223417758942,9.780287742614746,3.2032103538513184,10.129199028015137,-1.0958375930786133,8.941831588745117,0.44636285305023193,0.2982522249221802,0.06812113523483276,0.03738608956336975,0.02164509553442024,0.11013442142177748,music/B2K Featuring Fabolous - Badaboom.mp3,1,59.0,8,B2K Featuring Fabolous,Badaboom,charted,,chart_51_100,0.4259395027129505
30.0,30.0,80.74951171875,C major,1976.7238381581558,784.7631595741209,4069.5837251173084,2092.3516925343683,0.09361545810758513,0.055354948507194635,-152.66720581054688,90.30547332763672,106.5269775390625,36.49755096435547,-18.021190643310547,23.81339454650879,37.36005783081055,14.608972549438477,-0.07757568359375,15.712078094482422,7.424298286437988,10.935348510742188,-0.20639926195144653,9.097886085510254,1.7443602085113525,7.759476184844971,0.009820849634706974,8.357660293579102,6.839904308319092,8.388450622558594,-0.6431922316551208,6.531262397766113,-0.35024088621139526,9.790717124938965,-8.911239624023438,9.38474178314209,0.38242223858833313,0.2944992184638977,0.10123998671770096,0.0498305968940258,0.06781495042218409,0.13734234322991595,music/Iron Butterfly - In The Time Of Our Lives.mp3,1,96.0,2,Iron Butterfly,In The Time Of Our Lives,charted,,chart_51_100,0.2653077329434267
30.0,30.0,143.5546875,A# major,1823.6539652034278,514.5782639749572,3847.5767342298764,2061.181280588294,0.07943413796439629,0.039920343387671836,-140.4012451171875,72.0002212524414,110.70401763916016,24.330602645874023,-14.891692161560059,17.97916603088379,37.51582336425781,13.696858406066895,0.9279595017433167,14.188655853271484,17.564416885375977,9.753680229187012,-2.384838342666626,12.32691764831543,9.833290100097656,9.218438148498535,-6.583237648010254,8.90280532836914,3.439394474029541,8.231704711914062,-1.9479796886444092,8.886693000793457,-0.5897641181945801,8.552689552307129,3.2970035076141357,7.971827983856201,0.3730367124080658,0.29742804169654846,0.11178340762853622,0.05945577844977379,-0.006910442082776179,0.17134943131627378,music/The Band - The Weight.mp3,1,63.0,7,The Band,The Weight,charted,,chart_51_100,0.40647432467270017
30.0,30.0,143.5546875,G# major,2969.2694930274765,759.6364611332808,6224.72902658185,2822.862747108809,0.130850682686726,0.061446112788972565,-86.71588897705078,46.68347930908203,64.93744659423828,24.482450485229492,13.83147144317627,21.55908203125,38.36743927001953,13.934149742126465,7.959852695465088,11.540328979492188,16.04075813293457,9.240687370300293,-1.2672513723373413,10.03464126586914,6.630543231964111,8.20623779296875,7.304306507110596,8.182926177978516,6.848474979400635,6.826797962188721,2.7395548820495605,6.736473083496094,3.6013236045837402,7.333563804626465,-2.7166616916656494,6.432440757751465,0.4566270709037781,0.285673052072525,0.12055136263370514,0.04760655015707016,0.03607550675985886,0.1183505623661233,music/Krokus - Midnite Maniac.mp3,1,71.0,6,Krokus,Midnite Maniac,charted,,chart_51_100,0.36934377611310876
30.0,30.0,172.265625,A minor,2310.2434873862944,924.7420595379541,5168.1520822247485,2656.8239798152094,0.05036855408281734,0.026504754508585335,-103.68034362792969,57.51362991333008,80.04718780517578,31.35321044921875,9.256786346435547,32.716575622558594,8.649223327636719,22.924165725708008,2.50712513923645,13.338506698608398,12.175436973571777,12.78338623046875,8.320199012756348,9.351175308227539,9.896421432495117,10.962238311767578,1.9757367372512817,6.868055820465088,12.901131629943848,7.512237071990967,1.9866355657577515,6.97821044921875,8.5845365524292,7.1649627685546875,4.698581695556641,7.299266338348389,0.4430597722530365,0.32707470655441284,0.24963931739330292,0.08475439250469208,-0.0042074629991349305,0.15672350922386602,music/DeJ Loaf - Try Me.mp3,1,45.0,20,DeJ Loaf,Try Me,charted,,chart_21_50,0.5
30.0,30.0,129.19921875,D major,1762.5591481676715,902.9659989320721,3638.5446648848683,2215.9918634939936,0.06869384009771672,0.05544679608182658,-292.6401672363281,109.36003112792969,113.19998931884766,32.857322692871094,20.454345703125,30.704307556152344,20.223302841186523,15.615351676940918,6.767757892608643,15.5604887008667,10.123941421508789,12.666383743286133,-1.2427502870559692,11.331963539123535,6.976822376251221,10.418649673461914,-8.569890022277832,10.21031665802002,-3.1036674976348877,8.859516143798828,-2.8064727783203125,9.530486106872559,-6.160719871520996,9.588733673095703,-4.592199325561523,7.896681308746338,0.287845641374588,0.29800933599472046,0.04073904827237129,0.02478148229420185,0.016365647432812713,0.19721888321134093,music/Climax Blues Band - I Love You.mp3,1,12.0,27,Climax Blues Band,I Love You,charted,,top20,0.75
30.0,30.0,129.19921875,F major,2496.286935092766,389.47079356101756,4589.630580465122,2028.1828330763192,0.1604170193982198,0.03177944711041175,-38.97065353393555,34.71739959716797,82.25194549560547,18.316476821899414,-49.371856689453125,16.460920333862305,38.11597442626953,14.424985885620117,-8.16949462890625,10.461871147155762,6.232753753662109,8.04631233215332,-18.746862411499023,9.295530319213867,9.11379337310791,7.361420154571533,-7.756015777587891,7.438836574554443,2.685762643814087,7.581204414367676,-3.112294912338257,7.086884498596191,3.5694339275360107,6.289698600769043,-5.925771713256836,6.200056076049805,0.33847445249557495,0.28305962681770325,0.17247062921524048,0.053505171090364456,0.05371652420945296,0.15926664091052464,music/Four Tops - If I Were A Carpenter.mp3,1,20.0,10,Four Tops,If I Were A Carpenter,charted,,top20,0.6714356296636146
30.0,30.0,89.10290948275862,G minor,3111.871360740907,896.9871686913482,6590.810146272736,2855.878062296303,0.12210508175309598,0.09888206521981953,-25.690433502197266,70.01371765136719,45.424964904785156,27.50179100036621,0.6042348146438599,29.224409103393555,28.422842025756836,26.955881118774414,7.773491859436035,16.91321563720703,7.662346839904785,18.858531951904297,9.198325157165527,14.8746919631958,12.347715377807617,12.729475021362305,0.11830040067434311,11.593209266662598,13.441678047180176,11.939308166503906,-0.5354166626930237,9.395012855529785,7.7256011962890625,10.09030818939209,3.227734088897705,9.68155288696289,0.5204094052314758,0.29212942719459534,0.3526490330696106,0.14580532908439636,-0.03941340434946324,0.15301131878695515,music/Megan Thee Stallion - Girls In The Hood.mp3,1,28.0,18,Megan Thee Stallion,Girls In The Hood,charted,,chart_21_50,0.6083252740996798
30.0,30.0,92.28515625,F# major,2469.293717071998,470.4904803285281,4402.348379601635,2147.8549200623847,0.14949153746613777,0.05057843340814218,-84.08705139160156,55.97492599487305,79.94683837890625,24.552539825439453,-37.99448776245117,16.36386489868164,32.3394775390625,11.351187705993652,0.980552077293396,11.809554100036621,-1.3759480714797974,9.124212265014648,-1.0193778276443481,9.947290420532227,7.110607147216797,8.178362846374512,-5.6910080909729,8.211980819702148,5.915710926055908,8.176697731018066,-3.01670503616333,7.778871536254883,-1.4399843215942383,7.00145959854126,-3.7827298641204834,7.24546480178833,0.4100245535373688,0.2919636368751526,0.11524327099323273,0.04227479547262192,-0.03361242299186803,0.10151796056644749,music/Jackie Wilson & Linda Hopkins - Shake A Hand.mp3,1,42.0,7,Jackie Wilson & Linda Hopkins,Shake A Hand,charted,,chart_21_50,0.5173463504182886
30.0,30.0,151.99908088235293,G major,2362.0390151874058,513.9809551225406,5449.250382461784,2688.3558488099447,0.08647188830301858,0.031044126813268416,-197.41677856445312,38.52147674560547,90.36210632324219,19.505924224853516,7.593021392822266,14.364370346069336,20.15444564819336,12.930610656738281,8.111945152282715,13.377520561218262,12.015864372253418,8.775731086730957,-4.281810760498047,11.452509880065918,3.755432605743408,7.481631755828857,1.8782418966293335,7.288697242736816,3.9802231788635254,6.597879409790039,0.48501458764076233,7.032504558563232,8.004068374633789,6.4281158447265625,-1.6662333011627197,6.340609073638916,0.37415066361427307,0.284865140914917,0.043710045516490936,0.010607650503516197,0.04741329336990904,0.21948520323744972,music/Gwyneth Paltrow - Country Strong.mp3,1,81.0,2,Gwyneth Paltrow,Country Strong,charted,,chart_51_100,0.32580013753675796
30.0,30.0,112.34714673913044,A# major,2070.470488645267,935.495876334613,4317.490559391931,2247.6741969809823,0.08465065970878483,0.05672297155513991,-164.70761108398438,69.04275512695312,105.12557983398438,36.966400146484375,3.6755950450897217,24.012489318847656,37.26783752441406,18.767946243286133,2.85541033744812,14.161537170410156,14.027374267578125,11.536406517028809,-9.314123153686523,9.959089279174805,8.635621070861816,8.502859115600586,-6.238896369934082,9.221579551696777,5.297799587249756,7.673244953155518,-6.390652179718018,8.137444496154785,1.2868032455444336,7.016041278839111,-2.19628643989563,7.438645839691162,0.380706250667572,0.2987729012966156,0.0914238691329956,0.041653119027614594,-0.0508234038986333,0.11658379551153353,music/Lou Rawls - You'll Never Find Another Love Like Mine.mp3,1,2.0,21,Lou Rawls,You'll Never Find Another Love Like Mine,charted,,top20,0.9246221638555591
30.0,30.0,172.265625,A# major,2668.1436904644156,762.4016440421088,6258.970486195095,2832.122491442537,0.11011913760158669,0.058207137758315465,-109.2886734008789,46.387237548828125,89.09550476074219,21.711320877075195,10.470757484436035,20.407466888427734,5.923917293548584,15.976746559143066,7.76405143737793,12.933032035827637,7.165674209594727,10.699689865112305,-8.883681297302246,10.11800765991211,12.287811279296875,8.469626426696777,-8.05554485321045,8.652352333068848,8.372509956359863,9.117802619934082,-6.192270755767822,8.154793739318848,6.539054870605469,7.105465888977051,-3.5425703525543213,8.431157112121582,0.32499590516090393,0.3046722114086151,0.10742900520563126,0.03318517655134201,-0.004536108410321918,0.13602386153954002,music/The Artistics - Girl I Need You.mp3,1,69.0,6,The Artistics,Girl I Need You,charted,,chart_51_100,0.378418439491939
30.0,30.0,117.45383522727273,G major,3418.7491017240604,1110.5834118634493,7868.935750955398,3356.5279700778183,0.1324409980892028,0.09821268583631296,-215.35887145996094,61.89702606201172,55.33747863769531,28.031482696533203,36.72441101074219,24.077028274536133,16.09375762939453,20.724000930786133,13.929397583007812,13.958218574523926,7.550327777862549,15.99290943145752,4.658595561981201,11.848555564880371,1.0524970293045044,11.56870174407959,5.1168532371521,11.625930786132812,4.628918170928955,10.383760452270508,-3.2682337760925293,10.437642097473145,-1.9718762636184692,9.008573532104492,-0.9981549382209778,9.004074096679688,0.43618351221084595,0.3054160475730896,0.05535309389233589,0.029103219509124756,-0.0064902734297640815,0.10984587617315336,music/Before Dark - Monica.mp3,1,77.0,9,Before Dark,Monica,charted,,chart_51_100,0.34287125932722906
30.0,30.0,129.19921875,F# minor,2406.137641898366,749.5440095584563,5024.38628489019,2462.8862442465734,0.11861114974361456,0.05921615822795215,-77.12113189697266,57.330257415771484,91.60530090332031,28.772785186767578,-7.987278938293457,17.182409286499023,21.714126586914062,14.207863807678223,8.973466873168945,13.972846031188965,3.1637017726898193,9.544179916381836,-9.474146842956543,11.593843460083008,12.435914039611816,10.095671653747559,-7.5579400062561035,10.697717666625977,-0.9005895853042603,9.744367599487305,4.076166152954102,9.1063814163208,-1.2638834714889526,9.615145683288574,-3.6143484115600586,7.272553443908691,0.37825480103492737,0.2888043224811554,0.13445712625980377,0.03402494639158249,-0.030052577553532415,0.1478204188692282,music/Luke Bryan - Light It Up.mp3,1,57.0,19,Luke Bryan,Light It Up,charted,,chart_51_100,0.4359239251822338
30.0,30.0,99.38401442307692,B major,3563.670289671401,903.8701237012605,7692.578484030331,3192.3903820729083,0.16805302764609134,0.08704883378371359,-80.79914855957031,44.06416702270508,51.72087860107422,26.968791961669922,19.128894805908203,26.871980667114258,22.186994552612305,17.912282943725586,11.942086219787598,14.043639183044434,-3.6917855739593506,12.6439847946167,-0.1085415780544281,11.327051162719727,1.262328863143921,10.39184284210205,1.9130475521087646,10.250884056091309,5.330199241638184,10.160950660705566,-6.485599517822266,9.829682350158691,3.1083803176879883,7.38021183013916,-11.250738143920898,10.136808395385742,0.338594913482666,0.30531617999076843,0.14280162751674652,0.05547080934047699,0.0005294236267305747,0.10979351318685672,music/Mariah Carey Featuring Jay-Z - Heartbreaker.mp3,1,1.0,20,Mariah Carey Featuring Jay-Z,Heartbreaker,charted,,top20,1.0
30.0,30.0,112.34714673913044,F major,1617.2637678055978,818.7294351553588,3161.2975507328756,2084.935154125525,0.06852074968556501,0.06829262739494925,-183.9087371826172,61.225791931152344,123.08805084228516,29.952701568603516,13.681658744812012,16.748655319213867,19.049232482910156,17.7283992767334,-6.413843154907227,10.299463272094727,-4.9374680519104,10.509563446044922,-10.853181838989258,10.18484115600586,-6.224091053009033,9.0489501953125,-7.659487247467041,8.281041145324707,-5.31145715713501,9.594660758972168,0.17071501910686493,9.389927864074707,0.5723568201065063,8.42971134185791,-7.911550998687744,8.593844413757324,0.25197529792785645,0.3031172752380371,0.10357320308685303,0.04709445312619209,0.07279625302345127,0.1929212036900796,music/Rod Stewart - Mine For Me.mp3,1,91.0,2,Rod Stewart,Mine For Me,charted,,chart_51_100,0.28490305806580574
30.0,30.0,92.28515625,C major,2108.713580277837,1114.6501833453017,4731.088058424439,2587.0144950361982,0.07124900227360681,0.07541683565895523,-139.94337463378906,71.8150634765625,97.124755859375,38.815818786621094,31.81974983215332,27.489931106567383,22.456819534301758,18.960983276367188,3.254262685775757,20.83928680419922,0.34251436591148376,15.695096969604492,-0.8146898746490479,13.033098220825195,4.692409038543701,13.100296020507812,-3.9901809692382812,13.47713851928711,5.044072151184082,11.469999313354492,-5.300865650177002,11.224899291992188,-0.7182126045227051,9.167023658752441,-2.995677947998047,9.53325366973877,0.4122743308544159,0.30281516909599304,0.18203745782375336,0.10021059960126877,0.033310130723680394,0.10618387550858267,music/The Roots - What They Do.mp3,1,34.0,15,The Roots,What They Do,charted,,chart_21_50,0.5669872981077807
30.0,30.0,107.666015625,C minor,2916.7028125381253,814.5221970210015,6572.193592177825,2921.4285334517003,0.13141870646284828,0.08266908001542467,-216.53765869140625,52.08928298950195,73.21835327148438,23.456825256347656,19.379520416259766,20.75402069091797,16.92149543762207,15.808425903320312,3.345154285430908,12.369277954101562,9.930085182189941,11.935698509216309,-6.443506240844727,11.49123764038086,3.4086430072784424,8.591597557067871,-6.578121185302734,8.889437675476074,2.380650758743286,8.413154602050781,0.436823308467865,8.693076133728027,-1.756696105003357,7.583652973175049,-1.7051011323928833,7.212743282318115,0.3643360435962677,0.3015272319316864,0.03390539065003395,0.009733270853757858,0.015583549007174222,0.08811809523912939,music/Wet Wet Wet - Wishing I Was Lucky.mp3,1,58.0,8,Wet Wet Wet,Wishing I Was Lucky,charted,,chart_51_100,0.4309098170205039
30.0,30.0,117.45383522727273,D# minor,1161.5835566823653,513.419202355599,2531.5513587219425,1402.0969380208128,0.0447941357875387,0.03126169457074571,-318.0250244140625,56.761051177978516,141.0582733154297,28.53915023803711,-23.39209747314453,25.41815185546875,73.05009460449219,19.227767944335938,13.520977973937988,18.081846237182617,4.770107746124268,16.003524780273438,9.109095573425293,14.220173835754395,8.682393074035645,9.230561256408691,-1.1265218257904053,11.356311798095703,9.331450462341309,10.53972339630127,-5.012631893157959,8.710854530334473,-1.6208175420761108,8.227213859558105,-3.6747543811798096,6.673112392425537,0.29435789585113525,0.3126676380634308,0.04613187909126282,0.014754978939890862,0.015380064987657602,0.14200381405706422,music/Jody Miller - Queen Of The House.mp3,1,12.0,9,Jody Miller,Queen Of The House,charted,,top20,0.75
30.0,30.0,143.5546875,A# major,2250.165361314401,590.0857321432535,4663.68013269761,2416.328851287509,0.1047446425116099,0.05048129443286932,-168.87037658691406,64.2901382446289,90.97466278076172,22.668581008911133,-1.787427544593811,20.70452117919922,24.950714111328125,13.924154281616211,-0.018213797360658646,14.595755577087402,1.172485589981079,11.51899242401123,-2.2916173934936523,11.504964828491211,1.8106878995895386,10.236166000366211,-5.669074058532715,8.914280891418457,-1.0466666221618652,9.09699535369873,-2.271782636642456,9.501145362854004,3.4295732975006104,8.97541618347168,-0.6555408239364624,9.552398681640625,0.30056506395339966,0.30253785848617554,0.08232247829437256,0.04472534358501434,0.005376155107877527,0.2114303281965569,music/William Bell - A Tribute To A King.mp3,1,86.0,6,William Bell,A Tribute To A King,charted,,chart_51_100,0.30505068857178835
30.0,30.0,123.046875,G major,1548.1846880932756,963.4245679971298,3320.446588380418,1867.1683059650202,0.06018708881578947,0.04688139779551433,-119.76892852783203,58.86853790283203,138.7059326171875,49.97944259643555,6.730647087097168,28.458351135253906,37.57215881347656,16.498594284057617,-3.033395290374756,13.965422630310059,13.663273811340332,10.831099510192871,-3.4277162551879883,13.196494102478027,7.005390644073486,10.361701965332031,-4.552041053771973,9.677919387817383,-5.07343864440918,8.930569648742676,-1.3569636344909668,8.923417091369629,-6.115434646606445,7.602384090423584,-5.939953327178955,7.158243656158447,0.3146570920944214,0.2937873303890228,0.21313609182834625,0.0449468158185482,0.030577874206501796,0.28551824379503077,music/Kanye West - Moon.mp3,1,17.0,5,Kanye West,Moon,charted,,top20,0.6984886554222364
30.0,30.0,184.5703125,A# major,1987.0024559121434,438.4064692846117,3803.668666402622,1955.0048805557478,0.11061082019156347,0.050575152018795984,-114.20188903808594,32.950294494628906,107.88384246826172,21.426395416259766,-28.693960189819336,15.99423599243164,34.28610610961914,14.067867279052734,-11.834741592407227,10.548735618591309,7.50009822845459,15.46677303314209,9.338885307312012,14.246705055236816,4.4980316162109375,10.568253517150879,-5.407303810119629,11.276106834411621,14.166351318359375,9.146161079406738,-7.84430456161499,8.097309112548828,14.176948547363281,10.145626068115234,-2.9306280612945557,8.684680938720703,0.37925973534584045,0.29297515749931335,0.12435757368803024,0.03409372270107269,0.0034996017395356026,0.1476252191624382,music/Kim Weston - Love Me All The Way.mp3,1,88.0,5,Kim Weston,Love Me All The Way,charted,,chart_51_100,0.296922350079181
30.0,30.0,95.703125,C major,2750.4863700028213,1324.7486399368088,5535.599860318305,2560.387015964187,0.1305785754885836,0.0965556534467215,-159.45726013183594,83.30095672607422,68.76116180419922,40.14440155029297,19.513172149658203,27.486167907714844,35.99765396118164,22.009675979614258,5.705182075500488,17.644222259521484,24.775693893432617,12.76172924041748,-5.376051425933838,14.522151947021484,12.760485649108887,13.866569519042969,-7.216684341430664,11.1589994430542,2.7391357421875,10.557104110717773,1.293923258781433,11.332616806030273,1.2935739755630493,8.853525161743164,-7.668266773223877,8.645844459533691,0.41435208916664124,0.3115890324115753,0.1213391050696373,0.09045121818780899,0.04929823870037621,0.10086056515599218,music/ARRESTED DEVELOPMENT - EASE MY MIND.mp3,1,45.0,12,Arrested Development,Ease My Mind,charted,,chart_21_50,0.5
30.0,30.0,71.77734375,F major,1512.3394778119969,465.0532925122805,2961.9404228848202,1874.598703772345,0.06170710985874613,0.029365530551875917,-231.01083374023438,67.60286712646484,128.45245361328125,23.3972110748291,-10.973123550415039,18.436603546142578,27.798864364624023,15.561589241027832,13.199074745178223,10.690869331359863,-4.204145908355713,13.020464897155762,-7.232234954833984,11.612092018127441,6.724961757659912,8.65619945526123,-4.699113845825195,11.340296745300293,-0.34259355068206787,9.546818733215332,-4.785485744476318,9.02557373046875,-1.635502576828003,9.735858917236328,1.0673495531082153,9.237373352050781,0.303657203912735,0.30871301889419556,0.06303273141384125,0.03306977450847626,0.04295572599105148,0.14975731759169345,music/L.T.D. - Shine On.mp3,1,40.0,16,L.T.D.,Shine On,charted,,chart_21_50,0.5292655641543641
30.0,30.0,143.5546875,G# minor,2085.4409396325464,834.3404245327122,4565.547392759529,2365.380624526767,0.07679583192240712,0.058922542143606434,-157.01304626464844,49.935142517089844,101.43824005126953,32.328948974609375,8.380012512207031,19.73227310180664,25.07753562927246,13.314804077148438,-5.161916255950928,13.257944107055664,13.854934692382812,10.867446899414062,-4.538476467132568,10.52027702331543,5.508433818817139,11.76600456237793,-9.371271133422852,10.607383728027344,-6.868784427642822,10.648964881896973,-7.248337268829346,11.07457447052002,-7.186731815338135,9.030176162719727,-11.238545417785645,9.682602882385254,0.31171682476997375,0.303897887468338,0.09474684298038483,0.033861976116895676,0.015753230990448168,0.1702421639721558,music/Andy Williams - ......And Roses And Roses.mp3,1,36.0,7,Andy Williams,......And Roses And Roses,charted,,chart_21_50,0.5540587074920776
30.0,30.0,143.5546875,G# major,2243.349806089724,956.0822532468195,4479.947910367889,2252.5693675331195,0.10406399658958979,0.07160445316500154,-141.5232696533203,69.09598541259766,104.01770782470703,40.18520736694336,-18.687458038330078,24.301345825195312,8.116116523742676,17.59056282043457,-1.3448059558868408,13.079018592834473,5.87566614151001,12.607245445251465,-11.880207061767578,10.438560485839844,-6.425946235656738,9.125765800476074,-10.27939224243164,9.076098442077637,-2.223705291748047,8.648117065429688,-5.143360137939453,6.968800067901611,-6.394709587097168,7.4555511474609375,-9.480514526367188,7.384082317352295,0.3067738115787506,0.2911309003829956,0.09198829531669617,0.04968815669417381,0.0044849698559190935,0.2046982885170151,music/Bon Jovi - Always.mp3,1,4.0,32,Bon Jovi,Always,charted,,top20,0.8694417580332267
30.0,30.0,129.19921875,D# minor,2421.256589155377,611.9642099044353,5285.293040556066,2539.904429694256,0.10639655996033281,0.04439186542185579,-66.5318832397461,36.793800354003906,87.97639465332031,19.296720504760742,-1.6961185932159424,15.501167297363281,24.761869430541992,10.709770202636719,0.5425570011138916,10.085334777832031,12.045672416687012,7.782933712005615,-5.258532524108887,8.116896629333496,4.183309078216553,7.7017292976379395,-2.920227289199829,7.2116169929504395,-1.308766484260559,7.334610939025879,-2.533724069595337,7.634308815002441,1.8438010215759277,7.497339248657227,-0.8370491862297058,6.821554183959961,0.34416648745536804,0.297545462846756,0.15038922429084778,0.03158007562160492,0.039416073051489586,0.1443769927544434,music/The Isley Brothers - This Old Heart Of Mine (Is Weak For You).mp3,1,12.0,12,The Isley Brothers,This Old Heart Of Mine (Is Weak For You),charted,,top20,0.75
30.0,30.0,151.99908088235293,D# minor,1797.7947288325486,334.9647046956149,3579.228356895801,1836.0852212354932,0.0925663336880805,0.027898716967389475,-113.3774185180664,35.65070724487305,125.2280044555664,20.493274688720703,-34.42706298828125,12.422935485839844,35.268470764160156,9.098563194274902,-11.76494312286377,8.887999534606934,11.584612846374512,8.239849090576172,-15.337645530700684,8.680657386779785,2.2143657207489014,8.430028915405273,-8.52614688873291,6.659336090087891,1.9528098106384277,7.58538293838501,-0.9103450179100037,8.300113677978516,-5.524323463439941,8.273624420166016,-2.3968160152435303,7.867404937744141,0.2505650222301483,0.282705694437027,0.11453638225793839,0.03363968804478645,0.09569728616651609,0.19722171242493264,music/Baja Marimba Band - Ghost Riders In The Sky.mp3,1,52.0,6,Baja Marimba Band,Ghost Riders In The Sky,charted,,chart_51_100,0.46169457807604497
30.0,30.0,117.45383522727273,E major,1925.5406393565097,463.9565836342666,3885.651503996952,1883.2884768130461,0.09986107415828173,0.036505868299905805,-121.0625991821289,50.55806350708008,117.22823333740234,21.662817001342773,-32.72944259643555,14.51445198059082,38.58942794799805,16.340858459472656,-30.697507858276367,15.177116394042969,8.656874656677246,10.296395301818848,-8.934608459472656,11.148996353149414,2.598759889602661,8.520702362060547,-17.303430557250977,8.434622764587402,-7.519343852996826,9.507583618164062,-6.077878475189209,9.982605934143066,2.8538966178894043,7.617325305938721,-3.115605592727661,7.310491561889648,0.3317190110683441,0.2971542179584503,0.10894253104925156,0.04027269408106804,-0.00762661464400434,0.12055259435107238,music/Tommy Edwards - Love Is All We Need.mp3,1,15.0,16,Tommy Edwards,Love Is All We Need,charted,,top20,0.7179619625911169
30.0,30.0,103.359375,A major,2433.6983546396455,810.0388060251115,5246.143277289329,2463.102359165673,0.11081641229682662,0.06052586141171557,-77.43917083740234,64.44308471679688,89.4455795288086,35.27021408081055,1.0502793788909912,21.253267288208008,37.973175048828125,15.309447288513184,-2.083995819091797,12.002685546875,7.1315436363220215,10.63839340209961,-0.6384775042533875,9.020069122314453,7.1663498878479,9.236822128295898,0.9345783591270447,8.252578735351562,2.2273142337799072,8.245224952697754,0.7565714120864868,7.6140875816345215,3.009392499923706,7.209421157836914,-6.0090813636779785,6.510035991668701,0.4315090477466583,0.2917972803115845,0.15444055199623108,0.04433487355709076,0.0012950612913295147,0.12903085164503772,music/Rufus Thomas - (Do The) Push And Pull Part I.mp3,1,25.0,13,Rufus Thomas,(Do The) Push And Pull Part I,charted,,chart_21_50,0.6307255270620018
30.0,30.0,95.703125,G# major,2414.675370299681,1081.5776585272981,4963.978316835574,2383.6684609767894,0.10297783535700464,0.0849038923839428,-77.82737731933594,75.32193756103516,83.35858917236328,49.19042205810547,-3.6183831691741943,32.87614059448242,21.75270652770996,26.811504364013672,4.436517715454102,19.630521774291992,-6.4432454109191895,21.664562225341797,-12.592430114746094,17.599170684814453,12.512510299682617,12.6254243850708,-24.33757972717285,19.371562957763672,8.676921844482422,13.46505355834961,-8.929529190063477,11.577522277832031,-7.2591118812561035,13.21814250946045,0.3654964864253998,9.363957405090332,0.3493625223636627,0.31612005829811096,0.2566606402397156,0.10775525122880936,0.03759715121392663,0.14515712291411373,music/Kendrick Lamar - Element..mp3,1,16.0,11,Kendrick Lamar,Element.,charted,,top20,0.7080628959394288
30.0,30.0,112.34714673913044,F# major,3245.4700410227106,1457.9801306253812,6470.752538911329,2833.610344911552,0.16509083845297987,0.13658632276879817,-48.813289642333984,77.8348388671875,62.469173431396484,40.63496780395508,10.151044845581055,24.46188735961914,17.624427795410156,20.431955337524414,4.234576225280762,13.230443000793457,4.850151062011719,13.32162094116211,1.9429041147232056,10.335163116455078,2.732680320739746,12.129524230957031,1.5227360725402832,9.064027786254883,4.402393817901611,8.541029930114746,-4.291222095489502,9.038012504577637,2.9221913814544678,8.00115966796875,-3.718222141265869,7.437675952911377,0.3930460512638092,0.3088586926460266,0.22131085395812988,0.09341761469841003,-0.030499330021107315,0.14593894822466563,music/Britney Spears - Piece Of Me.mp3,1,18.0,20,Britney Spears,Piece Of Me,charted,,top20,0.6892092197459694
30.0,30.0,151.99908088235293,A# major,1981.3121781455218,780.0138710256228,4514.997698426616,2446.5432313365304,0.05818067615615325,0.04542948806012094,-238.0703887939453,49.986507415771484,93.26535034179688,29.176517486572266,13.556693077087402,15.54834270477295,43.203887939453125,13.758191108703613,17.133438110351562,11.615887641906738,15.37783145904541,8.501112937927246,4.357917308807373,7.716996192932129,14.376940727233887,7.062327861785889,-1.09253990650177,7.200793743133545,3.88427734375,8.397672653198242,-0.25851115584373474,6.885532855987549,1.980393409729004,6.442413330078125,-3.381624937057495,6.468945026397705,0.4300050139427185,0.28789225220680237,0.05192225053906441,0.019095901399850845,-0.010036409233079748,0.09353884829405437,music/The Postal Service - We Will Become Silhouettes.mp3,1,82.0,1,The Postal Service,We Will Become Silhouettes,charted,,chart_51_100,0.3215994747000318
30.0,30.0,135.99917763157896,G# major,1757.8541000501489,645.4298749250302,3597.2449146188083,2197.3849784507815,0.06715756820820433,0.04443515747714991,-211.92807006835938,59.778011322021484,114.83574676513672,28.488731384277344,1.042862057685852,17.904220581054688,24.452707290649414,15.577683448791504,7.194337368011475,11.09435749053955,-0.2969096601009369,14.021417617797852,10.764766693115234,10.562724113464355,-0.28618544340133667,11.874853134155273,4.57796573638916,13.513230323791504,-0.7885651588439941,8.563146591186523,-17.93307876586914,10.941191673278809,1.6195684671401978,8.340856552124023,-10.099565505981445,10.462808609008789,0.2760213315486908,0.31128090620040894,0.08035416156053543,0.04178716614842415,-0.02681983892616822,0.23024210878328283,music/Dolly Parton - Heartbreaker.mp3,1,37.0,10,Dolly Parton,Heartbreaker,charted,,chart_21_50,0.5477329831333546
30.0,30.0,103.359375,D# major,3072.05027229941,1329.6593542933942,6231.137321165103,2771.6266130145145,0.14077957200561145,0.11095817944854773,-137.10549926757812,69.63916015625,64.5823974609375,41.92925262451172,4.495469093322754,27.10525894165039,25.252029418945312,22.797639846801758,12.06112289428711,17.658031463623047,4.315631866455078,14.763725280761719,1.3305696249008179,11.505935668945312,8.606882095336914,11.917253494262695,-5.347012519836426,11.857905387878418,9.657505989074707,10.392515182495117,-0.6411696672439575,8.442744255065918,2.125504493713379,8.83314323425293,0.19524350762367249,8.850946426391602,0.4254978895187378,0.30982276797294617,0.10367252677679062,0.05117092654109001,-0.0018253222648018411,0.1119695171832968,music/Ginuwine - What's So Different.mp3,1,49.0,19,Ginuwine,What's So Different,charted,,chart_21_50,0.47776703213290644
30.0,30.0,78.30255681818181,A major,2678.9590912658523,1116.694740366296,5585.141227415103,2652.9220189018138,0.11766293174342106,0.09759412281418448,-197.58340454101562,89.06788635253906,63.92031478881836,35.89851379394531,9.813145637512207,31.94468879699707,19.678970336914062,20.94270133972168,-2.9103288650512695,18.60049057006836,10.112815856933594,15.191731452941895,-3.5281150341033936,15.096488952636719,0.9388805627822876,15.708111763000488,-0.12528212368488312,14.109630584716797,3.255826234817505,14.120888710021973,3.511082410812378,13.134479522705078,5.1774983406066895,11.780736923217773,-1.323392629623413,10.214156150817871,0.4297163486480713,0.3113788664340973,0.08524082601070404,0.05483674630522728,-0.01643991838046632,0.127542474111931,music/Somethin' For The People - With You.mp3,1,98.0,2,Somethin' For The People,With You,charted,,chart_51_100,0.25761441040631483
0.0010657596371882086,0.0010884353741496598,0.0,E minor,2881.877627566287,0.0,4931.103515625,2524.624826751451,0.0068359375,0.0,-260.4373779296875,0.0,80.68182373046875,0.0,-43.067752838134766,0.0,14.27047348022461,0.0,3.9164109230041504,0.0,-13.212350845336914,0.0,14.611371994018555,0.0,-12.731367111206055,0.0,8.732487678527832,0.0,-2.371708393096924,0.0,-3.7454423904418945,0.0,7.528839111328125,0.0,-9.462531089782715,0.0,0.9619007110595703,0.024244477972388268,0.005418975371867418,0.0,0.00014824045622357924,0.0028855744634789745,music/Jackie Wilson - Baby Get It (And Don't Quit It).mp3,1,61.0,5,Jackie Wilson,Baby Get It (And Don't Quit It),charted,,chart_51_100,0.4161257918788578
30.0,30.0,172.265625,A# minor,2759.834205946934,884.1865945726032,6470.985870833736,2952.7776454709247,0.11171361019736842,0.06269150841856334,-106.65203857421875,63.82931900024414,80.59522247314453,23.800601959228516,21.33270263671875,16.87157440185547,17.852928161621094,17.1883602142334,4.419013023376465,12.800464630126953,-3.1343233585357666,11.680665016174316,-2.653879165649414,10.063755989074707,4.999809741973877,8.686004638671875,-4.101461887359619,9.686410903930664,-0.37017643451690674,10.035233497619629,-1.1162662506103516,9.22910213470459,-4.114463806152344,9.17273235321045,-4.169824123382568,7.805126190185547,0.38097715377807617,0.28964483737945557,0.12119174748659134,0.048086103051900864,0.025539363882210356,0.136735380811841,music/Craig David - Walking Away.mp3,1,44.0,20,Craig David,Walking Away,charted,,chart_21_50,0.5057144733879194
30.0,30.0,151.99908088235293,D# major,2195.1700422426366,785.8582398526336,4762.3378694611065,2557.625001751895,0.087223584437887,0.05699432184934002,-110.41883087158203,49.414730072021484,96.74893951416016,26.973655700683594,10.061979293823242,21.745872497558594,24.298141479492188,15.92640495300293,17.677846908569336,14.21908950805664,9.559846878051758,11.823657989501953,-2.6433494091033936,10.10423469543457,8.302740097045898,8.62254810333252,-1.186509370803833,8.811010360717773,8.972799301147461,7.921504974365234,0.19415292143821716,7.632972240447998,0.20120126008987427,7.539145469665527,-5.616300582885742,6.996942043304443,0.3936305344104767,0.2957841753959656,0.12050541490316391,0.03288324549794197,-0.00016549768287279603,0.1462051418813024,music/Grateful Dead - Sugar Magnolia.mp3,1,91.0,2,Grateful Dead,Sugar Magnolia,charted,,chart_51_100,0.28490305806580574
30.0,30.0,107.666015625,F# major,2270.8427616404674,750.1972103931743,4996.411454050164,2525.1674618226834,0.0874167049632353,0.04740832832747333,-30.991640090942383,70.45901489257812,94.07807159423828,28.320985794067383,7.081521987915039,18.291288375854492,27.799692153930664,11.9898681640625,6.555308818817139,12.962410926818848,9.003850936889648,11.814486503601074,-2.3891541957855225,10.153742790222168,10.717633247375488,8.500807762145996,-6.367146015167236,10.34168529510498,6.148687839508057,9.128190994262695,-0.037846166640520096,8.925378799438477,0.9298255443572998,6.6690993309021,-0.01500123180449009,7.245861530303955,0.3748297393321991,0.29505255818367004,0.2739447355270386,0.08677982538938522,-0.06704533697698976,0.17276108131751042,music/Kenny Chesney - Happy Does.mp3,1,47.0,14,Kenny Chesney,Happy Does,charted,,chart_21_50,0.48876264185445484
30.0,30.0,123.046875,A# minor,3457.1947959532604,1041.917399464825,6773.900705815838,2826.53540004907,0.17579069816660217,0.11805471498044819,-160.27606201171875,59.77804183959961,34.32284164428711,38.52368927001953,-7.830602645874023,21.12644386291504,12.188982963562012,18.66399574279785,-5.490994453430176,15.237401008605957,9.170973777770996,13.827226638793945,6.308608055114746,16.615121841430664,7.738914489746094,13.393547058105469,-3.02059268951416,12.881936073303223,6.358767509460449,12.647699356079102,-7.1602935791015625,10.534355163574219,3.8537302017211914,9.832058906555176,4.822826385498047,11.113141059875488,0.46456000208854675,0.29377877712249756,0.06792809814214706,0.028138989582657814,-0.008135203005051777,0.0567024495027273,music/Crystal Waters - What I Need.mp3,1,82.0,4,Crystal Waters,What I Need,charted,,chart_51_100,0.3215994747000318
30.0,30.0,99.38401442307692,D# major,3106.2053063546714,1020.8056700236185,6554.168701171875,2827.140629535092,0.14792767693014705,0.10105644594855634,-142.94195556640625,72.043701171875,56.332401275634766,31.324371337890625,5.060437202453613,24.990840911865234,30.522911071777344,23.88119888305664,14.172171592712402,15.194131851196289,6.4541168212890625,13.46583366394043,-6.546424388885498,14.597712516784668,4.384005546569824,11.648277282714844,-7.403100967407227,11.454575538635254,1.604614019393921,10.45765495300293,-5.162055015563965,9.779046058654785,-0.24491897225379944,9.521751403808594,-6.942961692810059,8.393451690673828,0.4513727128505707,0.29596108198165894,0.08687417954206467,0.04617898166179657,0.001096091899745551,0.13553279114855477,music/Bobby Brown - Roni.mp3,1,3.0,17,Bobby Brown,Roni,charted,,top20,0.8933996418221948
30.0,30.0,123.046875,G# major,2456.223036228054,440.422760470592,5342.451028262868,2532.6837988024,0.12126154943885449,0.026361431951405542,-56.70375442504883,45.66771697998047,93.10189056396484,17.08850860595703,-14.02237319946289,14.717999458312988,16.44904327392578,11.201830863952637,5.382387161254883,6.336639881134033,5.648462295532227,6.343317985534668,-3.5574538707733154,6.166019916534424,2.721778631210327,5.940865516662598,-5.705995559692383,6.286006927490234,5.1718668937683105,6.819787979125977,-6.245215892791748,6.068370819091797,4.302623748779297,5.370368957519531,-4.790008068084717,4.272924900054932,0.443509578704834,0.2746638357639313,0.13098250329494476,0.047347843647003174,0.006914297374800111,0.142625791021729,music/Duane Eddy And The Rebels - Because They're Young.mp3,1,4.0,15,Duane Eddy And The Rebels,Because They're Young,charted,,top20,0.8694417580332267
30.0,30.0,123.046875,D# minor,2017.3330481620542,987.4937019024234,4086.516956057711,2248.4044510731037,0.0787270371758901,0.06393774972202936,-74.6512451171875,66.26862335205078,102.7826919555664,36.21425247192383,-6.9352126121521,30.71741485595703,18.301280975341797,20.478500366210938,11.563241958618164,17.928438186645508,4.370387077331543,17.218774795532227,0.007464193273335695,14.706930160522461,8.538131713867188,11.726696014404297,-3.483433961868286,12.998849868774414,16.39686393737793,11.932929039001465,-4.856208324432373,8.843276023864746,7.357851982116699,10.648011207580566,3.1401407718658447,9.96820068359375,0.3368867039680481,0.31919434666633606,0.30163830518722534,0.132993683218956,0.03344910500292786,0.16359288045716067,music/R. Kelly Featuring 2 Chainz - My Story.mp3,1,89.0,1,R. Kelly Featuring 2 Chainz,My Story,charted,,chart_51_100,0.2928932188134525
30.0,30.0,86.1328125,D major,1349.2263079038348,370.88707378929024,2521.2097545895413,1600.1153768653935,0.06223771889512384,0.027428083914536112,-195.75723266601562,63.98420715332031,146.10536193847656,26.91679573059082,-27.13633155822754,28.23226547241211,17.903413772583008,21.457326889038086,6.413614273071289,13.197407722473145,-8.645214080810547,14.710125923156738,13.295462608337402,19.84427833557129,-8.919087409973145,12.482645034790039,-14.111506462097168,11.086926460266113,2.136653423309326,12.60790729522705,-12.444917678833008,7.4268622398376465,-7.279095649719238,7.486544609069824,-4.928515911102295,7.616288661956787,0.26945239305496216,0.3032243251800537,0.12000729143619537,0.06884358823299408,-0.0021066952173801326,0.19483579232151277,music/Kay Starr - Four Walls.mp3,1,92.0,4,Kay Starr,Four Walls,charted,,chart_51_100,0.2809412718383466
30.0,30.0,117.45383522727273,A# minor,1812.8660200027418,675.3467948150857,3606.6865241933533,1973.8406514180936,0.08652706559597523,0.042707224253485936,-170.4331817626953,69.97045135498047,117.4400634765625,30.725828170776367,-18.18948745727539,21.193721771240234,26.658790588378906,15.485326766967773,5.125002384185791,15.807313919067383,14.740657806396484,10.47629165649414,-9.209189414978027,10.647805213928223,7.3656487464904785,9.574589729309082,-6.468185901641846,9.664443016052246,1.9200881719589233,8.57364559173584,-3.22904896736145,7.83289909362793,4.268514633178711,7.82573938369751,-2.9472477436065674,6.800795078277588,0.3598111569881439,0.30632513761520386,0.08056291937828064,0.031845904886722565,0.008870482680337908,0.1093516840630818,music/Jerry Butler - Don't Let Love Hang You Up.mp3,1,44.0,8,Jerry Butler,Don't Let Love Hang You Up,charted,,chart_21_50,0.5057144733879194
30.0,30.0,143.5546875,F major,1556.0667152356475,764.8366852750693,3405.521073946643,2285.540793555951,0.04396269712654799,0.030361987761624926,-309.08270263671875,58.92811965942383,109.92076110839844,32.08121871948242,32.783050537109375,18.96940803527832,49.35795593261719,18.515945434570312,15.256817817687988,15.465612411499023,6.029353618621826,13.740433692932129,13.138354301452637,11.260102272033691,5.381868362426758,11.051878929138184,5.546551704406738,8.360038757324219,3.172863721847534,9.909478187561035,-0.18707767128944397,8.179243087768555,4.424181938171387,8.368021965026855,-2.744110584259033,7.865853786468506,0.3501203656196594,0.3116670846939087,0.036650896072387695,0.008988605812191963,0.01480270526353234,0.09328256266981033,music/Meri Wilson - Telephone Man.mp3,1,18.0,16,Meri Wilson,Telephone Man,charted,,top20,0.6892092197459694
30.0,30.0,143.5546875,G# minor,2287.9657021220746,942.3266774976619,5480.6418593084845,2799.850383999171,0.05554652730746904,0.026212575592442618,-70.55531311035156,53.57325744628906,106.51105499267578,33.48918151855469,26.566038131713867,26.91800308227539,3.8908932209014893,17.76331901550293,16.536359786987305,11.761469841003418,-1.0743821859359741,10.878077507019043,4.419663906097412,10.75107192993164,12.689827919006348,9.480615615844727,0.45812299847602844,9.388204574584961,17.29075050354004,8.729642868041992,-3.2517220973968506,8.579170227050781,16.23162841796875,8.549842834472656,-2.009798526763916,7.425451755523682,0.40301480889320374,0.2953152358531952,0.29841265082359314,0.046118173748254776,0.050391220804621946,0.14293207591139656,music/Rae Sremmurd Featuring Gucci Mane - Black Beatles.mp3,1,1.0,27,Rae Sremmurd Featuring Gucci Mane,Black Beatles,charted,,top20,1.0
30.0,30.0,69.83741554054055,F# major,1181.9988637611752,336.2975599540755,2228.5115244956946,1364.0663874593242,0.06129668150154799,0.024104617873385043,-133.19937133789062,59.60994338989258,171.58096313476562,25.197919845581055,-33.99156951904297,11.751233100891113,27.712663650512695,14.268682479858398,2.5310873985290527,19.25366973876953,-7.153453350067139,7.166557312011719,-10.021086692810059,9.767810821533203,-6.0459980964660645,8.054357528686523,-8.718721389770508,7.046472549438477,-2.5865273475646973,7.941917419433594,-8.410052299499512,7.089995384216309,2.0705325603485107,6.210214614868164,-6.545529365539551,7.045288562774658,0.32561245560646057,0.2934616208076477,0.1668645143508911,0.05952705070376396,-0.006839977035175526,0.13760532445580997,music/Rene And Ray - Queen Of My Heart.mp3,1,79.0,3,Rene And Ray,Queen Of My Heart,charted,,chart_51_100,0.3342809765510541
30.0,30.0,123.046875,G# minor,1788.4936393809724,524.564918143999,4082.8253117139125,2357.23024005147,0.06103591210332817,0.023058933138483374,-104.8292236328125,46.52255630493164,112.29094696044922,19.37375831604004,14.280182838439941,11.810443878173828,29.389272689819336,12.441569328308105,0.29196786880493164,9.49343204498291,9.346572875976562,6.209239482879639,7.629760265350342,7.577287197113037,5.135704517364502,6.930613994598389,-4.374223709106445,7.027350902557373,1.3866182565689087,6.4116621017456055,-6.667113780975342,6.457057952880859,0.04734544828534126,6.306408882141113,-9.003475189208984,6.952322483062744,0.4030418395996094,0.28253838419914246,0.14335332810878754,0.033929094672203064,0.021032117661423315,0.15140430974357735,music/America - A Horse With No Name.mp3,1,1.0,14,America,A Horse With No Name,charted,,top20,1.0
30.0,30.0,95.703125,A major,1554.7142196659986,635.2783017678472,3206.9889411099557,1904.9885656638273,0.06286583301083591,0.035719087965793886,-272.4443054199219,88.7525634765625,130.6260986328125,39.085296630859375,-9.517109870910645,22.093124389648438,30.930137634277344,16.64592742919922,15.027966499328613,13.087200164794922,3.122861385345459,11.325459480285645,2.3634064197540283,12.807316780090332,2.8096299171447754,10.236421585083008,2.9153404235839844,10.448188781738281,10.899459838867188,10.228679656982422,-0.8281786441802979,9.286381721496582,10.199348449707031,8.222274780273438,-1.39113450050354,7.435952663421631,0.37979671359062195,0.302519828081131,0.041383273899555206,0.023598533123731613,0.022856976431667016,0.14389810815381807,music/Leon Russell - Back To The Island.mp3,1,53.0,5,Leon Russell,Back To The Island,charted,,chart_51_100,0.456442693495391
30.0,30.0,92.28515625,B major,2163.306601338875,811.8009959256743,4709.271523679373,2463.767691238956,0.08503803453947369,0.045353468012500994,-54.63249969482422,100.36495208740234,99.14541625976562,29.688194274902344,9.200140953063965,18.569883346557617,24.717222213745117,16.262781143188477,6.701568126678467,13.987664222717285,2.837742805480957,13.841827392578125,-4.195546627044678,10.802220344543457,7.060433387756348,8.930556297302246,-2.7386727333068848,9.936455726623535,-2.2192981243133545,12.581280708312988,-4.762779712677002,9.768219947814941,3.5858211517333984,10.015047073364258,-3.1021158695220947,7.260401248931885,0.37048378586769104,0.29371488094329834,0.24467511475086212,0.08207688480615616,-0.02966885020148589,0.1538911353090627,music/Chris Young - Losing Sleep.mp3,1,60.0,20,Chris Young,Losing Sleep,charted,,chart_51_100,0.4210118544155911
30.0,30.0,99.38401442307692,A# minor,1365.8664223575365,539.6797183391419,2647.5006575923953,1588.6101532702546,0.07528374733939629,0.0358182792215547,-238.91220092773438,81.91120910644531,156.30186462402344,38.92776107788086,-20.264915466308594,23.980270385742188,28.373363494873047,17.683795928955078,10.077740669250488,11.638764381408691,1.188720703125,11.277477264404297,-0.9091386795043945,8.839905738830566,9.857734680175781,12.143815994262695,-8.238483428955078,11.954551696777344,-0.2804868817329407,8.992659568786621,0.3798457384109497,8.624269485473633,-1.8301275968551636,8.689497947692871,-5.950921535491943,8.403329849243164,0.37154579162597656,0.29389625787734985,0.05516695976257324,0.02239176258444786,0.017555235671221137,0.14362630212018343,music/B.B. King - To Know You Is To Love You.mp3,1,38.0,14,B.B. King,To Know You Is To Love You,charted,,chart_21_50,0.541494522685636
30.0,30.0,73.828125,C minor,2025.5657355892624,433.8577103635955,3614.228145256869,1812.2661001574625,0.11440671560565016,0.04067762529021812,-117.43646240234375,41.050472259521484,107.33775329589844,22.561899185180664,-52.13206100463867,26.503023147583008,19.06723976135254,16.4279842376709,-12.116572380065918,13.094223022460938,-1.9722273349761963,11.185019493103027,-1.2550615072250366,11.655991554260254,0.3127395212650299,11.14399528503418,-12.138938903808594,11.702534675598145,1.4644156694412231,9.090483665466309,-5.508054256439209,9.862238883972168,-0.07760997861623764,7.442729949951172,-9.295106887817383,8.858264923095703,0.30594944953918457,0.30230069160461426,0.12517569959163666,0.05606235936284065,0.035029160741863685,0.150622133694055,music/Della Reese - Don't You Know.mp3,1,2.0,18,Della Reese,Don't You Know,charted,,top20,0.9246221638555591
30.0,30.0,112.34714673913044,F major,2232.3137260778826,1168.889951190618,4893.370410458591,2496.7781040148584,0.08775003628095976,0.0966834064670021,-184.2434844970703,74.35545349121094,87.42366790771484,39.532798767089844,22.671558380126953,23.88593864440918,22.05651092529297,19.508949279785156,-1.967200517654419,16.63821792602539,2.2044057846069336,13.414003372192383,-13.226466178894043,11.126808166503906,-4.827983379364014,11.10428237915039,-18.415334701538086,11.136646270751953,-6.934266567230225,10.406814575195312,-9.605259895324707,8.771799087524414,-8.343360900878906,8.233031272888184,-7.84330415725708,8.965474128723145,0.2533750534057617,0.3039291203022003,0.11189764738082886,0.05225386843085289,0.0598863706918771,0.21464642220168245,music/One Direction - Little Things.mp3,1,33.0,18,One Direction,Little Things,charted,,chart_21_50,0.5735985672887791
30.0,30.0,112.34714673913044,G# major,1952.8869621394167,1063.9449205975714,3703.1692741086977,1832.9482061560475,0.1051509136755031,0.07454051789407694,-235.6975860595703,89.9605712890625,123.50167846679688,55.21336364746094,-24.452035903930664,24.34009552001953,23.501096725463867,20.66722297668457,-0.22515501081943512,17.585399627685547,15.411163330078125,10.133190155029297,-10.181160926818848,11.440190315246582,-2.1696581840515137,10.539932250976562,-2.3161275386810303,9.776710510253906,4.0517659187316895,8.936485290527344,-0.8322688937187195,9.74695873260498,0.6782355904579163,8.361711502075195,-0.08714450150728226,7.424405097961426,0.416374146938324,0.2905162572860718,0.04245791584253311,0.01949164643883705,0.0196316548384213,0.08538425141260611,music/Huey Lewis & The News - Small World.mp3,1,25.0,11,Huey Lewis & The News,Small World,charted,,chart_21_50,0.6307255270620018
30.0,30.0,112.34714673913044,G major,2557.9184766329417,394.1409780473451,5281.176398782169,2540.403940556369,0.12043955894446594,0.027811980106918304,-104.1351089477539,17.849376678466797,80.37381744384766,14.383728981018066,-15.633057594299316,11.597416877746582,30.601770401000977,9.465070724487305,9.340083122253418,7.019986152648926,9.36907958984375,5.5695390701293945,6.0331807136535645,7.162729740142822,7.937649726867676,5.275821208953857,2.423372268676758,5.872603416442871,10.427353858947754,5.651767253875732,3.571960926055908,5.542994022369385,8.179666519165039,5.438854217529297,0.0006758273812010884,5.568341255187988,0.49265626072883606,0.2568701207637787,0.07516471296548843,0.012030316516757011,0.014184812887855367,0.1302858378728416,music/Alice In Chains - Check My Brain.mp3,1,92.0,4,Alice In Chains,Check My Brain,charted,,chart_51_100,0.2809412718383466
30.0,30.0,99.38401442307692,B minor,2748.72535986838,1074.1894777875189,6033.79684778928,2776.0036710169306,0.1058035930243808,0.08378572242720064,-208.05010986328125,84.6277847290039,70.55058288574219,35.418174743652344,23.276159286499023,22.817285537719727,22.57021713256836,21.614011764526367,1.3368220329284668,17.233596801757812,-2.0146915912628174,13.989974021911621,-8.72986888885498,14.76231861114502,-3.363057851791382,13.178854942321777,-17.777437210083008,13.154269218444824,-3.2008891105651855,10.593267440795898,-6.80473518371582,11.046247482299805,-7.319952487945557,10.499828338623047,-6.229104995727539,9.092193603515625,0.3005913496017456,0.29908883571624756,0.06449886411428452,0.04775236174464226,-0.02851940116574452,0.18487305783043598,music/Musiq Soulchild - Love.mp3,1,24.0,21,Musiq Soulchild,Love,charted,,chart_21_50,0.6385005972593895
30.0,30.0,129.19921875,A major,2323.7810790800468,808.5008906619638,5004.253073299632,2484.749236264823,0.09994950899767802,0.049418892004340395,-200.24769592285156,96.0438232421875,95.41527557373047,40.45876693725586,2.4480254650115967,24.25795555114746,22.069427490234375,16.01744270324707,5.875901222229004,11.256640434265137,10.944798469543457,10.118757247924805,0.25003647804260254,9.282902717590332,7.740303039550781,8.516191482543945,-1.876758337020874,7.075800895690918,8.785560607910156,9.838778495788574,1.9378724098205566,7.927961349487305,6.4184489250183105,6.562793731689453,-1.7157772779464722,6.782875061035156,0.47270503640174866,0.2820889353752136,0.05417681485414505,0.03670547902584076,-0.001439561348566044,0.08810903433768597,music/Oaktown's 3.5.7 - Turn It Up.mp3,1,66.0,6,Oaktown's 3.5.7,Turn It Up,charted,,chart_51_100,0.39228445649450283
0.0010657596371882086,0.0010884353741496598,0.0,E minor,3283.0047856263704,0.0,6449.1943359375,2705.5059169983174,0.00244140625,0.0,-274.3599853515625,0.0,60.205894470214844,0.0,-31.080768585205078,0.0,11.859010696411133,0.0,-1.0510718822479248,0.0,-5.340665817260742,0.0,4.657065391540527,0.0,-2.2606430053710938,0.0,-1.8430075645446777,0.0,2.8941333293914795,0.0,-2.6723508834838867,0.0,2.743974208831787,0.0,-2.7358856201171875,0.0,0.9731444716453552,0.020401835441589355,0.004137869458645582,0.0,-0.00011360529451989833,0.0039013879930992136,music/Brook Benton - Frankie And Johnny.mp3,1,20.0,8,Brook Benton,Frankie And Johnny,charted,,top20,0.6714356296636146
30.0,30.0,123.046875,D# major,2683.7354699045973,746.8693006592684,5619.557685970153,2416.926625911891,0.12653060298955107,0.08610376064406568,-93.62989807128906,48.42312240600586,71.21286010742188,26.86791229248047,-23.413372039794922,15.839773178100586,41.72239685058594,12.318151473999023,-5.683403491973877,14.252715110778809,32.549495697021484,10.65001392364502,-14.717903137207031,10.6455078125,27.510860443115234,8.481550216674805,-9.14688777923584,11.832064628601074,20.41838836669922,9.21762466430664,-9.750057220458984,9.762816429138184,11.38321304321289,8.26046085357666,-5.317940711975098,8.363581657409668,0.47374090552330017,0.2880740463733673,0.14884577691555023,0.06142987310886383,-0.010553200220062222,0.048964913219670295,music/49-ers - Don't You Love Me.mp3,1,78.0,9,49-ers,Don't You Love Me,charted,,chart_51_100,0.3385621722338523
30.0,30.0,95.703125,E major,2414.8451270090472,959.8986279670094,5039.227861811871,2482.1658950556616,0.09607084764415634,0.0632314868827969,-117.37578582763672,64.83247375488281,72.73391723632812,29.526891708374023,-12.501614570617676,31.025083541870117,26.855995178222656,16.938756942749023,13.171835899353027,16.061328887939453,19.199203491210938,11.164161682128906,9.906408309936523,12.47222900390625,17.86861228942871,10.996071815490723,3.600437879562378,10.553413391113281,13.438252449035645,10.781347274780273,15.040048599243164,10.389388084411621,8.389776229858398,7.402969837188721,3.7530922889709473,8.308621406555176,0.47288981080055237,0.2942090630531311,0.14510910212993622,0.06954959034919739,-0.02117689492327003,0.09802887977196581,music/Das EFX - Freakit.mp3,1,43.0,12,Das EFX,Freakit,charted,,chart_21_50,0.5114957895408028
30.0,30.0,112.34714673913044,G# minor,2320.1226684275757,1142.5440597129284,4734.354705338139,2339.1520300243674,0.10832549765383127,0.0850451236651203,-236.15121459960938,132.28659057617188,81.28424072265625,39.933929443359375,7.672528266906738,34.957576751708984,42.190792083740234,22.977622985839844,9.584490776062012,16.433757781982422,14.740675926208496,14.278838157653809,2.2185404300689697,11.701881408691406,16.826845169067383,9.604772567749023,3.441781997680664,11.842039108276367,3.714343786239624,9.649450302124023,4.6454081535339355,8.654253959655762,1.8012090921401978,7.9531331062316895,-0.2006465643644333,7.952579498291016,0.4499153196811676,0.2979348301887512,0.055928438901901245,0.029947970062494278,0.028407729131485888,0.1262208357117729,music/Luke Bryan - That's My Kind Of Night.mp3,1,15.0,21,Luke Bryan,That's My Kind Of Night,charted,,top20,0.7179619625911169
30.0,30.0,92.28515625,F minor,2110.017820026419,1379.2135536257492,4293.124040066274,2217.9965973046965,0.08419979319852941,0.07428582222498695,-124.48514556884766,98.1883773803711,113.02339172363281,54.5058479309082,21.617082595825195,38.696685791015625,18.624094009399414,22.044363021850586,4.745906352996826,22.922170639038086,-6.827150821685791,19.920141220092773,7.251380920410156,16.36478042602539,-3.9972996711730957,13.441134452819824,4.801901817321777,14.349794387817383,-7.708082675933838,10.144023895263672,-4.886232376098633,10.083358764648438,2.7805800437927246,11.867217063903809,-12.309077262878418,9.240801811218262,0.3771481215953827,0.30268892645835876,0.19789867103099823,0.10788783431053162,0.03941360277983835,0.2071595975797921,music/A Boogie Wit da Hoodie Featuring Lil Durk - 24 Hours.mp3,1,92.0,1,A Boogie Wit da Hoodie Featuring Lil Durk,24 Hours,charted,,chart_51_100,0.2809412718383466
30.0,30.0,117.45383522727273,G# minor,2647.618817996079,309.93148409977715,4916.96193447054,2130.780008629265,0.17221362229102166,0.032759596393211084,-25.51322364807129,22.146718978881836,79.2517318725586,15.809475898742676,-39.03490447998047,14.445481300354004,52.82262420654297,10.262445449829102,-13.264992713928223,9.358369827270508,16.59023666381836,8.05639934539795,-3.220372438430786,8.143950462341309,15.8678617477417,7.060884952545166,-6.42645263671875,6.942576885223389,14.170164108276367,8.879487991333008,2.846278429031372,5.716676712036133,7.3377251625061035,6.882932662963867,-2.5308568477630615,6.179015636444092,0.44988876581192017,0.26472723484039307,0.16830883920192719,0.026955032721161842,0.0259538668400691,0.11535487699182731,music/BOSTON - DON'T LOOK BACK.mp3,1,4.0,13,Boston,Don't Look Back,charted,,top20,0.8694417580332267
30.0,30.0,75.99954044117646,D major,1534.184355409981,656.4744851014557,3175.6057975461977,2152.9245694876827,0.054748346192917956,0.027546756043395043,-173.91665649414062,70.6227798461914,136.68890380859375,34.7216682434082,16.329437255859375,28.530214309692383,16.116443634033203,16.599300384521484,15.3126859664917,11.006245613098145,-3.6764376163482666,12.938681602478027,-4.0284037590026855,11.509148597717285,-2.525787353515625,9.2024564743042,-6.544931888580322,9.112203598022461,2.0909905433654785,8.916909217834473,-6.602892875671387,8.9138822555542,-3.807579278945923,8.165244102478027,-2.6734745502471924,8.01821231842041,0.37039732933044434,0.2982146143913269,0.11449628323316574,0.051762357354164124,-0.0022194159821218255,0.13366010949828447,"music/Earth, Wind & Fire - Can't Hide Love.mp3",1,39.0,9,"Earth, Wind & Fire",Can't Hide Love,charted,,chart_21_50,0.5353398113577075
30.0,30.0,123.046875,F major,1960.3970916360197,846.2657402562776,4083.883638647688,2296.0650745684015,0.0888275052002709,0.06128785980391194,-189.4584503173828,113.76689147949219,104.17095947265625,36.91758728027344,13.701894760131836,21.198360443115234,18.00166130065918,22.63909339904785,8.092498779296875,19.141748428344727,8.656814575195312,17.316621780395508,-9.041092872619629,16.77787208557129,1.0957114696502686,18.015609741210938,-5.358410358428955,13.51384162902832,-2.81497859954834,15.010305404663086,0.8302081227302551,14.00863265991211,4.734311103820801,11.83284854888916,-0.677131175994873,9.094389915466309,0.37592825293540955,0.3119126558303833,0.13486385345458984,0.12352465093135834,0.018071084569413257,0.1264682209115611,"music/Snoop Dogg & Wiz Khalifa Featuring Bruno Mars - Young, Wild & Free.mp3",1,7.0,32,Snoop Dogg & Wiz Khalifa Featuring Bruno Mars,"Young, Wild & Free",charted,,top20,0.8153627635310009
30.0,30.0,143.5546875,D# minor,2562.1163665041695,391.6788823691942,5131.368971313855,2351.625610921554,0.1335396309017028,0.03615967832848927,-107.49764251708984,55.596797943115234,75.93224334716797,18.170507431030273,-24.498605728149414,13.503055572509766,24.809326171875,11.040727615356445,-8.538714408874512,9.53939151763916,3.152090311050415,9.564712524414062,-14.392694473266602,13.121000289916992,1.5888241529464722,8.435486793518066,-3.027031898498535,8.936742782592773,4.703392505645752,8.457030296325684,4.886840343475342,7.770797252655029,3.8008792400360107,6.760714054107666,-0.09266818314790726,9.648877143859863,0.31470412015914917,0.2924255132675171,0.09718814492225647,0.05178473889827728,0.04099492605285706,0.1408470987211545,music/The Buckinghams - Kind Of A Drag.mp3,1,1.0,13,The Buckinghams,Kind Of A Drag,charted,,top20,1.0
30.0,30.0,135.99917763157896,C major,2642.221020232326,716.0901101989049,5644.957532380757,2657.3732761086903,0.12604156588622292,0.06101467085317502,-115.27928924560547,49.03813171386719,83.81004333496094,22.295185089111328,-3.5287935733795166,20.71806526184082,24.238065719604492,16.819334030151367,5.452025413513184,10.324286460876465,-3.2875635623931885,11.378889083862305,4.380975246429443,8.847503662109375,5.659010410308838,8.652543067932129,-6.848329544067383,11.058707237243652,14.309514045715332,10.957964897155762,-6.755549430847168,9.369711875915527,4.397708892822266,7.13974666595459,-8.156271934509277,7.957332134246826,0.38129985332489014,0.28802645206451416,0.08914464712142944,0.029302407056093216,0.07920449118006087,0.18044245806635187,music/Anne Murray - Cotton Jenny.mp3,1,71.0,5,Anne Murray,Cotton Jenny,charted,,chart_51_100,0.36934377611310876
30.0,30.0,103.359375,B minor,2597.0730003489543,704.2342822490135,5425.692191581608,2528.148418752362,0.12269993832236842,0.04423932119693655,-226.30552673339844,76.7918472290039,80.080322265625,30.767532348632812,-8.709043502807617,18.702980041503906,32.476478576660156,13.928509712219238,4.629738807678223,14.472908973693848,7.3557915687561035,14.188098907470703,-2.9845385551452637,9.921623229980469,7.632699012756348,10.181472778320312,-2.166901111602783,10.180253028869629,1.7452079057693481,10.355789184570312,-1.6612313985824585,9.156781196594238,-3.322859764099121,8.98705768585205,-2.641859292984009,6.878925323486328,0.40811318159103394,0.29367795586586,0.03361397981643677,0.01935991644859314,-0.04294746455100358,0.2018951568826501,music/Cage The Elephant - Shake Me Down.mp3,1,78.0,4,Cage The Elephant,Shake Me Down,charted,,chart_51_100,0.3385621722338523
30.0,30.0,161.4990234375,A major,1480.546529453865,619.3501976873018,3002.51517753483,1990.1163999350229,0.05837266290150929,0.03139894415207447,-185.0261993408203,66.22775268554688,136.82086181640625,30.43274688720703,15.815179824829102,22.03958511352539,11.72431755065918,13.616791725158691,-8.998907089233398,17.749332427978516,8.542562484741211,11.268890380859375,-8.238807678222656,13.441696166992188,-4.757594585418701,9.237310409545898,-2.0815069675445557,8.241768836975098,-3.2301599979400635,8.30063247680664,-7.952391147613525,9.233747482299805,-2.0562984943389893,9.654996871948242,-3.380826473236084,7.48715353012085,0.3153136074542999,0.29529133439064026,0.1023176908493042,0.06579878181219101,0.022829545369640346,0.19583313200749566,music/Ray Charles - Without Love (There Is Nothing).mp3,1,29.0,7,Ray Charles,Without Love (There Is Nothing),charted,,chart_21_50,0.6011379823912673
30.0,30.0,95.703125,F# major,2532.466341696759,475.69647318450205,5212.276815408523,2396.8087184228657,0.13333177123645512,0.03592053673170319,-74.9554443359375,33.48570251464844,86.0992431640625,19.276493072509766,-23.14048194885254,14.398887634277344,25.338346481323242,16.217491149902344,-5.6401848793029785,10.522496223449707,3.1500394344329834,8.341261863708496,-4.7644267082214355,9.452594757080078,1.4208667278289795,7.696077823638916,-5.640676975250244,8.88215446472168,-0.532232403755188,8.272176742553711,-2.5676839351654053,7.979684829711914,-1.6649982929229736,6.781431198120117,-4.084737777709961,6.253983497619629,0.3459317684173584,0.2808157205581665,0.10474886000156403,0.03346648067235947,-0.053439176915841484,0.16287725133383932,music/Guns N' Roses - Paradise City.mp3,1,5.0,17,Guns N' Roses,Paradise City,charted,,top20,0.8492443277111181
30.0,30.0,107.666015625,A# major,2242.593439438647,581.9137693626748,4755.604576843073,2453.9346102440854,0.1042624080882353,0.03796942055912028,-60.1053352355957,46.243316650390625,101.46502685546875,24.086467742919922,-4.445902347564697,17.242250442504883,10.428954124450684,9.898354530334473,-0.16782455146312714,10.76854419708252,8.436540603637695,8.872207641601562,-2.915119171142578,9.111128807067871,3.1628386974334717,7.783703804016113,-2.4191346168518066,7.652851581573486,5.2788872718811035,7.16814661026001,-4.080214500427246,7.506842613220215,-0.4249889850616455,7.389612197875977,-2.4165730476379395,6.616237163543701,0.3427400290966034,0.29716411232948303,0.15447521209716797,0.04189573600888252,0.004034187085772349,0.08232946986414759,music/The Impressions - We're Rolling On (Part I).mp3,1,59.0,7,The Impressions,We're Rolling On (Part I),charted,,chart_51_100,0.4259395027129505
30.0,30.0,92.28515625,B major,1788.5167201841366,767.5633459939826,3845.3684142499515,2173.847401331705,0.06304837158958979,0.0528716416847394,-308.9628601074219,90.2443618774414,95.22029876708984,33.458953857421875,6.632593154907227,23.07423210144043,44.12525177001953,19.172542572021484,13.759305953979492,25.485549926757812,5.802372932434082,13.762245178222656,1.0082346200942993,13.040970802307129,19.988027572631836,11.431803703308105,-2.687588930130005,11.966035842895508,1.1452593803405762,10.485588073730469,6.875957012176514,8.456157684326172,-1.6359997987747192,9.536177635192871,0.8860923647880554,9.062005043029785,0.33436957001686096,0.313172847032547,0.03884701430797577,0.025699075311422348,-0.03336878374551959,0.19662125416379536,music/Sam & Dave - When Something Is Wrong With My Baby.mp3,1,42.0,8,Sam & Dave,When Something Is Wrong With My Baby,charted,,chart_21_50,0.5173463504182886
30.0,30.0,95.703125,D# minor,2468.4833647585333,1596.1442713660463,5067.777689174971,2173.0391030673018,0.13871609241969815,0.10656060992183977,-181.82403564453125,136.3419189453125,77.55665588378906,60.63159942626953,11.30406665802002,58.50899887084961,1.4771634340286255,32.41542434692383,-2.548034429550171,24.45492935180664,0.890625,18.91457748413086,-4.603111267089844,17.600187301635742,-0.29397913813591003,12.066960334777832,-5.86376428604126,14.180891036987305,4.7317633628845215,9.814411163330078,-1.7891978025436401,12.479299545288086,-1.1928019523620605,8.817723274230957,-5.7405266761779785,10.051318168640137,0.38054776191711426,0.30343425273895264,0.14451608061790466,0.09326004236936569,0.05007337987001395,0.17719216676448118,music/Jonn Hart Featuring IamSU! - Who Booty.mp3,1,66.0,15,Jonn Hart Featuring IamSU!,Who Booty,charted,,chart_51_100,0.39228445649450283
30.0,30.0,99.38401442307692,A# major,2691.428982923582,422.25368442519436,5291.793001251693,2149.6815611667967,0.15613359858746131,0.0644293521434642,-63.05055236816406,45.87372589111328,100.02638244628906,15.673969268798828,-42.367122650146484,23.890430450439453,92.12506866455078,13.34025764465332,-43.80833435058594,10.761368751525879,46.99363708496094,10.213406562805176,-21.38538932800293,9.791874885559082,17.554780960083008,7.956281661987305,0.8227444291114807,8.47806167602539,1.1706725358963013,6.987874984741211,6.093585014343262,7.75398588180542,-11.193185806274414,8.22691822052002,14.986397743225098,7.210482597351074,0.4851679503917694,0.28839758038520813,0.21176667511463165,0.052019279450178146,-0.001853598469625264,0.07227474306069175,music/Ms. Adventures - Undeniable.mp3,1,73.0,9,Ms. Adventures,Undeniable,charted,,chart_51_100,0.3603978509331687
30.0,30.0,129.19921875,G# major,2990.537648555402,856.5078750482329,6289.853632782266,2789.036663665399,0.14308114538989938,0.08287598239177914,-196.40187072753906,85.94842529296875,63.069705963134766,27.360469818115234,14.643789291381836,20.710372924804688,40.134361267089844,15.73421573638916,7.420402526855469,14.336832046508789,8.019765853881836,11.554618835449219,2.633366823196411,11.378236770629883,13.116168975830078,9.35215950012207,-7.369176864624023,9.018183708190918,5.654282093048096,8.61629581451416,-2.018482208251953,7.976058006286621,1.270167589187622,7.103757858276367,-5.2414937019348145,6.573307037353516,0.4481474757194519,0.2824947237968445,0.043456122279167175,0.017941635102033615,0.02486419234363653,0.14532450433681757,music/The Proclaimers - I'm Gonna Be (500 Miles).mp3,1,3.0,20,The Proclaimers,I'm Gonna Be (500 Miles),charted,,top20,0.8933996418221948
30.0,30.0,107.666015625,B minor,2002.619567098907,664.2088981243819,4931.036849361455,2610.003435157783,0.044274108697755415,0.02233173465151613,-82.51871490478516,37.67367172241211,98.89366149902344,25.105478286743164,22.5146427154541,17.29583740234375,22.06487274169922,15.722314834594727,10.925641059875488,11.305505752563477,18.56654930114746,10.295144081115723,-7.191389560699463,12.078141212463379,11.349821090698242,9.373109817504883,2.2554638385772705,8.85644817352295,10.337303161621094,8.828157424926758,-2.304399251937866,8.350399017333984,6.362926006317139,7.465540409088135,7.665265083312988,7.811499118804932,0.4660087823867798,0.28868693113327026,0.2696213722229004,0.12263099104166031,-0.0526973489564329,0.23325010098335305,music/Travis Scott - The Plan.mp3,1,74.0,1,Travis Scott,The Plan,charted,,chart_51_100,0.35597148566796577
30.0,30.0,117.45383522727273,D major,2658.30812456359,929.933418572014,5895.481017499516,2770.0916776353083,0.10629603146768576,0.05885568535947181,-57.5181999206543,58.63724136352539,79.96685028076172,32.84568405151367,18.62944221496582,18.737064361572266,28.668495178222656,14.576699256896973,3.834632635116577,14.12558650970459,8.660407066345215,11.624950408935547,-1.8027687072753906,11.130646705627441,-0.9814330339431763,10.99779224395752,-5.8359375,10.052591323852539,-0.7777388691902161,8.757643699645996,-7.916597843170166,10.750846862792969,-1.9678021669387817,9.742568969726562,0.5131548643112183,8.605916023254395,0.3239891529083252,0.29138830304145813,0.2121109664440155,0.07122567296028137,-0.009340964602903432,0.26374023958502013,music/Brett Eldredge - The Long Way.mp3,1,65.0,12,Brett Eldredge,The Long Way,charted,,chart_51_100,0.39697731084447274
30.0,30.0,71.77734375,A major,2062.059587029426,844.5154116157131,4175.724749963719,2114.6796764583532,0.0897613619872291,0.05246258081772499,-134.40939331054688,101.39881896972656,97.61573791503906,40.19755554199219,-25.97251319885254,41.055049896240234,11.228407859802246,23.070663452148438,-6.9592790603637695,25.76483917236328,-0.46353310346603394,15.792738914489746,-4.54869270324707,15.10604190826416,4.955051422119141,15.278992652893066,-5.876806259155273,13.39995288848877,5.307995319366455,10.142848014831543,4.272888660430908,9.265503883361816,4.938858509063721,10.469400405883789,1.1195316314697266,9.340110778808594,0.43764832615852356,0.32364723086357117,0.1567520946264267,0.10150783509016037,0.006443951688909596,0.10132568454291668,"music/Trick Daddy Featuring Duece Poppito, Trina, Co - Shut Up.mp3",1,83.0,11,"Trick Daddy Featuring Duece Poppito, Trina, Co",Shut Up,charted,,chart_51_100,0.31742466283267246
30.0,30.0,117.45383522727273,G# minor,1794.070188610169,935.629941202361,4063.3920958905765,2376.0206159846985,0.05579520305243808,0.05343545049758336,-270.2892761230469,73.8363037109375,107.89705657958984,37.144065856933594,36.42970657348633,22.942459106445312,33.14524841308594,13.479413986206055,10.760078430175781,11.723341941833496,13.064356803894043,11.630099296569824,-1.9813649654388428,12.967757225036621,6.0605621337890625,8.78866958618164,-6.813366413116455,7.642274856567383,-0.5364998579025269,8.698728561401367,-0.4792618453502655,7.329928398132324,-2.1786391735076904,7.653576374053955,-4.294489860534668,9.989551544189453,0.3497019112110138,0.3076607286930084,0.04928590729832649,0.021553661674261093,0.054822424312531114,0.1782398700601526,music/Santana - Stormy.mp3,1,32.0,10,Santana,Stormy,charted,,chart_21_50,0.5803139701677411
30.0,30.0,112.34714673913044,B major,2880.471694210751,678.6433960467813,5947.839034231086,2604.6715616731667,0.15001118662925697,0.06325314287190359,-19.86434555053711,64.72856140136719,67.45397186279297,26.240938186645508,-14.049540519714355,16.52776336669922,13.450065612792969,17.14067840576172,-4.25297212600708,19.996889114379883,4.6129560470581055,12.808425903320312,-3.5925357341766357,11.240081787109375,10.467159271240234,10.112826347351074,-7.721506595611572,8.971843719482422,7.930369853973389,8.585576057434082,-1.276689887046814,7.979442119598389,-0.5486676692962646,7.874602317810059,-2.764698028564453,8.270964622497559,0.3550443947315216,0.2939402759075165,0.22360163927078247,0.08183372765779495,-0.022778282061218173,0.11056156352252274,music/Touch - (Call Me) When The Spirit Moves You.mp3,1,65.0,5,Touch,(Call Me) When The Spirit Moves You,charted,,chart_51_100,0.39697731084447274
30.0,30.0,184.5703125,F major,2324.2961474555664,971.3166451478324,5048.561138708156,2509.207239617026,0.08903309730553406,0.07603800504134192,-148.65289306640625,79.87815856933594,77.83069610595703,30.586650848388672,2.079895496368408,27.979469299316406,27.341869354248047,18.27443504333496,4.855806827545166,16.072038650512695,13.300483703613281,12.294264793395996,-5.147161483764648,14.336695671081543,5.546934604644775,12.96683120727539,2.092892646789551,11.559115409851074,6.4698920249938965,11.113259315490723,0.7307580709457397,11.110544204711914,9.00798225402832,10.37307357788086,2.768568277359009,9.068561553955078,0.530314564704895,0.29436713457107544,0.15109620988368988,0.08994543552398682,-0.005528596605371388,0.10757220302550405,music/Craig Mack - Get Down.mp3,1,38.0,20,Craig Mack,Get Down,charted,,chart_21_50,0.541494522685636
30.0,30.0,89.10290948275862,G# minor,2071.2515283234115,1023.9967097189883,4812.037568933823,2540.429887081732,0.07283591633610681,0.06902874590121015,-132.38648986816406,48.70994567871094,119.40091705322266,40.50956726074219,14.494430541992188,30.270601272583008,8.007041931152344,13.110123634338379,10.383207321166992,12.6598539352417,-5.76469612121582,12.118362426757812,-3.2566885948181152,10.844231605529785,-4.329939842224121,9.399957656860352,-8.653112411499023,9.964873313903809,3.691410779953003,10.3436279296875,-10.751911163330078,8.875886917114258,-2.2259018421173096,7.708479881286621,-4.935463905334473,7.516820430755615,0.31270718574523926,0.3006686270236969,0.1411413550376892,0.05422445386648178,0.05551665868711768,0.16211832290199288,music/Chris Brown - Don't Judge Me.mp3,1,67.0,20,Chris Brown,Don't Judge Me,charted,,chart_51_100,0.3876275643042055
0.0010657596371882086,0.0010884353741496598,0.0,E minor,3369.4824619617552,0.0,7385.888671875,2873.0855711618665,0.00537109375,0.0,-256.4665222167969,0.0,65.01103973388672,0.0,-24.212234497070312,0.0,0.7484145164489746,0.0,7.236451625823975,0.0,-4.090838432312012,0.0,-2.2094168663024902,0.0,7.511449813842773,0.0,-11.606790542602539,0.0,11.664529800415039,0.0,-8.770780563354492,0.0,5.320067882537842,0.0,-2.8582539558410645,0.0,0.9703308939933777,0.021860554814338684,0.00500642042607069,0.0,-0.0002788243634191827,0.0021006521557642758,music/Stevie B - Love And Emotion.mp3,1,15.0,15,Stevie B,Love And Emotion,charted,,top20,0.7179619625911169
30.0,30.0,135.99917763157896,A# major,1446.69470158332,927.3493551220935,3289.188444060807,2100.9104934877732,0.03789999758126935,0.02866786836004431,-145.2118377685547,99.76296997070312,123.23331451416016,45.511192321777344,40.94095993041992,28.87173080444336,37.31765365600586,18.377965927124023,27.403051376342773,15.720415115356445,10.918532371520996,13.353082656860352,10.080742835998535,12.613256454467773,5.392106056213379,10.664971351623535,-4.472890853881836,13.090932846069336,4.340874195098877,10.766518592834473,-3.006089448928833,9.09595012664795,1.1196767091751099,10.567131042480469,-4.425438404083252,8.900351524353027,0.3963262140750885,0.30645015835762024,0.28298795223236084,0.08990878611803055,0.01922052085405171,0.25047300727056376,music/Mac Miller - Hand Me Downs.mp3,1,64.0,1,Mac Miller,Hand Me Downs,charted,,chart_51_100,0.4017069735869008
30.0,30.0,161.4990234375,C major,2125.7229107226644,405.9275057905209,4231.749411190257,2099.3455821447233,0.11118111152767028,0.039323563586058534,-68.86662292480469,43.782958984375,102.46465301513672,19.91081428527832,-26.012964248657227,23.776662826538086,34.60993576049805,12.701446533203125,-7.491947174072266,12.796398162841797,4.425422668457031,8.563375473022461,-5.981850624084473,9.610860824584961,1.750886082649231,6.80988883972168,-7.523410320281982,8.30963134765625,0.7298869490623474,8.513303756713867,-7.8784308433532715,7.056570053100586,-0.8254648447036743,6.414803981781006,-1.6986072063446045,7.605729103088379,0.3710838556289673,0.2963687777519226,0.1602652668952942,0.06350578367710114,0.05921122621705979,0.11814526820191935,music/Jerry Lee Lewis - Sweet Little Sixteen.mp3,1,95.0,3,Jerry Lee Lewis,Sweet Little Sixteen,charted,,chart_51_100,0.2691847640539306
30.0,30.0,117.45383522727273,G# major,3703.9966515921024,530.0257364876414,7592.912420030718,3094.1928089547314,0.2067504504885836,0.06740767948095716,-166.02732849121094,43.440460205078125,47.26461410522461,14.808012008666992,22.876373291015625,14.451011657714844,22.257719039916992,11.907379150390625,-5.6759467124938965,12.330597877502441,7.367961406707764,9.517932891845703,-2.951140880584717,10.895524024963379,1.728737235069275,9.006390571594238,-6.336794853210449,9.425934791564941,5.4058990478515625,9.379986763000488,-2.7198290824890137,8.465658187866211,-1.1385960578918457,6.745575428009033,-6.416487216949463,7.09427547454834,0.41799870133399963,0.28709688782691956,0.04099205881357193,0.013699059374630451,0.022392816284993906,0.14545413106272456,music/Steve Winwood - Holding On.mp3,1,11.0,17,Steve Winwood,Holding On,charted,,top20,0.7616343526886019
30.0,30.0,103.359375,A# minor,1834.0209260580596,635.9872952011872,3811.2602871637964,2128.5432389417547,0.07567716899671052,0.03893437771404878,-46.0110969543457,32.29746627807617,117.73023986816406,25.9141788482666,-9.628754615783691,18.590238571166992,29.773902893066406,9.185079574584961,2.0488882064819336,9.496378898620605,4.823207378387451,8.301618576049805,-5.438234806060791,7.753003120422363,5.417327404022217,7.820550918579102,-2.9239988327026367,6.312097549438477,-0.24142709374427795,6.540574073791504,-0.03746514394879341,6.782998085021973,4.401835918426514,6.764547824859619,-1.9610735177993774,5.981711387634277,0.3609811067581177,0.2860538065433502,0.21460622549057007,0.032516587525606155,0.04404863492815076,0.21041231832646173,music/Pearl Jam - I Am Mine.mp3,1,43.0,8,Pearl Jam,I Am Mine,charted,,chart_21_50,0.5114957895408028
30.0,30.0,172.265625,D# major,2654.07884977756,956.7162855104854,6227.020679391206,2924.599050157702,0.0887651473006966,0.06045987042225858,-155.15293884277344,55.097267150878906,73.60358428955078,28.9014835357666,30.80078125,17.126371383666992,27.808122634887695,14.706088066101074,9.864229202270508,11.842377662658691,5.736624240875244,11.214984893798828,-4.8047356605529785,10.390458106994629,0.32626715302467346,8.492514610290527,-3.3239877223968506,8.277558326721191,-1.5773175954818726,10.909207344055176,-5.624588966369629,7.320520401000977,-4.008839130401611,6.871579647064209,-6.501963138580322,7.8077592849731445,0.302638441324234,0.30482250452041626,0.10135868936777115,0.03834517300128937,-0.0032098477733391007,0.20540279760180893,music/Savage Garden - I Knew I Loved You.mp3,1,1.0,33,Savage Garden,I Knew I Loved You,charted,,top20,1.0
30.0,30.0,112.34714673913044,F major,1799.3337851722586,605.0324296482161,3992.7008566841623,2175.595042101827,0.06966133235777863,0.04468300484444764,-164.6114959716797,60.21890640258789,114.39544677734375,23.534021377563477,10.134246826171875,22.14724349975586,32.90005874633789,15.891122817993164,-15.295742988586426,13.207263946533203,13.559980392456055,9.999272346496582,-4.629810810089111,10.264037132263184,8.619736671447754,10.26172161102295,-17.428308486938477,10.288082122802734,-1.0715031623840332,11.136049270629883,-4.763701438903809,8.242385864257812,0.4464227557182312,9.091531753540039,-4.263683795928955,9.50269603729248,0.34034597873687744,0.2980925440788269,0.09711514413356781,0.0356723815202713,0.056786047638097796,0.18369431245068107,music/Jesse Belvin - Guess Who.mp3,1,31.0,13,Jesse Belvin,Guess Who,charted,,chart_21_50,0.5871385880776148
30.0,30.0,103.359375,D# major,2204.578708827666,1048.222126518164,4441.314810643624,2421.8119910228042,0.09617326577012383,0.0861991511077095,-143.89170837402344,93.3773422241211,85.70719909667969,46.01875686645508,3.7309067249298096,40.11179733276367,27.116413116455078,24.591218948364258,0.35447773337364197,20.437252044677734,-14.534053802490234,20.204702377319336,2.929246187210083,18.02855110168457,-9.243765830993652,17.26013946533203,10.256614685058594,14.972227096557617,-0.4881235659122467,12.9904146194458,-8.571331024169922,9.9866304397583,-6.124814987182617,10.821372985839844,-6.873743057250977,10.763944625854492,0.32626304030418396,0.3163585364818573,0.1984798163175583,0.10645546019077301,0.015106973717749156,0.16779252874784611,music/Ella Mai - Shot Clock.mp3,1,62.0,16,Ella Mai,Shot Clock,charted,,chart_51_100,0.41128027968233555
30.0,30.0,135.99917763157896,D# major,2833.40563412055,604.5297564162661,5743.181938431211,2576.883716588003,0.13986423362519348,0.05081811834558122,-35.23616409301758,38.419918060302734,66.94940948486328,21.37944793701172,-15.834077835083008,15.291255950927734,34.73331832885742,10.114936828613281,8.385645866394043,8.745085716247559,9.4360933303833,8.115619659423828,1.0366955995559692,8.756187438964844,8.71328067779541,6.930967330932617,-2.891554117202759,8.463253021240234,6.516165256500244,7.285538196563721,-1.8395521640777588,6.486016750335693,3.7096633911132812,7.344820022583008,-5.295282363891602,6.529548645019531,0.43139737844467163,0.28429698944091797,0.16716444492340088,0.04396051913499832,0.013788995452244043,0.13545908569625706,music/38 Special - Hold On Loosely.mp3,1,27.0,17,38 Special,Hold On Loosely,charted,,chart_21_50,0.6156469426070963
30.0,30.0,123.046875,D# major,1839.9332990350679,634.0090408622572,3711.419224222378,2035.1098307819439,0.09105500495839783,0.038884284912139126,-19.049909591674805,61.05088424682617,120.28582000732422,33.36629867553711,-17.319467544555664,25.302610397338867,11.549201011657715,14.36063289642334,-2.1117987632751465,12.089674949645996,10.864273071289062,10.309910774230957,-2.1876935958862305,9.279644012451172,7.705456256866455,7.863963603973389,-8.883282661437988,9.77442455291748,4.236861228942871,8.058365821838379,-0.7852510809898376,8.625555992126465,2.6775143146514893,7.149975299835205,-4.571183204650879,8.148305892944336,0.32129472494125366,0.30243203043937683,0.35529983043670654,0.12036827206611633,-0.010100726511668018,0.13359964667885255,music/Sims Twins - Soothe Me.mp3,1,42.0,8,Sims Twins,Soothe Me,charted,,chart_21_50,0.5173463504182886
30.0,30.0,75.99954044117646,B major,2384.9438891696664,361.55923918637353,4562.289079128774,2150.487793463391,0.13440848430243807,0.03773760609400304,-29.169321060180664,37.75376892089844,89.09558868408203,17.25680160522461,-32.370155334472656,12.863548278808594,34.676578521728516,11.612348556518555,-13.30938720703125,9.959007263183594,4.446113586425781,7.687068939208984,-13.960343360900879,6.918050765991211,-4.268600940704346,6.637456893920898,-14.862322807312012,6.80250358581543,-1.0463125705718994,7.322051048278809,-9.028862953186035,6.4829301834106445,1.9385656118392944,5.210392475128174,-6.292720794677734,5.671658992767334,0.39457961916923523,0.2804573178291321,0.17874003946781158,0.05545670539140701,-0.030447120080539333,0.11049106415529271,music/Fats Domino - Jambalaya (On The Bayou).mp3,1,30.0,7,Fats Domino,Jambalaya (On The Bayou),charted,,chart_21_50,0.5940779295570057
30.0,30.0,151.99908088235293,D major,2607.6479708986044,407.6863682253695,5296.92630354465,2373.6346581694925,0.13763371045375386,0.041149091387110294,-72.7562255859375,46.066959381103516,79.8668212890625,16.965702056884766,-20.767465591430664,15.638108253479004,33.215919494628906,9.418048858642578,-7.3191986083984375,9.198101043701172,16.2997989654541,9.348772048950195,-9.599719047546387,8.77645206451416,10.448400497436523,7.8969902992248535,1.8044991493225098,9.570414543151855,5.449917793273926,7.304703712463379,-4.948193550109863,6.341401100158691,5.9086689949035645,6.842225074768066,1.2415539026260376,6.612964630126953,0.4110953211784363,0.2801378667354584,0.11579148471355438,0.039050109684467316,-0.023910079488020507,0.12286556917874639,music/Marvin Gaye & Kim Weston - It Takes Two.mp3,1,14.0,12,Marvin Gaye & Kim Weston,It Takes Two,charted,,top20,0.7282213467476955
30.0,30.0,95.703125,G major,2460.8576845198413,977.8533160794386,5277.359755194224,2651.876465830937,0.09548354960816563,0.07507173166994441,-144.90956115722656,84.92017364501953,83.07685852050781,33.870296478271484,10.515983581542969,19.910839080810547,22.990829467773438,13.752237319946289,9.874017715454102,13.20770263671875,7.2010064125061035,11.136453628540039,-2.1371827125549316,11.758552551269531,4.443986415863037,10.756299018859863,-7.748733043670654,8.440484046936035,6.304529666900635,9.049810409545898,-2.8821144104003906,7.372511863708496,1.2654306888580322,8.007662773132324,-4.030243873596191,7.4747748374938965,0.3656834065914154,0.3019590377807617,0.10314902663230896,0.045573823153972626,0.045063041287497115,0.17988566691625407,music/Big & Rich - Holy Water.mp3,1,75.0,7,Big & Rich,Holy Water,charted,,chart_51_100,0.351575335559677
30.0,30.0,143.5546875,F minor,3654.274471713475,1151.5567105721213,6312.745161026993,2403.3732932660705,0.26343491498161764,0.14559540343725533,-275.9460754394531,177.81353759765625,20.875747680664062,46.93705749511719,-22.95954132080078,36.462764739990234,24.06886863708496,30.86051368713379,-19.573028564453125,20.33363151550293,7.200527191162109,18.04932403564453,-6.737465858459473,13.538100242614746,5.067267894744873,10.237582206726074,-6.315164089202881,12.191380500793457,0.670171856880188,9.491917610168457,-6.9685845375061035,7.819926738739014,-3.3211450576782227,8.086745262145996,-7.235663890838623,7.6127119064331055,0.48706796765327454,0.3044183850288391,0.05503736436367035,0.05201258510351181,0.010253420056816091,0.10743090397313294,music/Twisted Sister - We're Not Gonna Take It.mp3,1,21.0,15,Twisted Sister,We're Not Gonna Take It,charted,,chart_21_50,0.662900068768379
30.0,30.0,151.99908088235293,A minor,1970.2652590010177,618.4085554742128,4007.0257700633706,2112.3023670436282,0.09201456075851393,0.04599500715273175,-116.30350494384766,71.06136322021484,104.39916229248047,26.632997512817383,-14.435773849487305,25.23609733581543,27.972305297851562,13.997516632080078,-3.2545359134674072,10.674286842346191,16.84768295288086,10.39677619934082,5.971877574920654,11.582411766052246,4.6863908767700195,7.8433966636657715,-1.2612814903259277,7.4091477394104,7.024837970733643,8.610681533813477,-4.45705509185791,8.572918891906738,-0.1289190948009491,6.920799732208252,-1.5707578659057617,9.006839752197266,0.3573656976222992,0.3139271140098572,0.13905370235443115,0.05595774203538895,-0.05618857522780977,0.1810568435532483,music/Betty Everett - There'll Come A Time.mp3,1,26.0,11,Betty Everett,There'll Come A Time,charted,,chart_21_50,0.6231108192777954
30.0,30.0,135.99917763157896,G major,3047.0587987098006,626.5472763806697,6458.319280760207,2821.14308921,0.1456699430388932,0.053024455687687086,-24.59366226196289,36.88740158081055,64.84037780761719,21.68273162841797,3.8640530109405518,12.056565284729004,28.679216384887695,10.68995189666748,7.109751224517822,8.014177322387695,13.968934059143066,9.203266143798828,-2.5451948642730713,7.629571437835693,7.95708703994751,6.63743257522583,-2.8180723190307617,6.385778903961182,8.05264663696289,7.047102451324463,0.333124577999115,6.230445384979248,2.5685441493988037,6.562096118927002,-1.2947982549667358,5.887195110321045,0.4037296175956726,0.28992700576782227,0.1753271222114563,0.04304863512516022,-0.024628330585405818,0.13239057725760792,music/Jimmy Somerville - You Make Me Feel (Mighty Real).mp3,1,87.0,4,Jimmy Somerville,You Make Me Feel (Mighty Real),charted,,chart_51_100,0.3009747045804682
30.0,30.0,86.1328125,B minor,2305.2129965686945,1183.8601891107437,4681.821689664764,2287.2549183704027,0.10081269349845201,0.0798544433759914,-185.32086181640625,112.75643920898438,85.7098617553711,46.89665222167969,-4.900284767150879,39.6599235534668,10.692712783813477,20.782976150512695,6.062038421630859,21.469995498657227,1.9484976530075073,20.71030616760254,-10.0147705078125,14.391929626464844,-2.6859512329101562,18.666391372680664,-5.4247918128967285,16.222959518432617,-3.6733920574188232,12.464422225952148,-5.193215370178223,9.018783569335938,6.406661033630371,9.784271240234375,-1.8149274587631226,8.803728103637695,0.43790704011917114,0.3061598539352417,0.14500601589679718,0.1446331888437271,-0.07158787086642764,0.17314175339494675,music/Lil Baby & Gunna - Heatin Up.mp3,1,18.0,7,Lil Baby & Gunna,Heatin Up,charted,,top20,0.6892092197459694
30.0,30.0,103.359375,F major,1648.1424349052072,487.47962348969094,3393.129482210236,1946.8407697459231,0.07376032495646284,0.0208410201273455,-127.94469451904297,48.98940658569336,133.12875366210938,29.404897689819336,-20.82365608215332,20.679502487182617,25.933670043945312,12.688485145568848,14.122072219848633,10.050113677978516,11.868017196655273,8.485969543457031,-2.6715312004089355,8.341423988342285,10.986919403076172,8.676409721374512,-4.498947620391846,10.243782997131348,-3.2648866176605225,10.080405235290527,-4.334560871124268,8.26586627960205,4.724581241607666,6.986433982849121,-6.704798221588135,7.1295905113220215,0.37078920006752014,0.2897980511188507,0.1163753941655159,0.04422125220298767,0.03836587899627781,0.12459982553755782,"music/Joe Simon - Baby, Don't Be Looking In My Mind.mp3",1,72.0,5,Joe Simon,"Baby, Don't Be Looking In My Mind",charted,,chart_51_100,0.36485506306899457
30.0,30.0,129.19921875,C# major,2445.463913973903,729.1180552037598,5477.025214511174,2650.4370919369435,0.09276663482004643,0.04668004848424307,-116.0975570678711,58.46318435668945,83.66773223876953,24.449604034423828,14.906696319580078,21.207822799682617,36.860538482666016,11.654187202453613,0.905460774898529,9.63297176361084,13.488593101501465,7.753876686096191,1.6220089197158813,8.715644836425781,4.805685043334961,8.264533996582031,-1.1453559398651123,6.997203350067139,6.247126579284668,6.562839508056641,-4.895579814910889,7.18761682510376,1.2375328540802002,6.00885009765625,-3.2549123764038086,6.049373149871826,0.3743736445903778,0.2987152636051178,0.11445172131061554,0.04103606566786766,-0.00955922216645034,0.144131359480213,music/Randy Meisner - Hearts On Fire.mp3,1,19.0,15,Randy Meisner,Hearts On Fire,charted,,top20,0.6801989254665843
30.0,30.0,107.666015625,C# major,1719.7259080589038,400.9980209010536,3223.6055072985196,1606.135003067446,0.10548991389318886,0.039555161160617205,-140.80296325683594,45.42580032348633,131.90957641601562,24.51931381225586,-51.480106353759766,16.15584945678711,37.45069885253906,11.547882080078125,-17.403411865234375,12.772531509399414,5.2365641593933105,10.110617637634277,-8.120611190795898,9.51459789276123,-3.4263663291931152,9.080485343933105,-8.252225875854492,7.395388126373291,-4.341598987579346,8.665647506713867,-7.561081409454346,6.85657262802124,-3.221182346343994,6.732817649841309,-8.430009841918945,5.991519927978516,0.3086743652820587,0.2978369891643524,0.10096098482608795,0.03656407445669174,-0.023555302772219663,0.16991639910702752,music/Donna Fargo - Little Girl Gone.mp3,1,57.0,10,Donna Fargo,Little Girl Gone,charted,,chart_51_100,0.4359239251822338
30.0,30.0,151.99908088235293,B minor,2153.020894023777,689.3670803512795,5395.367374951626,2708.8585944870224,0.04167057190886223,0.03596871200229769,-90.33895111083984,47.80352783203125,92.94896697998047,26.01927947998047,14.713818550109863,19.87360382080078,7.534172058105469,15.49083137512207,13.979720115661621,14.190649032592773,18.19194984436035,11.211904525756836,-3.4056990146636963,8.994093894958496,16.150545120239258,9.138869285583496,-8.15025806427002,8.628783226013184,14.849833488464355,7.206770420074463,2.3710222244262695,8.226076126098633,5.76386022567749,7.384341716766357,8.855393409729004,8.717042922973633,0.5636723637580872,0.2641533613204956,0.29190972447395325,0.1128171905875206,-0.1046956405170901,0.18909666677756345,music/Big Sean & Metro Boomin Featuring Travis Scott - Go Legend.mp3,1,67.0,1,Big Sean & Metro Boomin Featuring Travis Scott,Go Legend,charted,,chart_51_100,0.3876275643042055
30.0,30.0,151.99908088235293,A# major,2404.816034377374,766.937755582857,5224.143410319514,2552.2012716067397,0.10712331293537151,0.05568496877641388,-64.05266571044922,63.6097526550293,90.935791015625,30.491544723510742,-3.344021797180176,24.737409591674805,19.308204650878906,16.172449111938477,5.477392196655273,16.265785217285156,5.592808246612549,13.824562072753906,1.9779164791107178,10.71887493133545,8.0589599609375,11.665264129638672,-1.7157527208328247,8.750636100769043,9.36532974243164,11.469804763793945,-7.182121276855469,9.041454315185547,3.279130697250366,8.82778263092041,-3.96952486038208,8.178788185119629,0.39107024669647217,0.3041098713874817,0.19756673276424408,0.09334631264209747,0.01450412352628388,0.11451503955484985,music/Lady Gaga - A-YO.mp3,1,66.0,1,Lady Gaga,A-YO,charted,,chart_51_100,0.39228445649450283
30.0,30.0,151.99908088235293,E major,1764.7707785718314,847.7776200932848,3452.3124576722134,2246.4304663744183,0.06749581257256192,0.040710873302793035,-185.67108154296875,69.49386596679688,121.62006378173828,34.342315673828125,5.8600897789001465,18.99593734741211,8.4964017868042,20.385520935058594,1.0302420854568481,16.295780181884766,-3.1097476482391357,12.943867683410645,2.9399960041046143,14.537772178649902,-21.62171173095703,19.509841918945312,1.1796365976333618,10.9810152053833,-6.104036331176758,7.687630653381348,-9.375433921813965,9.494826316833496,0.6117300391197205,9.137176513671875,-2.310776710510254,11.732673645019531,0.23187536001205444,0.2922082543373108,0.12374139577150345,0.0488320030272007,-0.01051538380310749,0.2705568301404536,music/Glee Cast - What I Did For Love.mp3,1,51.0,1,Glee Cast,What I Did For Love,charted,,chart_51_100,0.4669982091109739
30.0,30.0,117.45383522727273,C minor,491.63721202312007,303.42428234744267,767.7120244170859,767.2331490145252,0.02788683061629257,0.020617651254176132,-396.35186767578125,62.251766204833984,160.10353088378906,29.378015518188477,30.637042999267578,35.960205078125,21.239423751831055,19.242279052734375,22.609943389892578,20.940185546875,8.413618087768555,20.53423500061035,1.5309253931045532,13.334455490112305,0.5290091037750244,12.115736961364746,3.9249963760375977,10.617053031921387,8.673583984375,8.784651756286621,12.499114036560059,9.434332847595215,15.695904731750488,10.110867500305176,15.463763236999512,10.796965599060059,0.38435256481170654,0.32069021463394165,0.08167675137519836,0.05713117495179176,0.07536533304018768,0.16731406361444498,music/Rihanna - Unfaithful.mp3,1,6.0,20,Rihanna,Unfaithful,charted,,top20,0.8314500343841895
30.0,30.0,117.45383522727273,G minor,2636.559726685362,777.7384668136496,5983.563818208204,2819.4282392683244,0.10711084135545666,0.04683941168569657,-113.23822021484375,59.201377868652344,84.82917785644531,27.48472023010254,16.1531925201416,18.795873641967773,16.297447204589844,15.07699966430664,4.277352809906006,11.46673583984375,10.567095756530762,10.953116416931152,3.4072816371917725,8.381340026855469,7.525503158569336,7.963309288024902,1.6997382640838623,7.590227127075195,7.968690395355225,7.276571750640869,-0.3277312219142914,6.807190895080566,5.150763034820557,7.546686172485352,-0.886555552482605,6.636834621429443,0.4116695523262024,0.29120349884033203,0.11424753814935684,0.05129594728350639,-0.013980749108925156,0.09289764761224456,music/Sam Harris - Sugar Don't Bite.mp3,1,36.0,14,Sam Harris,Sugar Don't Bite,charted,,chart_21_50,0.5540587074920776
30.0,30.0,103.359375,G major,2506.777822649818,573.6018235612742,5166.910423066225,2308.326144133874,0.12974109000096748,0.055869831485204795,-96.71639251708984,50.689598083496094,80.70803833007812,22.741498947143555,-18.357954025268555,19.42153549194336,23.514142990112305,14.065829277038574,-28.06354331970215,13.88584041595459,8.99992847442627,9.196474075317383,-14.450393676757812,9.798181533813477,0.8688406348228455,8.8597412109375,-18.894119262695312,8.041739463806152,4.6772308349609375,9.078686714172363,-8.739773750305176,8.372416496276855,0.6000280976295471,8.29985237121582,-4.955652713775635,8.207167625427246,0.2878679931163788,0.298784077167511,0.12927737832069397,0.04110005870461464,0.007657479103073426,0.18095158496323568,music/Little Willie John - Let Them Talk.mp3,1,100.0,1,Little Willie John,Let Them Talk,charted,,chart_51_100,0.25
30.0,30.0,92.28515625,D# minor,2921.073293952834,882.0380470597051,6140.212870972813,2757.352787498845,0.14246247944078946,0.06456505661783742,-91.04029846191406,60.32810974121094,68.11659240722656,29.16802978515625,15.27530574798584,20.936279296875,27.6639347076416,15.707895278930664,-1.517539143562317,11.662261962890625,9.179044723510742,11.373262405395508,-5.363901615142822,10.470785140991211,-1.3230515718460083,10.085182189941406,-6.961198329925537,9.931438446044922,-0.7313476204872131,11.434724807739258,-2.1983866691589355,10.849078178405762,4.514292240142822,10.733268737792969,-5.351913928985596,12.782635688781738,0.40622517466545105,0.2898114025592804,0.13434261083602905,0.06354642659425735,0.033967621530330616,0.11694069306264442,music/Tavares - Bad Times.mp3,1,47.0,10,Tavares,Bad Times,charted,,chart_21_50,0.48876264185445484
30.0,30.0,172.265625,D# major,2338.1776625907596,546.732692702496,5174.560376808001,2588.893774032592,0.08861700004837461,0.03408759444458526,-72.9786148071289,44.77177047729492,84.72161865234375,18.42604637145996,9.597984313964844,21.084016799926758,38.450626373291016,11.659335136413574,5.8911542892456055,9.607854843139648,14.29743766784668,7.829666614532471,2.788914442062378,8.650578498840332,6.219844341278076,7.371387004852295,2.079572916030884,6.729636192321777,6.735583782196045,7.153194904327393,0.30464616417884827,6.999125003814697,3.6996333599090576,6.0417866706848145,1.8079017400741577,7.263028621673584,0.4142940938472748,0.28111547231674194,0.15711747109889984,0.025761263445019722,-0.011696094241053539,0.1978297358936096,music/Seether - Fine Again.mp3,1,61.0,20,Seether,Fine Again,charted,,chart_51_100,0.4161257918788578
30.0,30.0,112.34714673913044,D# minor,2070.6877578665863,586.4161009858644,3931.2678948275443,2215.085194036243,0.1034018690741099,0.0456235873319959,-129.451416015625,100.75653076171875,103.86323547363281,22.341644287109375,-19.66643714904785,25.449995040893555,20.926937103271484,16.7366886138916,7.951085090637207,13.274001121520996,-3.8141348361968994,16.3663387298584,5.604623794555664,9.732213973999023,4.634468078613281,8.895086288452148,-9.015482902526855,8.660150527954102,1.7553801536560059,7.494023323059082,-8.320470809936523,7.024555683135986,-2.6733484268188477,7.032247543334961,-8.702008247375488,6.144074440002441,0.3720991313457489,0.28604206442832947,0.10375827550888062,0.04708591848611832,0.02581128639308838,0.19539833047873548,music/Bee Gees - Saw A New Morning.mp3,1,94.0,3,Bee Gees,Saw A New Morning,charted,,chart_51_100,0.2730824731036602
30.0,30.0,129.19921875,A major,2285.704146760175,618.9658502962594,4948.853408293828,2437.3299165573785,0.10531342214106038,0.040093120807700285,-55.16628646850586,45.49851989746094,99.41252136230469,23.604991912841797,-6.9235076904296875,16.50754165649414,20.286792755126953,10.204432487487793,-2.0217766761779785,9.169917106628418,5.808990001678467,8.022283554077148,-7.500412464141846,6.709846496582031,4.2327189445495605,6.236024856567383,-3.1104941368103027,6.57741641998291,8.792458534240723,7.59031343460083,-2.0762252807617188,7.220050811767578,2.2006239891052246,6.444494724273682,-4.9250807762146,6.2819294929504395,0.3621259927749634,0.2901359498500824,0.1569945514202118,0.03386439383029938,0.007488234695332972,0.12097114343025524,music/Ramsey Lewis - Since You've Been Gone.mp3,1,98.0,2,Ramsey Lewis,Since You've Been Gone,charted,,chart_51_100,0.25761441040631483
30.0,30.0,161.4990234375,A# major,1692.7140188605335,642.154301798938,3578.7533597680435,1857.907514156233,0.07637482161861456,0.0349385457862423,-126.3858871459961,98.24999237060547,130.07896423339844,39.5578727722168,-19.403484344482422,20.576786041259766,34.083465576171875,14.094396591186523,0.1674572229385376,14.344403266906738,10.871186256408691,10.400975227355957,-1.8472541570663452,12.55394458770752,0.3476698696613312,10.349732398986816,-1.4941271543502808,8.407848358154297,-0.3632802963256836,9.33520221710205,-4.187575817108154,6.951456546783447,0.6822585463523865,8.26191520690918,-4.091105937957764,6.219696044921875,0.37852442264556885,0.28810369968414307,0.11952712386846542,0.03934536874294281,0.028000164678252684,0.19424691000379415,music/Eric Church - The Outsiders.mp3,1,51.0,7,Eric Church,The Outsiders,charted,,chart_51_100,0.4669982091109739
30.0,30.0,107.666015625,E major,1772.8557938843499,589.7434914308551,3416.5376739974363,1804.198804551507,0.09364607016737617,0.048828167453840984,-185.71456909179688,78.53858947753906,120.46949005126953,29.385793685913086,-29.11773109436035,20.665714263916016,30.763399124145508,14.84151840209961,-18.239652633666992,16.270204544067383,1.9924112558364868,8.978865623474121,-6.163323879241943,10.632233619689941,-3.929384708404541,8.173295021057129,-20.943845748901367,9.819075584411621,-3.9112071990966797,11.147586822509766,-6.144301414489746,8.953258514404297,-5.58177375793457,7.258739471435547,-5.859879016876221,8.993021011352539,0.3347793519496918,0.2999105155467987,0.07151530683040619,0.036770112812519073,-0.009093738737243937,0.15134903276252779,"music/The Four Aces - No Other Arms, No Other Lips.mp3",1,74.0,5,The Four Aces,"No Other Arms, No Other Lips",charted,,chart_51_100,0.35597148566796577
30.0,30.0,135.99917763157896,A# major,2096.4126022619002,347.4040374967206,4263.524219052341,2184.7864886482603,0.10742074122000773,0.032266217518810175,-41.468318939208984,31.562971115112305,105.54923248291016,16.413331985473633,-18.4498291015625,16.42993927001953,34.87333679199219,10.940377235412598,-5.986581802368164,10.127715110778809,10.700383186340332,9.50869083404541,3.292955160140991,7.962347030639648,3.0316367149353027,8.466756820678711,-5.127946853637695,6.943541049957275,8.618315696716309,7.577391147613525,-4.891744136810303,7.05919885635376,1.9348363876342773,6.865711688995361,-0.35840991139411926,5.880161285400391,0.4122168719768524,0.2814428210258484,0.18667921423912048,0.05141519755125046,-0.0022887433263097698,0.10144672871631769,music/The Crystals - He's Sure The Boy I Love.mp3,1,11.0,12,The Crystals,He's Sure The Boy I Love,charted,,top20,0.7616343526886019
30.0,30.0,129.19921875,D# major,2162.5027616543216,849.6654128012066,4629.672005006772,2355.4763371180816,0.09072053986068111,0.053679299251442,-149.3990936279297,57.19562911987305,99.71270751953125,37.44450759887695,2.9824697971343994,15.222086906433105,32.675811767578125,11.311500549316406,2.577256441116333,9.66189956665039,16.076480865478516,8.739725112915039,-1.6812392473220825,8.99827766418457,11.319448471069336,6.817782878875732,-1.478147029876709,7.742844104766846,3.2837655544281006,6.643681526184082,-0.7310256958007812,6.313643455505371,1.3441929817199707,6.715435028076172,-2.6100358963012695,6.723689556121826,0.40722012519836426,0.29165375232696533,0.07831599563360214,0.014183783903717995,0.008675469069197713,0.11664664561326257,music/Young The Giant - Cough Syrup.mp3,1,95.0,3,Young The Giant,Cough Syrup,charted,,chart_51_100,0.2691847640539306
30.0,30.0,99.38401442307692,G minor,3091.4058002340644,1244.3355187451639,6401.11962663869,2805.1328824085094,0.15302099458204335,0.09396448441099653,-163.25802612304688,84.23043823242188,60.53914260864258,38.62122344970703,-1.252142310142517,27.905881881713867,13.754425048828125,23.6690616607666,4.205934047698975,19.08150863647461,-2.2491326332092285,17.738189697265625,1.4575753211975098,13.689494132995605,7.849340915679932,14.10106372833252,-3.3564913272857666,13.139281272888184,0.8733834028244019,11.165518760681152,-2.7168233394622803,11.046589851379395,1.173704743385315,11.470783233642578,-2.7645514011383057,12.520602226257324,0.4808032810688019,0.30064213275909424,0.08994664996862411,0.06895534694194794,-0.01662080005719576,0.11159545951412163,music/Usher - U Don't Have To Call.mp3,1,3.0,26,Usher,U Don't Have To Call,charted,,top20,0.8933996418221948
30.0,30.0,86.1328125,D# minor,2865.3014261414405,445.08035084228,5877.1977947223295,2595.053055643277,0.14995260799632354,0.042295300986763644,-52.87107467651367,28.323806762695312,67.37814331054688,15.594467163085938,-11.086806297302246,13.502734184265137,38.18852233886719,10.150879859924316,3.6754539012908936,8.737557411193848,9.235386848449707,6.793122291564941,-0.9614006280899048,7.556548118591309,8.852319717407227,6.055206775665283,-3.580857038497925,6.293048858642578,10.921241760253906,6.820903301239014,1.1760239601135254,6.665420055389404,7.975387096405029,5.709052085876465,2.73002290725708,5.984791278839111,0.4340802729129791,0.2799049913883209,0.12293606996536255,0.025394059717655182,0.03890028305049651,0.09026228291382239,music/(+44) - When Your Heart Stops Beating.mp3,1,89.0,1,(+44),When Your Heart Stops Beating,charted,,chart_51_100,0.2928932188134525
30.0,30.0,117.45383522727273,F# minor,3243.202058884687,583.6449362341341,6613.7183410833495,2846.2581637494213,0.16079041094233745,0.049236285594152,-52.15163040161133,27.712528228759766,56.73670959472656,16.120656967163086,7.258556365966797,17.59408187866211,30.743635177612305,11.524548530578613,-3.981693983078003,8.617130279541016,3.8394272327423096,9.146037101745605,4.496121406555176,8.368244171142578,5.954949378967285,7.859671115875244,3.745168685913086,7.143420696258545,10.573070526123047,7.716383934020996,-4.101086139678955,6.696009635925293,6.814414024353027,6.673149108886719,-1.0635148286819458,6.161612033843994,0.38491201400756836,0.2889760434627533,0.1379881352186203,0.02485562302172184,-0.0304413132057117,0.15529384250594763,music/Rebekah - Sin So Well.mp3,1,80.0,6,Rebekah,Sin So Well,charted,,chart_51_100,0.33002713759165114
30.0,30.0,135.99917763157896,D major,1802.8934421653103,603.9208464729762,3871.3099240518577,2304.0487220191258,0.06605062100909442,0.037443853482704424,-217.06361389160156,54.61616897583008,113.0754165649414,24.56020164489746,6.878582954406738,16.487451553344727,23.84581756591797,16.490039825439453,11.3414306640625,11.031928062438965,-0.5360782146453857,11.609755516052246,1.2559642791748047,8.061802864074707,8.151015281677246,9.367667198181152,-5.733453273773193,9.867505073547363,3.2776858806610107,9.266999244689941,-9.76563549041748,8.654886245727539,-3.0090959072113037,9.196627616882324,-4.882320404052734,7.776492118835449,0.2686556279659271,0.2982969880104065,0.0647330954670906,0.033291470259428024,-0.02883554926786527,0.2288516193971607,music/Carla Thomas - I'll Always Have Faith In You.mp3,1,85.0,4,Carla Thomas,I'll Always Have Faith In You,charted,,chart_51_100,0.30915072029224255
30.0,30.0,67.99958881578948,C major,1526.2581600401286,936.2288185196647,2856.7577255768674,1670.8784862186214,0.0678571104634288,0.04883179441741306,-238.8232421875,111.80760192871094,121.38711547851562,41.99081039428711,-8.061327934265137,18.935375213623047,12.684754371643066,18.892091751098633,3.3402695655822754,16.749696731567383,-12.430520057678223,12.649147987365723,-4.924808979034424,11.265178680419922,-12.391792297363281,10.896939277648926,-18.568368911743164,10.508003234863281,-7.813190937042236,10.14969539642334,-7.617879867553711,11.9932222366333,-7.435431003570557,12.792627334594727,-0.7345395684242249,11.132088661193848,0.247251957654953,0.2958346903324127,0.08473264425992966,0.05389585718512535,0.13681157530862165,0.2069923019221563,music/Chris Janson - Drunk Girl.mp3,1,79.0,10,Chris Janson,Drunk Girl,charted,,chart_51_100,0.3342809765510541
30.0,30.0,83.35433467741936,G major,3003.928657633196,894.3805252526964,6625.926600595008,2963.696548737095,0.12261566067627709,0.07087730959465692,-13.53947925567627,41.19643020629883,66.13948822021484,27.63219451904297,14.448262214660645,22.27965545654297,18.46890640258789,17.53995704650879,-0.1924545168876648,17.66046142578125,0.4249721169471741,14.000274658203125,0.480843186378479,13.422174453735352,2.7455174922943115,11.627681732177734,2.573615550994873,10.588074684143066,-0.3226378858089447,10.788558959960938,0.38212084770202637,9.86561393737793,3.6628501415252686,9.016274452209473,-0.9378200769424438,9.199783325195312,0.344282865524292,0.29488784074783325,0.29124313592910767,0.07398102432489395,0.033618598383127855,0.15617042696328703,music/T-Pain Featuring Wiz Khalifa & Lily Allen - 5 O'Clock.mp3,1,10.0,20,T-Pain Featuring Wiz Khalifa & Lily Allen,5 O'Clock,charted,,top20,0.7738664915666773
30.0,30.0,129.19921875,G# major,3048.3023926741166,637.8992383062737,6059.655024761755,2625.383014541345,0.15561659491099072,0.055487682275521394,-64.16885375976562,39.34390640258789,53.07835388183594,21.39685821533203,-10.39978313446045,16.399673461914062,38.33525466918945,15.771866798400879,9.262965202331543,11.479903221130371,19.022668838500977,9.625568389892578,4.356680393218994,8.57197093963623,12.887075424194336,7.004234790802002,-3.0170364379882812,7.716689586639404,10.776638984680176,11.141997337341309,0.9725432395935059,7.436166763305664,1.6113088130950928,6.957347869873047,-2.730893850326538,6.923552513122559,0.4454895555973053,0.2842200696468353,0.12783019244670868,0.03134632110595703,0.0005757087960263878,0.13941519278589495,music/Head East - Love Me Tonight.mp3,1,54.0,6,Head East,Love Me Tonight,charted,,chart_51_100,0.4512410696522893
30.0,30.0,129.19921875,F major,2384.2195819982007,926.5177174280388,5557.341395516883,2737.056997574874,0.09281652113970588,0.07253920095338326,-144.6765899658203,64.53373718261719,89.53662872314453,25.850528717041016,26.101200103759766,20.34640884399414,10.689242362976074,16.32575798034668,3.0072317123413086,12.375656127929688,9.8184814453125,9.866077423095703,-12.497316360473633,10.541840553283691,2.8193447589874268,10.103290557861328,7.377938747406006,11.366778373718262,-7.447227954864502,10.622203826904297,-19.008970260620117,9.720272064208984,-1.237666130065918,8.23093318939209,-8.097103118896484,9.224231719970703,0.2887968122959137,0.30481019616127014,0.11883522570133209,0.05773768573999405,0.04443200840954204,0.14635445509531073,music/The Partridge Family Starring Shirley Jones Featuring David Cassidy - Am I Losing You.mp3,1,59.0,7,The Partridge Family Starring Shirley Jones Featuring David Cassidy,Am I Losing You,charted,,chart_51_100,0.4259395027129505
30.0,30.0,123.046875,G# minor,3152.921677159798,684.0082174628546,6160.662747315209,2597.590122985175,0.17232775614357584,0.08131395077725748,-33.594764709472656,52.75965881347656,52.78800964355469,21.6508731842041,-2.193629264831543,18.97673988342285,50.7059326171875,11.846742630004883,-5.081552505493164,10.37231731414795,22.810413360595703,7.491113185882568,-0.6560003757476807,10.05721378326416,19.15024757385254,7.824954986572266,0.8376666903495789,7.933452129364014,16.769474029541016,7.08286190032959,-6.4270405769348145,6.672522068023682,9.246241569519043,6.918246746063232,-3.5417749881744385,7.349016189575195,0.5234660506248474,0.26923584938049316,0.18759989738464355,0.04706240072846413,0.04325537811201827,0.11456108184905447,music/The Illusion - Did You See Her Eyes.mp3,1,32.0,13,The Illusion,Did You See Her Eyes,charted,,chart_21_50,0.5803139701677411
30.0,30.0,73.828125,D# minor,2572.967688328986,702.6971389370418,5661.632431549922,2695.6615820753314,0.11259455725135449,0.04384084207302554,-162.32582092285156,43.97852325439453,84.70623016357422,26.422645568847656,7.432126045227051,16.30978775024414,27.9050350189209,9.529499053955078,3.8893792629241943,9.12087631225586,13.10818099975586,9.517526626586914,2.2879788875579834,7.840879917144775,3.8309152126312256,7.620781898498535,-1.9716477394104004,7.765244483947754,3.036449432373047,6.6451945304870605,-1.6070513725280762,7.102078914642334,-0.5618332028388977,6.725854396820068,-3.5792429447174072,6.328681945800781,0.416517436504364,0.2811703383922577,0.05436449497938156,0.01715943217277527,0.03754457241401081,0.1301112662268685,music/Suzanne Vega - Solitude Standing.mp3,1,94.0,3,Suzanne Vega,Solitude Standing,charted,,chart_51_100,0.2730824731036602
30.0,30.0,123.046875,C major,2657.216642828142,591.3445181864034,5518.508297001983,2464.51082183333,0.11690481085526316,0.03992811854846441,-79.6921615600586,49.01091003417969,70.39816284179688,28.820615768432617,-11.50691032409668,17.00485610961914,22.16303825378418,15.793584823608398,-18.328258514404297,13.080326080322266,7.463365077972412,8.329056739807129,-8.628376960754395,9.24142074584961,7.570839881896973,9.762445449829102,-8.594128608703613,8.86406421661377,-4.5993123054504395,9.973611831665039,-8.073174476623535,9.533565521240234,-2.1648452281951904,11.982437133789062,-7.4884490966796875,10.678899765014648,0.24827568233013153,0.3012232482433319,0.1539386659860611,0.04421277716755867,0.05652506202099974,0.16254307826591757,music/The Tokens - The Lion Sleeps Tonight (Wimoweh).mp3,1,51.0,13,The Tokens,The Lion Sleeps Tonight (Wimoweh),charted,,chart_51_100,0.4669982091109739
30.0,30.0,117.45383522727273,E minor,4368.193487004528,855.5957144834072,7380.255372605457,2728.571346966568,0.3388755018866099,0.1012912785628986,-95.40116882324219,33.00599670410156,19.065351486206055,23.01401138305664,2.753933906555176,22.955228805541992,29.655433654785156,17.72873878479004,-9.743118286132812,9.755194664001465,7.780745029449463,8.6367769241333,-2.7637569904327393,7.346443176269531,2.3280436992645264,7.822394847869873,0.09214532375335693,6.942407608032227,7.378358840942383,7.164790630340576,-6.369273662567139,6.424163341522217,2.8799307346343994,6.223333358764648,-0.3536686897277832,6.279541492462158,0.5500637292861938,0.25194260478019714,0.06743831932544708,0.025738973170518875,-0.006123663023110159,0.09684816745467331,music/Quiet Riot - Bang Your Head (Metal Health).mp3,1,31.0,12,Quiet Riot,Bang Your Head (Metal Health),charted,,chart_21_50,0.5871385880776148
30.0,30.0,95.703125,D major,2473.3721032308836,1126.665177145455,5308.734565475039,2609.9074120351856,0.0975738619872291,0.06398900805269268,-187.69142150878906,66.59159088134766,91.67765808105469,39.594425201416016,19.682701110839844,24.669954299926758,28.164011001586914,16.14107894897461,4.855974197387695,16.666311264038086,5.466225624084473,11.072190284729004,-1.8492499589920044,10.953540802001953,6.9059553146362305,8.539390563964844,-9.263216972351074,9.512258529663086,1.8538841009140015,7.3046650886535645,0.7158319354057312,9.635029792785645,-7.982445240020752,8.413290023803711,-0.5415142774581909,8.114540100097656,0.3425089418888092,0.2933637797832489,0.0680433139204979,0.02690606378018856,-0.03871673009378444,0.17968165632342126,music/Information Society - Repetition.mp3,1,76.0,6,Information Society,Repetition,charted,,chart_51_100,0.3472087901661331
30.0,30.0,92.28515625,D major,1939.635658654403,714.546140464249,3966.1843503591813,2149.435352003294,0.08560870380224458,0.042562690668271924,-207.78517150878906,56.983619689941406,104.17681121826172,32.0849609375,-9.145783424377441,18.734331130981445,42.5955696105957,16.666057586669922,10.406318664550781,12.136517524719238,10.724899291992188,12.71741771697998,1.7818241119384766,7.8613433837890625,10.659876823425293,7.950725555419922,-2.9670379161834717,7.129348278045654,2.218862533569336,10.450716018676758,-0.4872300326824188,10.060919761657715,3.693079710006714,8.302604675292969,-2.612088441848755,7.62825870513916,0.3383291959762573,0.29261356592178345,0.05400968715548515,0.014592462219297886,-0.023704417109291265,0.2061906923495302,music/Tracy Lawrence - I See It Now.mp3,1,84.0,9,Tracy Lawrence,I See It Now,charted,,chart_51_100,0.3132752304664488
30.0,30.0,129.19921875,A major,2908.4768897258873,426.5733577782556,5646.757521496469,2554.823691621024,0.16792491050696595,0.041759340238691135,-96.54391479492188,34.84599685668945,66.82917022705078,15.15216064453125,-12.99815845489502,13.108848571777344,34.85627746582031,11.792457580566406,-3.550872802734375,9.141512870788574,6.216466426849365,9.695627212524414,3.6497557163238525,9.204326629638672,0.1701297163963318,8.416967391967773,-6.426801681518555,8.26697063446045,4.589376449584961,7.258384704589844,-10.409101486206055,7.316290378570557,0.7825003266334534,7.144289493560791,-4.432967662811279,6.458446502685547,0.37329617142677307,0.2893851697444916,0.08256110548973083,0.019115028902888298,0.006785424638389317,0.10393674666405121,music/Kylie Minogue - The Loco-Motion.mp3,1,3.0,27,Kylie Minogue,The Loco-Motion,charted,,top20,0.8933996418221948
30.0,30.0,73.828125,A# major,1127.8690193062337,492.5755222885145,2093.587340363777,1641.4899668290464,0.04358061326915635,0.02425829150977133,-271.5055847167969,67.6802978515625,151.75912475585938,26.45859146118164,10.533796310424805,24.02548599243164,30.836166381835938,17.126220703125,-1.7290016412734985,12.101304054260254,7.34261417388916,10.927033424377441,-5.95102071762085,11.285860061645508,6.50008487701416,8.820907592773438,-5.600148677825928,9.48786449432373,-0.16048771142959595,9.428573608398438,-1.945518136024475,8.933297157287598,0.9807881712913513,7.518455982208252,-3.265355110168457,7.313904285430908,0.31677767634391785,0.3087904155254364,0.06013050675392151,0.035545945167541504,0.0399463786371494,0.1714085020048019,music/James Brown And The Famous Flames - These Foolish Things.mp3,1,55.0,6,James Brown And The Famous Flames,These Foolish Things,charted,,chart_51_100,0.4460882905930027
30.0,30.0,107.666015625,C major,2330.1822321791124,770.9612596601655,4691.654963537635,2332.27958147917,0.11822831003289473,0.0649555039866394,-100.9268569946289,58.15822982788086,95.22998809814453,31.877437591552734,-12.024433135986328,19.713924407958984,18.62925910949707,16.101608276367188,-1.1289740800857544,16.523290634155273,14.681500434875488,14.046236991882324,-3.361758232116699,10.844252586364746,5.584748268127441,10.447794914245605,1.4452157020568848,11.116387367248535,5.8282623291015625,8.900769233703613,0.6454036235809326,9.085479736328125,-0.4253734052181244,8.18390941619873,-2.80607271194458,8.029635429382324,0.3827398717403412,0.2962315082550049,0.11499892920255661,0.03626609966158867,0.07051397622549478,0.1560093328887478,music/Ike & Tina Turner - It's Gonna Work Out Fine.mp3,1,14.0,15,Ike & Tina Turner,It's Gonna Work Out Fine,charted,,top20,0.7282213467476955
30.0,30.0,123.046875,G# minor,1831.1316240642388,361.79066509341317,4247.357650142705,2192.1218233626723,0.07590354706849846,0.020598556322608846,-125.44560241699219,34.07377624511719,115.42759704589844,18.038761138916016,5.934823513031006,13.413117408752441,32.013980865478516,12.472933769226074,-18.840984344482422,14.190593719482422,13.109496116638184,6.79302978515625,-3.454569101333618,7.68565034866333,-6.227380275726318,7.240652084350586,-9.331404685974121,7.7653889656066895,6.042468547821045,7.016152381896973,-7.272193908691406,7.174732685089111,1.229177713394165,7.485683441162109,-7.016238689422607,6.168668270111084,0.32951825857162476,0.29733967781066895,0.10948653519153595,0.033571723848581314,0.04305893827919028,0.1274639424361062,music/Strawberry Alarm Clock - Good Morning Starshine.mp3,1,87.0,2,Strawberry Alarm Clock,Good Morning Starshine,charted,,chart_51_100,0.3009747045804682
30.0,30.0,198.76802884615384,A# minor,2229.6990696956877,434.9715129097001,4600.622180667086,2372.205411663532,0.10320685891544118,0.036053218173816064,-61.011024475097656,41.14375305175781,96.46593475341797,19.111408233642578,-8.882932662963867,15.762068748474121,31.979652404785156,12.611122131347656,1.6676623821258545,10.781022071838379,8.251404762268066,7.342775821685791,-0.7129592299461365,8.524592399597168,-1.7301703691482544,7.1481757164001465,-0.8589204549789429,7.001750469207764,4.1123199462890625,7.348153114318848,-3.6244704723358154,7.4153008460998535,4.6714606285095215,7.2006988525390625,-3.3520100116729736,5.453920364379883,0.40794795751571655,0.2836000621318817,0.1464328169822693,0.036620356142520905,0.01962033676100414,0.13631022072566462,music/The Vibrations - Love In Them There Hills.mp3,1,93.0,2,The Vibrations,Love In Them There Hills,charted,,chart_51_100,0.2770011945187788
30.0,30.0,151.99908088235293,F major,1645.224470170667,673.7395560068412,3447.7458186193885,1956.880667659148,0.06410240905572756,0.039450703409498813,-135.200439453125,64.28401947021484,120.06737518310547,33.44612503051758,-14.375800132751465,19.433942794799805,40.6140251159668,15.22100830078125,7.976836681365967,12.587872505187988,18.217477798461914,9.858148574829102,6.106115341186523,8.210516929626465,8.332914352416992,8.69547176361084,-0.7669399976730347,9.07785701751709,12.241162300109863,7.143793106079102,2.7206366062164307,7.232204437255859,5.5133442878723145,6.358073711395264,0.47239023447036743,7.603163242340088,0.3937658965587616,0.29546305537223816,0.1386508047580719,0.036224301904439926,0.07607590043341206,0.2475131080007069,music/Seals & Crofts - Unborn Child.mp3,1,66.0,8,Seals & Crofts,Unborn Child,charted,,chart_51_100,0.39228445649450283
30.0,30.0,135.99917763157896,C major,2482.9393217727843,657.259457364795,5402.383999189725,2566.7528182659707,0.10685763049051858,0.048689667493047706,-73.72791290283203,55.69898986816406,84.30225372314453,24.153240203857422,-5.594088077545166,16.857324600219727,28.041275024414062,13.57975959777832,7.627040863037109,11.56373405456543,14.286418914794922,9.05082893371582,-1.8632557392120361,9.925132751464844,7.882263660430908,9.050016403198242,-1.7627977132797241,9.150839805603027,2.210702896118164,7.160008430480957,-2.247210741043091,6.575631618499756,3.0596206188201904,6.44260835647583,-3.8350772857666016,7.478432655334473,0.39052996039390564,0.28558582067489624,0.14025120437145233,0.04227698594331741,0.08084549952631165,0.16840517518418305,music/The Outlaws - There Goes Another Love Song.mp3,1,34.0,10,The Outlaws,There Goes Another Love Song,charted,,chart_21_50,0.5669872981077807
30.0,30.0,129.19921875,A# major,2288.425182070801,486.1564570960207,4724.613097577641,2234.10931862364,0.11738024259868421,0.03921081138008811,-45.566993713378906,40.769168853759766,98.22024536132812,19.4119873046875,-27.124399185180664,12.919540405273438,15.125102996826172,11.674666404724121,-13.495833396911621,9.681441307067871,12.681343078613281,7.9797444343566895,-9.045612335205078,7.963655948638916,5.74994421005249,6.111048221588135,0.6589305996894836,6.849140644073486,2.771543502807617,6.828863143920898,3.6848061084747314,6.8120527267456055,2.49647855758667,5.961453437805176,-3.459629774093628,5.560800075531006,0.3524840772151947,0.295967161655426,0.15640291571617126,0.04824288561940193,-0.004038631515290803,0.15009156876875263,music/Four Tops - I'll Turn To Stone.mp3,1,76.0,5,Four Tops,I'll Turn To Stone,charted,,chart_51_100,0.3472087901661331
30.0,30.0,161.4990234375,B minor,3085.535109585383,782.0449159308375,6293.986941122049,2723.642658130921,0.15509127684791021,0.06713111179282104,-26.767263412475586,70.82445526123047,58.8515625,26.128450393676758,-8.176589965820312,20.853179931640625,24.928050994873047,13.167006492614746,4.19907283782959,13.125167846679688,15.81241226196289,10.587945938110352,0.09759285300970078,10.166211128234863,13.594230651855469,8.576295852661133,2.6625423431396484,10.210283279418945,7.830508232116699,8.44009780883789,1.0578134059906006,8.700373649597168,1.2600791454315186,10.510093688964844,-2.0544400215148926,8.443078994750977,0.4264324903488159,0.2884247303009033,0.20172232389450073,0.07770361751317978,-0.008628276894453531,0.0807834477902084,music/5 Seconds Of Summer - She Looks So Perfect.mp3,1,24.0,20,5 Seconds Of Summer,She Looks So Perfect,charted,,chart_21_50,0.6385005972593895
30.0,30.0,129.19921875,A minor,3287.2257213233474,911.4298824469969,6679.467943504499,2836.027442284738,0.13820815898316563,0.09071681513201652,-96.18612670898438,63.8763427734375,35.17069625854492,29.122282028198242,-24.07331085205078,28.055496215820312,-9.06761360168457,19.281225204467773,-19.981998443603516,18.441049575805664,-12.027857780456543,18.456872940063477,-11.610956192016602,17.127117156982422,1.0894956588745117,18.685165405273438,-5.970592975616455,14.545381546020508,5.283642292022705,14.52452564239502,3.074490785598755,12.446374893188477,1.1222777366638184,11.62942123413086,3.1793715953826904,12.832326889038086,0.39944764971733093,0.30702850222587585,0.16096487641334534,0.08732444792985916,-0.00571791464299939,0.15906481981801718,music/A$AP Ferg - Work.mp3,1,100.0,2,A$AP Ferg,Work,charted,,chart_51_100,0.25
30.0,30.0,95.703125,B major,2488.116625050215,936.5727216573832,5276.6347595781735,2617.5096651084164,0.09898730771091331,0.07481770279133605,-189.33383178710938,66.89977264404297,78.09949493408203,30.33392333984375,1.9045778512954712,26.61602783203125,28.16234588623047,21.476858139038086,8.651657104492188,14.857540130615234,3.805555582046509,18.45840072631836,8.900260925292969,14.390955924987793,1.3159606456756592,14.049874305725098,-2.062845468521118,11.921329498291016,8.32436752319336,11.662276268005371,-9.418645858764648,10.474690437316895,0.631868839263916,9.007938385009766,-6.189969539642334,9.31084156036377,0.3707832098007202,0.31831198930740356,0.06755517423152924,0.023891335353255272,-0.027046437859632417,0.1000454390407414,music/Sarah Connor - Bounce.mp3,1,54.0,10,Sarah Connor,Bounce,charted,,chart_51_100,0.4512410696522893
30.0,30.0,151.99908088235293,C# minor,2838.62070873301,944.1634050559736,6275.478719705398,2896.1081013959383,0.09893628761126161,0.07300405922806139,-55.080101013183594,61.09511947631836,58.43303298950195,28.16737937927246,12.536983489990234,20.892459869384766,38.391624450683594,12.43312931060791,21.465200424194336,12.171993255615234,20.089445114135742,10.142237663269043,18.071474075317383,8.787972450256348,7.920295238494873,7.525943756103516,3.438263416290283,7.653690814971924,11.576886177062988,7.506285667419434,-1.0439833402633667,6.862780570983887,8.306581497192383,6.64370584487915,-3.3394906520843506,7.306812763214111,0.491931289434433,0.2844640910625458,0.24279506504535675,0.07584057003259659,0.019624541140963334,0.06769646281728359,music/INXS - Devil Inside.mp3,1,2.0,17,INXS,Devil Inside,charted,,top20,0.9246221638555591
30.0,30.0,107.666015625,B major,2018.0295880737533,719.2941589303827,4198.807943716138,2308.789810869211,0.08694354077979877,0.053984743695704523,-134.13238525390625,39.81648254394531,102.70051574707031,23.79278564453125,1.474565029144287,18.527727127075195,33.554718017578125,13.680315971374512,7.744393825531006,10.94754409790039,10.14864730834961,11.700921058654785,6.488761901855469,9.214558601379395,-1.101890206336975,9.64743709564209,-0.009915071539580822,9.878985404968262,-2.0237574577331543,7.945542812347412,-7.77213191986084,7.376012802124023,4.377901077270508,6.775384902954102,-7.020787715911865,7.650240898132324,0.3030095100402832,0.30046072602272034,0.10786786675453186,0.03319447487592697,-0.04077411824047393,0.146504741076166,music/Dolly Parton - Jolene.mp3,1,60.0,8,Dolly Parton,Jolene,charted,,chart_51_100,0.4210118544155911
30.0,30.0,99.38401442307692,G# minor,2072.0396543180555,983.5703911267306,4679.296704933001,2535.3393239395277,0.05552309585429566,0.059730541309613146,-86.07186126708984,67.46399688720703,90.59685516357422,37.54948425292969,16.610124588012695,19.945907592773438,27.526750564575195,17.543306350708008,20.79842758178711,13.31406307220459,16.42661476135254,12.4755277633667,-1.6491327285766602,13.142742156982422,7.020863056182861,9.575318336486816,-3.3037004470825195,9.15149974822998,0.9124929904937744,10.638762474060059,-1.2773840427398682,9.674269676208496,-0.0222481656819582,10.561602592468262,-1.7069199085235596,8.549338340759277,0.4312233328819275,0.3150688111782074,0.3173079192638397,0.11969925463199615,0.0427574748876977,0.13864855136375856,music/Maroon 5 Featuring Kendrick Lamar - Don't Wanna Know.mp3,1,6.0,27,Maroon 5 Featuring Kendrick Lamar,Don't Wanna Know,charted,,top20,0.8314500343841895
30.0,30.0,161.4990234375,A# major,1942.508556908034,602.2640295338806,4393.01510270535,2398.8467912415877,0.06773692978424922,0.03269815842532633,-92.13074493408203,57.40839385986328,111.75773620605469,26.356746673583984,3.631730794906616,18.052940368652344,16.40883445739746,14.087175369262695,8.998575210571289,12.955559730529785,14.792733192443848,8.006693840026855,0.29331907629966736,9.933929443359375,4.918713092803955,6.696129322052002,-4.262645244598389,6.915794372558594,3.482957124710083,7.59596586227417,-0.4505063593387604,5.961215019226074,4.40924072265625,6.429843902587891,-1.4686986207962036,7.534714221954346,0.38854357600212097,0.2858968675136566,0.15503354370594025,0.03441103175282478,-0.0062498029129675085,0.21175264870807511,music/The Police - Every Little Thing She Does Is Magic.mp3,1,3.0,19,The Police,Every Little Thing She Does Is Magic,charted,,top20,0.8933996418221948
30.0,30.0,143.5546875,B major,2006.8731873815616,497.26231621081524,4320.27387589493,2052.1686379985745,0.0868887414135062,0.047026998024416754,-197.50465393066406,54.63960266113281,101.92323303222656,19.17314910888672,-7.098390102386475,23.171390533447266,59.71645736694336,14.904603004455566,-28.38912582397461,15.49422836303711,7.059834003448486,13.806350708007812,-11.97653865814209,11.456825256347656,10.34199333190918,10.025293350219727,-12.889606475830078,9.332216262817383,-0.05013631656765938,11.253251075744629,12.130410194396973,9.499734878540039,7.657840251922607,8.961236953735352,-0.2844749093055725,9.982359886169434,0.3354475796222687,0.3133060336112976,0.08184853196144104,0.043588101863861084,-0.09224074507310913,0.19495769956708306,music/Jerry Butler - For Your Precious Love.mp3,1,99.0,2,Jerry Butler,For Your Precious Love,charted,,chart_51_100,0.25379749275536345
30.0,30.0,161.4990234375,G major,2338.491852492883,889.1796513477938,5150.952186230166,2584.3204270411616,0.07733740083204334,0.05354837973778226,-83.00416564941406,64.82776641845703,83.16769409179688,37.34158706665039,4.4993767738342285,31.48821449279785,23.673179626464844,17.39984703063965,9.519970893859863,14.808952331542969,13.804475784301758,19.450300216674805,5.203689098358154,13.575126647949219,7.784289836883545,13.560980796813965,4.90872859954834,11.597771644592285,7.02241849899292,9.694927215576172,0.43582087755203247,8.345410346984863,10.347805976867676,9.219807624816895,0.5568711757659912,8.414094924926758,0.5389957427978516,0.28722435235977173,0.22781957685947418,0.07440156489610672,-0.00835495450812744,0.12547665356439416,music/Fergie - M.I.L.F. $.mp3,1,34.0,3,Fergie,M.I.L.F. $,charted,,chart_21_50,0.5669872981077807
30.0,30.0,95.703125,C# minor,2377.7347397447033,748.4908861562927,4768.554498536668,2315.9136258924614,0.10641281080688854,0.06644328798247987,-71.22908020019531,64.38833618164062,79.6651611328125,29.652803421020508,-20.08464813232422,23.995569229125977,34.22962951660156,17.910316467285156,5.071847438812256,15.790146827697754,15.638331413269043,11.654500961303711,1.2503187656402588,12.128546714782715,9.391901969909668,9.18185043334961,-1.0176255702972412,9.330411911010742,0.15290983021259308,9.138952255249023,-0.2898688018321991,11.269937515258789,3.9110565185546875,9.01932144165039,0.7005759477615356,9.051267623901367,0.4581497013568878,0.2982306480407715,0.20949436724185944,0.13553322851657867,0.02066555379217022,0.09958850474943941,music/Petey Pablo - I Told Y'all.mp3,1,94.0,3,Petey Pablo,I Told Y'all,charted,,chart_51_100,0.2730824731036602
30.0,30.0,129.19921875,C# major,1995.258045578989,580.4775823651584,4234.2993957708495,2384.66943276257,0.07893338513448142,0.031039707681042125,-177.88319396972656,45.845191955566406,105.43708038330078,21.347320556640625,5.987350940704346,20.354007720947266,15.277700424194336,13.81347370147705,-5.674428462982178,18.921173095703125,0.992224931716919,13.408759117126465,8.488187789916992,11.54372787475586,-10.286842346191406,15.899801254272461,-8.831216812133789,8.770843505859375,6.016537666320801,10.205438613891602,-12.556883811950684,10.949244499206543,-3.4741384983062744,8.399250984191895,-6.381197452545166,8.756975173950195,0.2784374952316284,0.29907095432281494,0.0814548209309578,0.02403194084763527,-0.057892987445363135,0.26029045462637335,music/Bette Midler - Every Road Leads Back To You.mp3,1,78.0,6,Bette Midler,Every Road Leads Back To You,charted,,chart_51_100,0.3385621722338523
30.0,30.0,92.28515625,E major,2397.2909651178957,786.447551182948,4961.078334371372,2442.381988610621,0.09934331462848298,0.05736166837909908,-91.21480560302734,58.543148040771484,83.33037567138672,32.335628509521484,-12.547361373901367,29.959766387939453,16.21109962463379,23.289459228515625,-0.8449899554252625,17.149412155151367,8.523913383483887,15.271552085876465,-3.8087286949157715,15.102079391479492,3.630702495574951,11.421231269836426,-9.282330513000488,13.323263168334961,5.771461486816406,10.528312683105469,2.3448214530944824,10.24138355255127,7.411069869995117,9.486510276794434,-1.1520739793777466,10.061867713928223,0.42994239926338196,0.2959800660610199,0.1475580483675003,0.05606500431895256,-0.018067323142274928,0.13719907730874614,music/Chingy - Right Thurr.mp3,1,2.0,33,Chingy,Right Thurr,charted,,top20,0.9246221638555591
30.0,30.0,89.10290948275862,F major,2099.1469304734733,426.1842732890199,4462.589681997388,2322.7927051452507,0.0922141060371517,0.026197521694192493,-114.46810913085938,38.40605926513672,102.68428039550781,19.1578369140625,-10.597586631774902,17.349946975708008,25.693368911743164,12.885467529296875,3.2795403003692627,12.035576820373535,5.740412712097168,9.597555160522461,-2.2982053756713867,9.78821086883545,7.358708381652832,6.665682792663574,-5.815734386444092,8.838037490844727,7.0422773361206055,7.464322090148926,-4.268240928649902,6.622172832489014,-2.2883310317993164,7.113347053527832,-7.2845306396484375,6.987926006317139,0.3795436918735504,0.29107847809791565,0.09777726978063583,0.029619241133332253,0.05016913446262594,0.16285279497236552,music/Alice Cooper - Teenage Lament '74.mp3,1,48.0,8,Alice Cooper,Teenage Lament '74,charted,,chart_21_50,0.48323559086808754
30.0,30.0,99.38401442307692,C major,1321.0003392425995,309.3531150993473,2530.3930323928503,1768.7635641001891,0.05124723357681889,0.017697044196042077,-150.3956298828125,27.822668075561523,145.57901000976562,19.386154174804688,-12.33449649810791,13.209768295288086,25.791996002197266,10.222759246826172,8.339799880981445,9.328012466430664,9.954351425170898,8.365961074829102,-5.074562072753906,8.796689987182617,4.153383255004883,7.65171480178833,-1.6719915866851807,6.828525066375732,0.3308756649494171,6.467196941375732,-8.22957992553711,5.858017921447754,3.651247501373291,6.394540786743164,-2.5179176330566406,6.748529434204102,0.3845149874687195,0.2963506877422333,0.1072343960404396,0.020725958049297333,0.06666582403764251,0.1301666067278295,music/Johnny Rivers - Sea Cruise.mp3,1,84.0,4,Johnny Rivers,Sea Cruise,charted,,chart_51_100,0.3132752304664488
30.0,30.0,107.666015625,C# minor,2158.289166975668,580.6234498706553,4506.397750429324,2285.8310145232513,0.10034141894833591,0.04604850045542543,-138.447998046875,54.37506866455078,95.91838836669922,25.981769561767578,2.1197752952575684,19.544736862182617,39.400760650634766,14.695289611816406,-7.394659042358398,13.06250286102295,12.94826602935791,8.95820426940918,1.3848631381988525,11.146405220031738,5.560024738311768,9.031502723693848,-11.42312240600586,9.691947937011719,5.566774845123291,10.388447761535645,-5.246774196624756,7.640393257141113,0.43994036316871643,7.6327409744262695,-1.3985843658447266,8.207670211791992,0.3519847095012665,0.29186517000198364,0.0912470892071724,0.027716847136616707,-0.018978474369726883,0.15508930724468561,music/Jay & The Americans - Only In America.mp3,1,25.0,11,Jay & The Americans,Only In America,charted,,chart_21_50,0.6307255270620018
30.0,30.0,107.666015625,F major,1717.315894465927,619.6385875210924,3569.436749437645,2029.3380667266242,0.07297877261513158,0.043401374543157616,-152.18972778320312,55.86779022216797,120.4180908203125,29.434528350830078,-12.682668685913086,16.591318130493164,29.806930541992188,13.887248039245605,0.23266686499118805,10.134410858154297,13.556583404541016,7.561756134033203,3.7011468410491943,8.898033142089844,8.177781105041504,6.986049175262451,1.0918378829956055,7.780567646026611,2.518279790878296,6.501832962036133,-1.2114461660385132,7.707257270812988,1.0990923643112183,6.278515338897705,-2.441253185272217,6.319927215576172,0.34416112303733826,0.29617729783058167,0.09920670837163925,0.034763433039188385,0.04971777943246284,0.1836395132575372,music/Bob Seger - Against The Wind.mp3,1,5.0,17,Bob Seger,Against The Wind,charted,,top20,0.8492443277111181
30.0,30.0,123.046875,E minor,3467.0579092246294,584.1888080023691,6913.708193752419,2883.3024662362486,0.19423994412732198,0.06289734338062099,-20.52269744873047,51.47774124145508,47.923709869384766,19.8107852935791,7.591435432434082,18.538785934448242,30.338661193847656,10.905294418334961,2.863734006881714,11.934662818908691,7.669057846069336,9.080334663391113,-1.2355772256851196,9.136046409606934,3.4100489616394043,8.430866241455078,-3.1787774562835693,7.7315287590026855,2.715587615966797,7.5362467765808105,-0.04319716989994049,7.651796817779541,-1.488153338432312,6.419946193695068,1.4625691175460815,7.822770118713379,0.4296298027038574,0.29483991861343384,0.18544676899909973,0.06938520818948746,-0.027818620115209133,0.13526118809012552,music/Edwin Starr - Twenty-Five Miles.mp3,1,6.0,14,Edwin Starr,Twenty-Five Miles,charted,,top20,0.8314500343841895
30.0,30.0,161.4990234375,C major,1615.7113551361783,891.7678712118941,3158.5059009469333,1866.1742781712728,0.07917374649284056,0.06782234649409101,-168.92095947265625,68.8668441772461,136.5460662841797,41.5180778503418,-10.751988410949707,23.496826171875,26.92949676513672,15.220467567443848,3.5017623901367188,11.689262390136719,6.5460662841796875,13.65227222442627,6.45805025100708,10.480476379394531,-0.7521544694900513,8.010126113891602,-3.6700148582458496,7.7336297035217285,1.828034520149231,12.35253620147705,-6.983131408691406,8.171783447265625,3.110006332397461,8.019021034240723,-3.930368185043335,8.205489158630371,0.36739078164100647,0.30593252182006836,0.09269938617944717,0.03924749419093132,0.031825106932393356,0.10410755459104887,music/Celine Dion - It's All Coming Back To Me Now.mp3,1,2.0,30,Celine Dion,It's All Coming Back To Me Now,charted,,top20,0.9246221638555591
30.0,30.0,83.35433467741936,B minor,2111.5820494790437,473.5211341923319,3875.618231333446,1935.9521833070646,0.12697088755321206,0.04515575178923077,-94.69987487792969,52.34445571899414,105.6982421875,24.360637664794922,-40.94983673095703,14.114412307739258,32.377601623535156,15.00922679901123,-7.932748794555664,15.406325340270996,5.624667644500732,9.318199157714844,2.093616485595703,10.982816696166992,11.223111152648926,9.27419662475586,-5.3098273277282715,10.523957252502441,4.133419513702393,8.78898811340332,1.3221123218536377,7.902235984802246,0.471066415309906,7.606900691986084,1.8652111291885376,6.4807329177856445,0.36449572443962097,0.28994596004486084,0.11436541378498077,0.04159604385495186,-0.0027802216140698777,0.11761448459897406,music/Donnie Brooks - Doll House.mp3,1,31.0,10,Donnie Brooks,Doll House,charted,,chart_21_50,0.5871385880776148
30.0,30.0,172.265625,G# minor,2134.3258541561268,513.0463731043741,4371.206901243228,2227.7094868817762,0.10293324001064241,0.0356513100185743,-71.7232894897461,50.304527282714844,99.40370178222656,21.93854522705078,-15.477883338928223,18.81583023071289,26.060178756713867,14.684045791625977,-0.9584439396858215,12.197602272033691,7.636265277862549,8.070341110229492,-10.860841751098633,10.988446235656738,-1.773144006729126,8.345868110656738,-8.128816604614258,8.66739559173584,-1.5112348794937134,8.34069538116455,-3.6594808101654053,8.894027709960938,4.24517297744751,8.017899513244629,-5.228031635284424,7.995197296142578,0.3183426260948181,0.29343318939208984,0.16462381184101105,0.05797813460230827,0.055155077728992245,0.15654474204004468,music/The Intruders - (Love Is Like A) Baseball Game.mp3,1,26.0,9,The Intruders,(Love Is Like A) Baseball Game,charted,,chart_21_50,0.6231108192777954
30.0,30.0,184.5703125,A major,1756.2461983493224,813.3256541490827,3940.6261715726587,2307.5621371283623,0.04853372012867647,0.049737707403931346,-227.08383178710938,63.83888244628906,94.48841857910156,31.457733154296875,9.538094520568848,24.175207138061523,40.64707565307617,18.581478118896484,16.687026977539062,15.32287311553955,13.815783500671387,12.720904350280762,7.0842366218566895,12.345633506774902,13.943153381347656,10.43288516998291,5.375102996826172,9.868928909301758,12.863093376159668,9.715033531188965,5.8607659339904785,9.31264591217041,7.32393217086792,8.146515846252441,4.818716049194336,7.920284271240234,0.4112083613872528,0.32939231395721436,0.09099344909191132,0.032891757786273956,0.046621704827185605,0.19561158569901177,music/LL Cool J - Back Seat (Of My Jeep).mp3,1,42.0,13,LL Cool J,Back Seat (Of My Jeep),charted,,chart_21_50,0.5173463504182886
30.0,30.0,112.34714673913044,D# major,2353.634331989511,719.908297335008,5205.126858643334,2618.512890339744,0.09546011815499227,0.04832164829692612,-75.0152587890625,51.185550689697266,93.84697723388672,25.08695411682129,2.2975587844848633,16.79202651977539,20.143762588500977,14.569596290588379,8.499255180358887,11.194952011108398,4.167482852935791,11.980116844177246,3.179307222366333,9.55974292755127,5.28998327255249,8.121960639953613,0.5779216885566711,8.252883911132812,9.105844497680664,7.382993221282959,0.19854187965393066,7.0880842208862305,1.3844871520996094,7.213135242462158,0.2975102663040161,7.1507720947265625,0.37452563643455505,0.29393431544303894,0.15270356833934784,0.04734800383448601,0.008799497952618172,0.10593347054282262,music/The Chi-lites - I Found Sunshine.mp3,1,47.0,10,The Chi-lites,I Found Sunshine,charted,,chart_21_50,0.48876264185445484
30.0,30.0,129.19921875,A major,3198.6759907835867,454.56081382927835,6464.102579122727,2720.6769840182087,0.17572947404702013,0.03939589774904188,-74.91910552978516,37.666297912597656,53.23164367675781,13.509883880615234,-18.5496883392334,22.923503875732422,15.132868766784668,10.847193717956543,-2.466928720474243,11.774822235107422,7.152567386627197,8.862555503845215,6.577969074249268,11.217201232910156,7.777609825134277,6.972551345825195,-1.6416332721710205,9.564305305480957,11.982542037963867,8.056142807006836,3.9258625507354736,9.21239185333252,8.108670234680176,7.314840316772461,-0.987032949924469,7.168830871582031,0.4502812922000885,0.28345876932144165,0.0997447520494461,0.0331437811255455,-0.005415962742218351,0.08717532660813207,music/Swingin' Medallions - Double Shot (Of My Baby's Love).mp3,1,17.0,13,Swingin' Medallions,Double Shot (Of My Baby's Love),charted,,top20,0.6984886554222364
30.0,30.0,117.45383522727273,D major,2265.0890896578567,637.6869207061067,4866.070575536958,2484.095935163384,0.1021868348490712,0.03624435772056778,-136.05810546875,50.98556137084961,96.65376281738281,25.764516830444336,-0.9457778930664062,18.4401798248291,20.7270450592041,12.70703411102295,1.8069531917572021,11.593908309936523,5.792283058166504,9.97548770904541,4.156017780303955,9.950651168823242,2.4203920364379883,7.4570231437683105,0.13705286383628845,7.364739894866943,5.073121070861816,7.826624870300293,-3.255624294281006,6.762729644775391,-0.9550377130508423,6.633837699890137,-2.672994375228882,6.96830940246582,0.3603721261024475,0.29886311292648315,0.08279967308044434,0.02362014353275299,0.009205010123093028,0.13064977086359833,music/Consumer Rapport - Ease On Down The Road.mp3,1,42.0,12,Consumer Rapport,Ease On Down The Road,charted,,chart_21_50,0.5173463504182886
30.0,30.0,123.046875,F major,2748.75110523531,847.4644530768483,6391.219686502273,2978.8443255247016,0.10119591113583591,0.051217447644890064,-66.5005111694336,43.77356719970703,82.47418975830078,25.022075653076172,30.596216201782227,21.770217895507812,16.857147216796875,15.271185874938965,9.703272819519043,10.136978149414062,16.11052703857422,11.61131763458252,-3.3708910942077637,9.293381690979004,-7.993520736694336,10.383082389831543,11.889229774475098,9.366476058959961,4.2275214195251465,8.606280326843262,-15.614288330078125,7.921808242797852,10.036184310913086,7.486402988433838,-2.3105645179748535,7.959382057189941,0.3670741021633148,0.2814071476459503,0.1964106559753418,0.05710563808679581,0.07319768829320966,0.1655370015236367,music/Vanessa Hudgens - Say OK.mp3,1,61.0,6,Vanessa Hudgens,Say OK,charted,,chart_51_100,0.4161257918788578
30.0,30.0,143.5546875,A major,2936.305415408032,1135.360642143893,6256.853832327544,2908.280814971798,0.07901879656056501,0.058681086559006196,-64.99994659423828,77.52568817138672,56.27296447753906,40.4061393737793,39.14471435546875,25.3577938079834,27.18585205078125,21.432165145874023,5.539156436920166,20.798261642456055,38.729896545410156,14.44570255279541,8.147689819335938,13.733281135559082,11.475178718566895,12.649094581604004,-0.662343442440033,10.883078575134277,4.711674690246582,9.569049835205078,9.997821807861328,9.85167407989502,11.03187084197998,8.96883487701416,3.3828790187835693,8.162617683410645,0.5253695249557495,0.278051495552063,0.3628990054130554,0.11637220531702042,0.046152595704697506,0.17328754355283663,music/Gucci Mane Featuring Drake - Both.mp3,1,41.0,22,Gucci Mane Featuring Drake,Both,charted,,chart_21_50,0.5232687053772038
30.0,30.0,99.38401442307692,F major,2216.5781315345894,798.8126862675562,4453.156405705786,2246.4585131364674,0.09542308134191177,0.06429606546311122,-148.10580444335938,51.64265823364258,91.5129623413086,36.4480094909668,-25.397476196289062,25.07927894592285,20.238229751586914,18.77916717529297,-19.627073287963867,18.54829978942871,-10.626989364624023,16.83342933654785,-12.846601486206055,14.921126365661621,-20.29176902770996,17.594512939453125,1.524125099182129,14.298992156982422,-22.865373611450195,13.163431167602539,-7.918618202209473,11.722376823425293,-18.225509643554688,12.420620918273926,-7.2594313621521,11.811760902404785,0.3009437024593353,0.30189231038093567,0.12651915848255157,0.06732389330863953,0.07447912855365402,0.2191106360948515,music/Jhene Aiko - Triggered.mp3,1,51.0,4,Jhene Aiko,Triggered,charted,,chart_51_100,0.4669982091109739
30.0,30.0,117.45383522727273,A# major,2784.0574794348818,715.2415160697218,5318.576172630854,2354.7263294468185,0.15962299547697367,0.07519200193614518,-28.3476619720459,60.710906982421875,74.19019317626953,28.682788848876953,-11.906631469726562,22.153684616088867,38.808589935302734,13.742523193359375,-15.928114891052246,11.831438064575195,10.704763412475586,11.841462135314941,-11.386476516723633,8.848441123962402,3.2135074138641357,8.420781135559082,-9.622077941894531,8.131811141967773,4.324440002441406,8.729859352111816,-7.620938777923584,8.059205055236816,3.9638490676879883,7.284640312194824,-2.915599822998047,8.36033821105957,0.43326684832572937,0.2859819829463959,0.1911342442035675,0.052203625440597534,-0.009196064097814802,0.08663237344225383,music/Nancy Martinez - For Tonight.mp3,1,32.0,21,Nancy Martinez,For Tonight,charted,,chart_21_50,0.5803139701677411
30.0,30.0,135.99917763157896,A# major,2805.4541499416086,513.7966605493483,5917.680883259965,2769.829455613653,0.1481646369485294,0.049974783662008505,-61.678890228271484,32.02667236328125,79.756103515625,17.788516998291016,0.6043412089347839,18.590065002441406,11.625636100769043,10.835248947143555,-3.3801064491271973,8.812911987304688,0.8029558658599854,8.180466651916504,2.5161352157592773,8.651518821716309,-13.009021759033203,7.298282146453857,-14.364280700683594,6.607784271240234,5.215216159820557,8.116947174072266,-5.521980285644531,6.280910968780518,-12.462857246398926,6.977429389953613,1.15340256690979,7.6545305252075195,0.41573143005371094,0.27516424655914307,0.11546125262975693,0.017991622909903526,0.013831879654648192,0.12345056549149745,music/Tom Jones - She's A Lady.mp3,1,2.0,14,Tom Jones,She's A Lady,charted,,top20,0.9246221638555591
30.0,30.0,107.666015625,B major,1442.892627701598,597.7962146586349,2870.807640618953,1704.1242234819968,0.05358244243421053,0.02732719222513633,-265.599609375,56.70366668701172,123.06680297851562,58.94198989868164,-21.19434356689453,16.172922134399414,10.923330307006836,15.032027244567871,-7.6408796310424805,16.51914405822754,-0.622954785823822,10.06795597076416,-17.513660430908203,12.985772132873535,-3.7184510231018066,8.11205005645752,-19.37287712097168,12.867708206176758,-7.522512912750244,8.114968299865723,-18.13663101196289,10.944685935974121,-13.385684967041016,10.578949928283691,-19.486114501953125,10.90057373046875,0.25410541892051697,0.2923159897327423,0.057449087500572205,0.02102111652493477,-0.11138343929294786,0.27810142464885257,music/Zac Brown Band - Free.mp3,1,34.0,19,Zac Brown Band,Free,charted,,chart_21_50,0.5669872981077807
30.0,30.0,67.99958881578948,A# major,2206.3451995295623,334.048318362664,4866.378907005854,2547.9287972118514,0.09545407132836688,0.02877369083784713,-107.66387176513672,22.78707504272461,97.01631164550781,11.991498947143555,-1.834679365158081,10.470993041992188,17.808523178100586,8.108872413635254,8.244479179382324,7.27323579788208,3.6941442489624023,7.067718982696533,0.48197200894355774,6.953322887420654,0.07350541651248932,6.397489070892334,-4.697689533233643,6.345871925354004,3.7242681980133057,5.960366249084473,-7.161114692687988,6.647771835327148,1.4676531553268433,6.523895263671875,-6.360752105712891,6.43969202041626,0.36503130197525024,0.28190404176712036,0.09437200427055359,0.02970578521490097,0.0033876963022035334,0.16425726877586694,music/Styx - Fooling Yourself (The Angry Young Man).mp3,1,29.0,14,Styx,Fooling Yourself (The Angry Young Man),charted,,chart_21_50,0.6011379823912673
30.0,30.0,135.99917763157896,F major,2596.131532144782,310.1464205182816,5293.226325917908,2470.2723026354724,0.1458573946642802,0.027298627304450204,-72.73575592041016,37.40505599975586,80.51680755615234,13.153709411621094,-16.09653091430664,12.84791374206543,23.34053611755371,8.133825302124023,-2.9484474658966064,6.124826431274414,2.1672213077545166,5.434034824371338,-4.106449127197266,5.675791263580322,1.2918455600738525,6.47092342376709,-7.506997585296631,5.976692199707031,4.281805515289307,6.1838579177856445,-5.767127990722656,5.682520866394043,1.7360590696334839,5.692610740661621,-3.380946397781372,6.09623384475708,0.35588088631629944,0.2760758101940155,0.10134625434875488,0.030135445296764374,0.024995514496467062,0.09229089394603557,music/Boston Pops Orchestra Arthur Fiedler - I Want To Hold Your Hand.mp3,1,55.0,6,Boston Pops Orchestra Arthur Fiedler,I Want To Hold Your Hand,charted,,chart_51_100,0.4460882905930027
30.0,30.0,117.45383522727273,F# major,3127.6425420061823,1096.7920659840875,6767.775742852651,2998.9725981171296,0.13550182614164086,0.08612485146534313,-141.1033172607422,78.31796264648438,68.3947982788086,38.01299285888672,26.495628356933594,15.708342552185059,16.746248245239258,14.860186576843262,9.993106842041016,12.520806312561035,10.45895004272461,9.505620956420898,-5.638749122619629,10.851578712463379,5.6017560958862305,9.39886474609375,-8.080032348632812,9.604355812072754,1.6974974870681763,8.487923622131348,-1.413652777671814,8.772934913635254,-1.8364806175231934,6.642147541046143,-4.10526704788208,8.099244117736816,0.40573787689208984,0.29744216799736023,0.08071893453598022,0.02827565371990204,-0.04639556465997315,0.11305406577448092,music/Wang Chung - Let's Go!.mp3,1,9.0,18,Wang Chung,Let's Go!,charted,,top20,0.7867992836443896
30.0,30.0,151.99908088235293,G major,3026.423357889909,778.9882512088259,6356.011566067627,2789.152367269804,0.12732084764415635,0.06651713758032028,-38.024818420410156,54.1952018737793,56.51584243774414,29.209339141845703,-1.449387788772583,24.68675422668457,19.184011459350586,19.82308006286621,1.0257833003997803,15.429513931274414,7.900930881500244,13.625325202941895,-0.1949618011713028,12.38333511352539,7.486155986785889,10.542418479919434,-1.8682887554168701,10.19567584991455,6.608407497406006,9.506632804870605,4.681264400482178,9.04401969909668,8.450065612792969,8.497514724731445,-0.19757060706615448,9.066980361938477,0.44200122356414795,0.299399197101593,0.23330017924308777,0.12321607023477554,0.0007597718075112832,0.12690612334761914,music/Birdman Featuring Lil Wayne - Pop Bottles.mp3,1,38.0,20,Birdman Featuring Lil Wayne,Pop Bottles,charted,,chart_21_50,0.541494522685636
30.0,30.0,89.10290948275862,A# major,2502.1711099494096,792.9134778768017,5281.376397572803,2462.8792164065876,0.10845399271962074,0.06526586593845712,-88.8225326538086,63.674034118652344,76.68424224853516,28.544408798217773,0.7941794395446777,21.084184646606445,39.21052169799805,19.18304443359375,1.8685166835784912,14.333084106445312,25.808320999145508,12.323287963867188,-6.315685272216797,14.074128150939941,6.241022109985352,11.866227149963379,3.6129918098449707,10.474889755249023,2.330875873565674,10.872385025024414,2.3581981658935547,11.197504997253418,3.7265374660491943,7.975959777832031,-4.136648654937744,7.696131229400635,0.3581594228744507,0.31169599294662476,0.17284150421619415,0.06357789784669876,-0.002448655304806113,0.1540309446652237,music/Billy Joel - Keeping The Faith.mp3,1,18.0,16,Billy Joel,Keeping The Faith,charted,,top20,0.6892092197459694
30.0,30.0,117.45383522727273,F major,2118.727895034986,711.5977722781081,4555.77245186726,2300.1039820298547,0.10019364962267802,0.054723718460877556,-112.13742065429688,47.08725357055664,107.07275390625,29.21288299560547,-5.361252307891846,17.53305435180664,29.46331024169922,13.115675926208496,-5.576037883758545,12.671244621276855,11.586321830749512,9.938729286193848,-0.8364803791046143,7.8382978439331055,5.256625175476074,9.450326919555664,-5.454683780670166,8.790349006652832,12.444379806518555,8.2234525680542,1.8503812551498413,8.857927322387695,1.2084407806396484,5.974705219268799,-7.343154430389404,7.346755504608154,0.3887026011943817,0.2984050512313843,0.10093451291322708,0.03078535944223404,0.0003813274949224515,0.07163260774155308,music/OneRepublic - Love Runs Out.mp3,1,15.0,20,OneRepublic,Love Runs Out,charted,,top20,0.7179619625911169
30.0,30.0,95.703125,F minor,1556.2382431479007,457.31144593622787,2999.4985291094235,1837.2135091459709,0.0690010944756192,0.026478268379147924,-153.6910858154297,53.6754035949707,135.9553680419922,27.078012466430664,-19.332080841064453,15.696497917175293,26.94700050354004,15.91267204284668,7.085463047027588,13.279891014099121,1.1686272621154785,12.5719575881958,-3.9978744983673096,10.138751029968262,-7.216728687286377,9.999926567077637,-14.290202140808105,8.6074857711792,-4.116907596588135,8.9365816116333,-8.446298599243164,8.259857177734375,-2.98585844039917,7.9537272453308105,-5.392789840698242,7.24223518371582,0.35630643367767334,0.29581692814826965,0.09879252314567566,0.04213694855570793,0.002488417317481289,0.1294449747560373,music/Buddy Starcher - History Repeats Itself.mp3,1,39.0,7,Buddy Starcher,History Repeats Itself,charted,,chart_21_50,0.5353398113577075
30.0,30.0,95.703125,A minor,1845.186672482812,991.2025638543419,4025.367325821159,2528.4226385247916,0.051692053260448914,0.036871499833035996,-113.65701293945312,68.48499298095703,121.91795349121094,40.41700744628906,34.28007507324219,28.527395248413086,15.000560760498047,16.179384231567383,17.61480140686035,17.180408477783203,3.689724922180176,20.69623565673828,12.18937873840332,16.2232666015625,-7.926421642303467,17.4858341217041,8.9152193069458,14.65445613861084,17.806774139404297,11.109910011291504,2.090439796447754,10.422524452209473,4.736992359161377,9.228996276855469,-6.589642524719238,9.549713134765625,0.4127925932407379,0.2858949601650238,0.26732730865478516,0.09012976288795471,-0.0269392237953569,0.23157978754655698,music/The Carters - Friends.mp3,1,99.0,1,The Carters,Friends,charted,,chart_51_100,0.25379749275536345
30.0,30.0,112.34714673913044,C major,2588.312174625468,499.55853332090993,4884.845462007788,2256.3655683827374,0.14232415828173375,0.04688222822862512,-55.95428466796875,34.295066833496094,77.02297973632812,21.058197021484375,-29.259769439697266,19.900362014770508,31.338825225830078,13.08655834197998,-11.060148239135742,11.689870834350586,1.26943039894104,8.199380874633789,-8.169421195983887,8.437422752380371,-2.1610662937164307,7.452820777893066,-6.36823034286499,8.713690757751465,1.3462276458740234,7.24698543548584,-7.618540287017822,7.472514629364014,0.6498796343803406,6.512182235717773,-10.098251342773438,7.491754055023193,0.3474262058734894,0.2980131208896637,0.14319801330566406,0.029446784406900406,-0.00807288765151257,0.1274620357347541,music/James Darren - Goodbye Cruel World.mp3,1,3.0,17,James Darren,Goodbye Cruel World,charted,,top20,0.8933996418221948
30.0,30.0,151.99908088235293,D major,3509.87018428283,1039.210328145863,7805.352802099458,3272.0605702161824,0.15479006929663314,0.09202094810700677,-247.18939208984375,75.41253662109375,58.182613372802734,30.67211151123047,29.576431274414062,22.698545455932617,-7.518342971801758,18.610828399658203,-8.39058780670166,17.77356719970703,-6.860189914703369,11.316690444946289,-9.024556159973145,12.758411407470703,-17.024314880371094,13.318986892700195,-14.891448974609375,11.083171844482422,-2.9185903072357178,10.296346664428711,-11.875316619873047,11.940656661987305,-1.4289177656173706,9.793376922607422,-1.7908493280410767,10.178675651550293,0.30893567204475403,0.3114970922470093,0.03560441732406616,0.0205373577773571,0.004307542837226904,0.182436075141204,music/Tank - Please Don't Go.mp3,1,42.0,20,Tank,Please Don't Go,charted,,chart_21_50,0.5173463504182886
30.0,30.0,112.34714673913044,C# major,1968.231485952316,796.8185233339301,4259.0409128289475,2339.262301627918,0.06680534055727554,0.04673439505877731,-119.73995971679688,86.56212615966797,99.48263549804688,30.19566535949707,0.7460618019104004,19.3416805267334,27.585296630859375,12.908498764038086,12.360881805419922,11.791759490966797,15.548148155212402,10.14900016784668,-1.267184853553772,10.745898246765137,5.2590012550354,10.504565238952637,-1.8126801252365112,8.422090530395508,4.64582633972168,8.71048641204834,-5.094977855682373,7.478448390960693,1.450975775718689,6.371219158172607,-1.2675597667694092,7.394574165344238,0.34309107065200806,0.3090883493423462,0.16817472875118256,0.06042616069316864,-0.040403967041944114,0.2517880538827576,music/Ricky Martin - Tal Vez.mp3,1,74.0,8,Ricky Martin,Tal Vez,charted,,chart_51_100,0.35597148566796577
30.0,30.0,112.34714673913044,C major,2547.755434842414,663.6662988920515,5294.726316847668,2502.1554527017906,0.1277535736745356,0.04934244249555495,-87.98591613769531,49.52045822143555,84.82117462158203,25.8809757232666,-12.594253540039062,21.54262924194336,14.21330451965332,12.080789566040039,-7.212944984436035,11.313309669494629,-3.8077619075775146,9.60757064819336,-14.926295280456543,11.351045608520508,-5.279278755187988,7.792514801025391,-8.6688871383667,7.846513271331787,-4.677665710449219,7.648290634155273,-9.626087188720703,7.715200424194336,-3.6211330890655518,7.957738399505615,-8.011377334594727,6.878989219665527,0.3568660318851471,0.2830875813961029,0.10763818025588989,0.036453016102313995,0.07628351025529531,0.13619458657877384,music/Gladys Knight And The Pips - Baby Don't Change Your Mind.mp3,1,52.0,11,Gladys Knight And The Pips,Baby Don't Change Your Mind,charted,,chart_51_100,0.46169457807604497
30.0,30.0,107.666015625,C major,2419.950646973434,665.1373420138528,5060.511066448577,2441.2602295362467,0.1118504196497678,0.04412575419672008,-76.83654022216797,46.306331634521484,86.0568618774414,27.021146774291992,-5.42427921295166,21.617834091186523,34.35580825805664,13.042489051818848,5.489517688751221,8.915282249450684,9.507174491882324,9.576804161071777,-4.581291198730469,10.46063232421875,5.169041156768799,8.362103462219238,-7.453929901123047,10.45229434967041,2.379016637802124,8.241263389587402,-9.916451454162598,7.1518635749816895,5.3438944816589355,7.390859127044678,-1.2244642972946167,7.200231075286865,0.3455063998699188,0.2888566255569458,0.1418827623128891,0.0245877243578434,0.05969999310446729,0.1819793711351327,music/Brian Hyland - Get The Message.mp3,1,91.0,2,Brian Hyland,Get The Message,charted,,chart_51_100,0.28490305806580574
30.0,30.0,172.265625,A# major,1451.4593912718306,760.6809868916188,2980.8903082974557,1719.1503146380198,0.060606965339589786,0.04996920187881277,-182.3850555419922,67.33099365234375,132.09625244140625,35.26543426513672,-10.672143936157227,24.384241104125977,58.23841857910156,16.607975006103516,8.206155776977539,20.778804779052734,17.27007293701172,12.59780216217041,-19.312591552734375,17.51249122619629,8.276484489440918,10.549638748168945,-2.062653064727783,11.107980728149414,-2.74031925201416,10.981778144836426,0.3363535404205322,9.210277557373047,-2.2994384765625,9.311196327209473,-4.579873085021973,9.876087188720703,0.3101913630962372,0.31063997745513916,0.12406400591135025,0.03528895601630211,0.029237210709879856,0.19984133447138586,"music/The Dells - O-O, I Love You.mp3",1,61.0,10,The Dells,"O-O, I Love You",charted,,chart_51_100,0.4161257918788578
30.0,30.0,69.83741554054055,E major,2146.331239556461,832.3816299042857,4081.0836555788023,2016.0615040409593,0.11908544770704334,0.0637918070644287,-80.7901382446289,60.2674446105957,105.5406494140625,40.68770217895508,-41.76848602294922,29.179908752441406,22.930158615112305,17.011722564697266,6.1694865226745605,15.370960235595703,-11.511333465576172,17.400806427001953,-3.3008527755737305,13.227272033691406,-1.7349332571029663,11.745780944824219,-6.317651748657227,9.804320335388184,5.090072154998779,11.580415725708008,-10.202693939208984,10.073650360107422,1.6113145351409912,13.524104118347168,-10.946335792541504,8.636661529541016,0.32964465022087097,0.2999613583087921,0.1962382048368454,0.10120798647403717,0.008825486320191159,0.22071017161258305,music/Miley Cyrus - Malibu.mp3,1,10.0,15,Miley Cyrus,Malibu,charted,,top20,0.7738664915666773
30.0,30.0,135.99917763157896,A# minor,2554.738733453224,478.7218971475122,5339.201047915054,2561.8073734462496,0.11506317422116873,0.03637858443678013,-1.1048153638839722,53.629417419433594,80.35565948486328,22.91819953918457,-6.852459907531738,15.563253402709961,29.39956283569336,12.245872497558594,0.5786613821983337,9.534988403320312,0.634918212890625,8.531712532043457,-6.0702619552612305,7.0849103927612305,-5.486323356628418,7.288041114807129,-10.205913543701172,7.3715386390686035,-3.705355405807495,6.673913955688477,-12.483223915100098,6.362229824066162,-2.304715394973755,6.395108699798584,-10.306785583496094,5.888863563537598,0.3284423351287842,0.283147394657135,0.26491546630859375,0.06359375268220901,0.019806686771033883,0.13617995892787363,music/Bobby Darin - You Must Have Been A Beautiful Baby.mp3,1,5.0,11,Bobby Darin,You Must Have Been A Beautiful Baby,charted,,top20,0.8492443277111181
30.0,30.0,92.28515625,G major,2220.6210864831305,1037.51222992808,4389.90678816757,2343.06466867967,0.10015396732294891,0.0857270935286667,-240.6436309814453,133.98590087890625,81.81114196777344,34.41123580932617,4.745260715484619,25.03397560119629,22.45218849182129,18.271074295043945,5.568443775177002,12.023927688598633,-15.142073631286621,17.577999114990234,0.16307294368743896,14.769257545471191,-9.822071075439453,14.617175102233887,-9.728063583374023,15.907095909118652,4.7705159187316895,19.4271183013916,-8.027607917785645,19.33382797241211,-11.247742652893066,10.017423629760742,-16.606603622436523,11.501252174377441,0.20501704514026642,0.2988593876361847,0.09401014447212219,0.06657004356384277,0.03173407793366356,0.2675100050158789,music/Glee Cast - Pure Imagination.mp3,1,59.0,1,Glee Cast,Pure Imagination,charted,,chart_51_100,0.4259395027129505
30.0,30.0,143.5546875,C minor,1382.2077423478702,461.14838195369003,2538.967980541312,1819.65099846615,0.06308276291602168,0.027183469992377182,-297.7026062011719,72.3629379272461,141.74449157714844,23.568397521972656,-5.938446044921875,25.778898239135742,9.255674362182617,17.462909698486328,5.579351425170898,11.402198791503906,9.16769790649414,11.229516983032227,8.45778751373291,9.454124450683594,4.514132022857666,7.539862632751465,-4.428627967834473,11.498557090759277,1.343206524848938,14.075313568115234,2.4007577896118164,6.286898612976074,6.127103328704834,7.101200580596924,1.0495762825012207,6.385884761810303,0.39841848611831665,0.3010396957397461,0.03145166113972664,0.027710862457752228,0.0059352540950917436,0.08485780180150772,music/JAY-Z Featuring Gloria Carter - Smile.mp3,1,56.0,1,JAY-Z Featuring Gloria Carter,Smile,charted,,chart_51_100,0.44098300562505255
30.0,30.0,151.99908088235293,D# major,1977.45723121899,298.5249417715215,3509.5954446231617,1665.9278464631846,0.13070669262770898,0.024203715707609298,-156.36961364746094,37.42539596557617,115.21273803710938,23.921730041503906,-67.2995376586914,13.17597484588623,24.66919708251953,9.516919136047363,-7.344308376312256,7.6490020751953125,14.317606925964355,7.118215084075928,-11.688127517700195,13.45490550994873,13.344977378845215,6.593873977661133,6.447088718414307,7.666848659515381,9.84354019165039,8.227242469787598,-4.395744323730469,9.340323448181152,-0.05554759129881859,8.107147216796875,-4.701590538024902,7.188241958618164,0.30033791065216064,0.2852115333080292,0.06700331717729568,0.01799374260008335,-0.014688626853021037,0.10267601494599883,music/Del Shannon - Do You Want To Dance.mp3,1,43.0,7,Del Shannon,Do You Want To Dance,charted,,chart_21_50,0.5114957895408028
30.0,30.0,75.99954044117646,G minor,2305.013601464436,790.9393957074685,4558.172437354876,2212.538339100493,0.11211799172794118,0.05060332205338844,-95.18896484375,42.23271179199219,92.2932357788086,35.49126052856445,-23.504987716674805,21.50087547302246,29.284852981567383,13.09360122680664,1.2477309703826904,11.319656372070312,12.252982139587402,11.03627872467041,4.721241474151611,10.482020378112793,10.940430641174316,9.597198486328125,-7.337889194488525,9.672327995300293,14.277127265930176,9.876007080078125,-2.449690580368042,7.7120561599731445,0.7705056667327881,7.454211711883545,1.9576021432876587,6.723022937774658,0.355121910572052,0.2951980233192444,0.14174006879329681,0.04774012044072151,-0.02240833110402362,0.2726129659282021,music/Glee Cast Featuring Neil Patrick Harris - Dream On.mp3,1,26.0,2,Glee Cast Featuring Neil Patrick Harris,Dream On,charted,,chart_21_50,0.6231108192777954
30.0,30.0,151.99908088235293,D# major,2556.233676641125,770.5785443556117,5572.032973345588,2656.746523261812,0.11117506470104489,0.047724193759159636,-198.16934204101562,56.53125,77.9607925415039,26.136919021606445,-0.8182373046875,20.599252700805664,25.125747680664062,14.447798728942871,16.88348960876465,11.194051742553711,5.489904880523682,12.170032501220703,-0.4633539021015167,10.659603118896484,10.968292236328125,10.406228065490723,2.6231436729431152,10.443289756774902,2.902865171432495,10.261129379272461,-8.057976722717285,8.920193672180176,3.800943374633789,8.97986125946045,-4.497195243835449,8.706122398376465,0.3504243791103363,0.29858115315437317,0.055180441588163376,0.023032018914818764,-0.004551949096686376,0.17967078270331618,music/The Script - Nothing.mp3,1,32.0,20,The Script,Nothing,charted,,chart_21_50,0.5803139701677411
30.0,30.0,161.4990234375,G# major,1670.0883115018644,908.3734136756507,3393.871144392173,2071.397088189385,0.06192403976393189,0.050319035890040276,-252.10755920410156,105.15840148925781,111.43402862548828,37.13724136352539,6.759530544281006,28.332990646362305,38.5474853515625,16.660282135009766,16.161752700805664,14.547553062438965,7.465240001678467,13.061823844909668,3.7107644081115723,11.143204689025879,5.054340362548828,9.491717338562012,-8.122326850891113,13.26500129699707,2.2613296508789062,10.299346923828125,-5.32513427734375,13.24297046661377,-1.0260955095291138,9.808412551879883,2.338865280151367,9.382283210754395,0.3340870141983032,0.3047499358654022,0.06130315363407135,0.026738421991467476,0.0039864131997903625,0.2892060917900125,music/Toby Keith - Cryin' For Me (Wayman's Song).mp3,1,73.0,12,Toby Keith,Cryin' For Me (Wayman's Song),charted,,chart_51_100,0.3603978509331687
30.0,30.0,135.99917763157896,B major,2019.5579242625342,794.9790349364582,3898.9097571594425,2094.1005841824217,0.10120800478908669,0.06998176989177463,-224.31552124023438,37.55452346801758,111.47065734863281,28.68684959411621,-22.373754501342773,20.46970558166504,12.8307466506958,11.347091674804688,-8.03752613067627,9.382220268249512,-3.1064140796661377,10.101673126220703,-5.216045379638672,8.639851570129395,-6.356755256652832,7.622788429260254,-15.057496070861816,6.997045516967773,-2.598186492919922,9.030196189880371,-15.289312362670898,8.034051895141602,-2.3538739681243896,7.900146007537842,-6.561770439147949,6.152952671051025,0.286116361618042,0.3002227544784546,0.03897583484649658,0.013397696428000927,-0.09020824562495433,0.19047821373810644,music/Javier Colon - Angel.mp3,1,64.0,1,Javier Colon,Angel,charted,,chart_51_100,0.4017069735869008
30.0,30.0,143.5546875,F minor,2583.6536178270444,1247.9554032988158,5711.982127092202,2844.080520456902,0.09947747859423374,0.09744364525945223,-126.73014068603516,88.9769515991211,86.44380950927734,45.23741149902344,21.241132736206055,30.029340744018555,1.9652296304702759,21.638492584228516,14.939936637878418,16.923147201538086,0.07643689960241318,17.98247718811035,-1.5717836618423462,14.184075355529785,6.724559307098389,11.236451148986816,2.181945323944092,11.43216323852539,7.885937213897705,11.004590034484863,-1.371345043182373,10.645051956176758,3.431884765625,10.105934143066406,2.9553308486938477,8.70396900177002,0.42355531454086304,0.31533730030059814,0.2213311493396759,0.15663108229637146,0.046163022053602766,0.13084711211147015,music/Justin Bieber - Trust.mp3,1,98.0,1,Justin Bieber,Trust,charted,,chart_51_100,0.25761441040631483
30.0,30.0,117.45383522727273,C major,2690.5949495847653,621.5816880752398,5937.680762323433,2625.3996181676953,0.14053127418730652,0.053734539668730694,-88.49906158447266,53.05022048950195,84.26275634765625,20.238046646118164,-11.050545692443848,18.580787658691406,-0.6164845824241638,14.289497375488281,-4.200109481811523,9.588143348693848,8.875701904296875,8.822590827941895,-17.00481414794922,7.884182453155518,8.953801155090332,7.735642433166504,-12.052550315856934,6.742324352264404,-6.203319072723389,7.1637139320373535,-9.885814666748047,8.013327598571777,-3.8169708251953125,6.472908973693848,-5.514644145965576,7.30826473236084,0.37596452236175537,0.283676415681839,0.10030972212553024,0.03659021481871605,0.06049316518536269,0.11912439296868717,music/Daryl Hall John Oates - Private Eyes.mp3,1,1.0,23,Daryl Hall John Oates,Private Eyes,charted,,top20,1.0
30.0,30.0,151.99908088235293,C major,2854.403848671585,1026.8820811810456,6022.746914606714,2722.6418510011595,0.13092286667956657,0.08002499733618447,-2.2369463443756104,47.17412567138672,74.69908905029297,35.802181243896484,6.348729610443115,27.134613037109375,5.0901288986206055,23.248300552368164,-9.444785118103027,20.939945220947266,3.765608787536621,16.3439998626709,-6.726003170013428,15.84734058380127,-1.2893091440200806,12.547202110290527,-11.478541374206543,13.455902099609375,-6.335466384887695,12.19719123840332,2.552868366241455,12.910447120666504,9.223410606384277,11.062507629394531,-3.3128178119659424,10.54511833190918,0.3747301697731018,0.30011335015296936,0.3201538622379303,0.09559816122055054,0.03735026366325364,0.10237721053889749,music/Drake Featuring Fivio Foreign & Sosa Geek - Demons.mp3,1,34.0,2,Drake Featuring Fivio Foreign & Sosa Geek,Demons,charted,,chart_21_50,0.5669872981077807
30.0,30.0,112.34714673913044,B major,941.1027394062667,765.4914875390466,1946.8465610185274,1424.006322407833,0.027936339009287926,0.02830940604357544,-242.69998168945312,103.8624267578125,122.21485900878906,37.0416145324707,9.065520286560059,32.608375549316406,32.85797882080078,16.37086296081543,29.491086959838867,21.916000366210938,20.75200843811035,16.493410110473633,13.708252906799316,15.138731956481934,13.57968807220459,15.574362754821777,12.58617115020752,14.761940956115723,17.716745376586914,13.715712547302246,10.194697380065918,15.887216567993164,16.018043518066406,11.505952835083008,11.837352752685547,10.557405471801758,0.5062134265899658,0.29685458540916443,0.1822512298822403,0.10711967945098877,0.0011646263219885706,0.11373916661889033,music/Drake - Passionfruit.mp3,1,8.0,20,Drake,Passionfruit,charted,,top20,0.8005689911956335
30.0,30.0,95.703125,G major,1564.49011182403,421.17785023767823,3284.5134723297215,1832.5059384547142,0.06903321824206657,0.03191683022327927,-136.4900665283203,33.588768005371094,130.95135498046875,22.078441619873047,-13.25907039642334,16.96309471130371,43.86876678466797,16.364208221435547,-16.87897491455078,13.80785083770752,12.95028018951416,10.190376281738281,-20.20001983642578,14.924201011657715,20.639856338500977,10.599895477294922,-16.21480941772461,11.6903715133667,-3.250913143157959,11.793488502502441,-10.898804664611816,10.843955993652344,2.8129658699035645,9.377654075622559,-9.2095365524292,9.30012321472168,0.2814164161682129,0.3038371205329895,0.1412794440984726,0.03409222140908241,0.03680956785418424,0.1636938543016112,music/Charlie Rich - She Called Me Baby.mp3,1,47.0,7,Charlie Rich,She Called Me Baby,charted,,chart_21_50,0.48876264185445484
30.0,30.0,95.703125,A minor,3059.803776418592,990.5504168899513,6309.878511694563,2776.31990845604,0.13830415235584365,0.09102374673338595,-176.19110107421875,72.89706420898438,54.8422737121582,32.996219635009766,3.4327683448791504,29.975967407226562,20.291637420654297,15.65023136138916,-2.3242266178131104,17.751237869262695,12.221229553222656,13.970147132873535,-0.796869695186615,14.861199378967285,3.634255886077881,13.480494499206543,2.4549319744110107,11.076617240905762,7.376631259918213,11.16208553314209,-1.6217350959777832,10.179258346557617,7.851703643798828,10.488698959350586,6.547343730926514,10.358810424804688,0.4638586938381195,0.3071337342262268,0.06636632978916168,0.03076544962823391,-0.0037273868784310415,0.08151795830750952,music/St. Lunatics - Midwest Swing.mp3,1,88.0,5,St. Lunatics,Midwest Swing,charted,,chart_51_100,0.296922350079181
30.0,30.0,117.45383522727273,C major,2469.1598599694407,915.8377009935326,5485.033499419505,2655.0307798567715,0.10884250133030186,0.06048957737691319,-70.39111328125,56.462467193603516,89.89753723144531,32.34977722167969,14.086810111999512,20.863143920898438,30.399688720703125,14.679933547973633,8.739103317260742,13.87804126739502,12.2938814163208,9.60174560546875,-6.095946788787842,8.369715690612793,8.52917766571045,7.690563678741455,3.2477633953094482,8.296204566955566,6.0900774002075195,7.984126091003418,-7.755654335021973,7.485451698303223,2.066481113433838,7.222159385681152,1.1615475416183472,7.60424280166626,0.42807596921920776,0.2872159481048584,0.1714736372232437,0.04302661865949631,0.01460427196060159,0.08584747746755089,music/Bobby Bloom - Make Me Happy.mp3,1,80.0,6,Bobby Bloom,Make Me Happy,charted,,chart_51_100,0.33002713759165114
30.0,30.0,69.83741554054055,D# major,2142.183480795469,907.6297590750258,4660.988482306985,2435.3818406312594,0.07173501596362229,0.061539188863271685,-90.97750091552734,53.12505340576172,100.39057922363281,29.943357467651367,0.6352526545524597,24.38665771484375,5.656044960021973,15.80604076385498,-6.905154705047607,17.154489517211914,10.795495986938477,12.411568641662598,-3.5654401779174805,10.926719665527344,9.466743469238281,11.37081527709961,-0.9305890202522278,11.063759803771973,7.9404616355896,9.254117965698242,-7.4809441566467285,8.69340705871582,4.784405708312988,8.51922607421875,-1.3697495460510254,8.901620864868164,0.41042205691337585,0.3071253299713135,0.20564600825309753,0.08914235979318619,0.005264813406619423,0.1662710960835376,music/Jaheim - Could It Be.mp3,1,26.0,20,Jaheim,Could It Be,charted,,chart_21_50,0.6231108192777954
30.0,30.0,99.38401442307692,F major,1384.7699906716705,341.7812063876001,2705.491973593508,1596.6736418876199,0.06750979585913312,0.023365017401925044,-154.00302124023438,52.013065338134766,145.9010009765625,23.35038185119629,-30.545124053955078,13.377679824829102,38.30233383178711,12.840705871582031,9.495505332946777,12.8519287109375,-1.0557503700256348,10.088422775268555,-6.842289924621582,10.481690406799316,7.080678462982178,9.320037841796875,-9.935694694519043,10.840903282165527,3.849374771118164,8.630735397338867,-3.935903310775757,9.266594886779785,0.11072049289941788,8.480184555053711,-2.3075571060180664,8.661097526550293,0.2948203384876251,0.29394081234931946,0.11916405707597733,0.04094218462705612,0.06751100425069653,0.167022921761652,music/Al Martino - I Started Loving You Again.mp3,1,86.0,5,Al Martino,I Started Loving You Again,charted,,chart_51_100,0.30505068857178835
30.0,30.0,95.703125,F major,2550.083828697981,713.9262784944391,6293.461944296633,2983.4067457210613,0.08617672757836688,0.041631158865057194,-56.303733825683594,52.08671569824219,91.142822265625,24.87466049194336,19.365306854248047,21.008377075195312,5.9318318367004395,17.518413543701172,16.367534637451172,13.711469650268555,2.6246700286865234,13.591218948364258,0.4718506634235382,8.736072540283203,10.802079200744629,9.218035697937012,0.7859506607055664,9.139699935913086,8.644509315490723,9.005196571350098,4.404969692230225,8.902413368225098,4.844831466674805,7.339223384857178,2.8542096614837646,8.127676963806152,0.39591526985168457,0.3022295832633972,0.22451484203338623,0.06068363040685654,0.05536326090068013,0.16691899370546137,music/Justin Bieber - Company.mp3,1,53.0,12,Justin Bieber,Company,charted,,chart_51_100,0.456442693495391
30.0,30.0,71.77734375,F minor,2963.1859912308146,994.6929212470883,6335.945020740615,2782.5140709182547,0.13102981992550308,0.09218582562643415,-101.58064270019531,78.3260269165039,56.04436111450195,34.55465316772461,4.121188163757324,30.738557815551758,2.3168675899505615,22.59880256652832,-8.675451278686523,21.069345474243164,12.88001537322998,15.66758918762207,-9.054612159729004,13.9716796875,5.965102195739746,11.476425170898438,-2.107909679412842,12.520404815673828,-6.485935688018799,13.626774787902832,-3.9606525897979736,11.300189971923828,3.438361644744873,9.809545516967773,-7.1987409591674805,9.578161239624023,0.3414964973926544,0.31507790088653564,0.1592426300048828,0.061679840087890625,0.016999752249870204,0.17887380530443064,music/Cupid - Cupid Shuffle.mp3,1,66.0,13,Cupid,Cupid Shuffle,charted,,chart_51_100,0.39228445649450283
30.0,30.0,135.99917763157896,F major,2578.8165114642743,716.5673615662671,5383.734111963042,2585.3672924821844,0.12847881494291796,0.05080744907140917,-48.72731399536133,49.838531494140625,80.76655578613281,26.81153106689453,-7.71006965637207,18.8380126953125,21.502470016479492,14.375384330749512,8.12224292755127,10.927834510803223,5.112032890319824,11.177053451538086,1.8192697763442993,7.8307695388793945,8.506760597229004,6.742696285247803,-1.3452564477920532,6.9292497634887695,3.079611301422119,8.343669891357422,-0.2739922106266022,7.91591739654541,0.529013454914093,7.891934394836426,-5.525054454803467,6.758973598480225,0.37523698806762695,0.2972390055656433,0.18024298548698425,0.0626617893576622,0.044792369704124306,0.1423488112042678,music/The Producers - What She Does To Me (The Diana Song).mp3,1,61.0,6,The Producers,What She Does To Me (The Diana Song),charted,,chart_51_100,0.4161257918788578
444.780566893424,30.0,123.046875,C# major,750.395822059617,436.4492786729801,1152.8680287647542,1476.9561235777196,0.022075830229295667,0.022227684786895557,-374.1260070800781,82.22602081298828,136.05230712890625,30.180824279785156,19.213518142700195,7.359286308288574,44.343502044677734,12.258204460144043,23.304838180541992,7.684782028198242,22.800477981567383,8.230385780334473,20.06755256652832,6.315333843231201,11.267561912536621,5.85617208480835,10.881216049194336,8.372075080871582,-2.2466917037963867,12.463068962097168,-5.334495544433594,6.095031261444092,-9.818284034729004,15.110408782958984,-6.859323024749756,9.326786994934082,0.3405238389968872,0.29570478200912476,0.05012809857726097,0.02599085494875908,0.009214476818717713,0.25909644903810614,music/low_stream/Cousin Silas - 06_Recrudescence_-_Part-6.mp3,0,,0,Cousin Silas,06_Recrudescence_-_Part-6,archive_low_download,924.0,low_stream,0.0
122.84210884353742,30.0,95.703125,E major,2701.840262598542,505.30672503181296,5616.607703808291,2619.295434909804,0.11625666662635449,0.04673939917457138,29.737422943115234,39.362937927246094,64.0728988647461,22.360271453857422,-3.649536609649658,15.173609733581543,43.93556213378906,17.348907470703125,7.875382423400879,11.119914054870605,24.83013916015625,11.34712028503418,9.609695434570312,12.547269821166992,9.772502899169922,7.009387493133545,0.5802618265151978,6.943484783172607,3.6651902198791504,5.787419319152832,0.8627143502235413,6.223084926605225,6.939175128936768,6.2658305168151855,1.883617639541626,6.539159774780273,0.5350096821784973,0.27041691541671753,0.3838852643966675,0.10601353645324707,-0.020770113913186106,0.08527006668474509,music/low_stream/Sit At My Right Hand - 02-Brazil.mp3,0,,0,Sit At My Right Hand,02-Brazil,archive_low_download,941.0,low_stream,0.0
169.3421088435374,30.0,95.703125,D# minor,1968.1785003112436,459.78925305149176,4668.088439374516,2570.502349450323,0.06384201758417182,0.027734225847993284,-42.97113037109375,29.91283416748047,100.21920013427734,17.496976852416992,11.678854942321777,18.76504135131836,19.18498992919922,14.315682411193848,9.19625473022461,8.282971382141113,12.488737106323242,7.981567859649658,5.986931324005127,8.52365493774414,2.5902068614959717,9.10608959197998,0.16237439215183258,5.926379203796387,1.7376924753189087,7.154521942138672,-5.5024638175964355,5.684630393981934,3.9211676120758057,7.035619735717773,-3.933410406112671,6.956274032592773,0.3220765292644501,0.30108776688575745,0.29264676570892334,0.0422930009663105,0.043730392949649775,0.12649208673242968,music/low_stream/Demonic Sweaters - Demonic Sweaters - Geeky Gigs - 03 Rise And Shine (Featuring Megpoid GUMI).mp3,0,,0,Demonic Sweaters,Demonic Sweaters - Geeky Gigs - 03 Rise And Shine (Featuring Megpoid GUMI),archive_low_download,918.0,low_stream,0.0
256.1265306122449,30.0,89.10290948275862,A# major,543.4066612147928,143.41696299889765,903.3362043162249,389.32051441312706,0.03863884420955882,0.011224587719977381,-418.26055908203125,25.664382934570312,232.48243713378906,23.5909423828125,40.89968490600586,15.809680938720703,-51.428749084472656,14.736597061157227,-26.825651168823242,12.22462272644043,4.287721633911133,11.045866012573242,-5.115503311157227,11.771005630493164,-12.581114768981934,10.866170883178711,0.4256015419960022,9.448843955993652,4.316460609436035,8.472846984863281,-7.545094013214111,8.54128360748291,-9.912540435791016,7.948614597320557,-0.7582029700279236,7.436892509460449,0.28297674655914307,0.282867431640625,0.055313028395175934,0.01669490896165371,0.05557458047183674,0.33872074794331336,music/low_stream/Kamin - 06-HaseimLicht.mp3,0,,0,Kamin,06-HaseimLicht,archive_low_download,869.0,low_stream,0.0
495.14666666666665,30.0,103.359375,E major,997.5699537855363,192.15130744643838,1857.98876499613,1133.5865779657647,0.06491797479682662,0.021989316603690755,-315.996337890625,18.959291458129883,182.7014617919922,10.434266090393066,-17.789968490600586,11.857381820678711,29.694381713867188,8.583313941955566,-10.247098922729492,7.499838352203369,-5.58171272277832,6.77186393737793,13.136024475097656,9.683832168579102,-15.688163757324219,7.637218475341797,3.3999526500701904,7.303391933441162,19.67566680908203,4.796109199523926,9.48459529876709,6.925328254699707,-1.3629940748214722,6.348324298858643,9.554388046264648,5.31758451461792,0.33182743191719055,0.30034780502319336,0.03240122273564339,0.013871746137738228,0.03336116248804678,0.14248636614000626,music/low_stream/Unknown - 04 Together We Will Die Alone.mp3,0,,0,Unknown,04 Together We Will Die Alone,archive_low_download,864.0,low_stream,0.0
251.20099773242632,30.0,129.19921875,A minor,1426.0402012191716,571.0184876058391,2785.4331568667762,2175.2960327310147,0.0371917630127709,0.04036980004790033,-188.7252960205078,62.759559631347656,122.74890899658203,26.277101516723633,7.803460597991943,11.6753511428833,15.518268585205078,14.145931243896484,17.413658142089844,13.715608596801758,12.810903549194336,10.50981330871582,5.325009346008301,10.889847755432129,8.925125122070312,11.891979217529297,0.8239673376083374,9.278900146484375,11.855080604553223,7.653606414794922,4.142237186431885,6.815680980682373,12.889311790466309,5.844175815582275,-0.7466051578521729,4.617695331573486,0.3575242757797241,0.3020918369293213,0.1272173672914505,0.0634346604347229,-0.07197029763072178,0.27210253883015967,music/low_stream/hash-head - 05.Breaking.mp3,0,,0,hash-head,05.Breaking,archive_low_download,996.0,low_stream,0.0
954.3836734693878,30.0,135.99917763157896,G major,1384.7214413617078,517.6687297974651,2688.3837437113,2170.7647973925104,0.046760488220781736,0.017799445680143067,-404.1005859375,37.25716018676758,127.74504089355469,27.06581687927246,38.311424255371094,9.23080062866211,10.302346229553223,13.14260482788086,-1.5468411445617676,8.749490737915039,0.012049506418406963,4.523672103881836,-5.363435745239258,5.569981575012207,-2.784472703933716,6.8255391120910645,-8.306507110595703,5.848894119262695,-2.363626003265381,3.6145036220550537,-7.93169641494751,4.359087944030762,-2.5691587924957275,5.986335277557373,-4.962266445159912,5.701900959014893,0.2710724472999573,0.3139476180076599,0.02048497274518013,0.013314437121152878,-0.0036605308523817923,0.1260574541075286,music/low_stream/fst - fst_ambientimprovisations_vol2_01_vbr.mp3,0,,0,fst,fst_ambientimprovisations_vol2_01_vbr,archive_low_download,832.0,low_stream,0.0
245.76,30.0,63.02400914634146,G# minor,1121.9060594566301,240.17085239232955,2044.2709719064435,1726.7082305449403,0.03085204322271672,0.016662534536561576,-80.2382583618164,21.891372680664062,151.47158813476562,14.252313613891602,-1.5336930751800537,8.862665176391602,15.420233726501465,5.361929416656494,-6.477644920349121,6.250224590301514,16.68565559387207,5.683689594268799,1.6594903469085693,5.43031120300293,8.540870666503906,4.84483003616333,9.954941749572754,4.267306804656982,5.103513240814209,4.347731590270996,1.276450276374817,4.71653413772583,0.16862204670906067,4.983859062194824,7.382522106170654,5.435377597808838,0.4872463047504425,0.2853519320487976,0.32568490505218506,0.10874664783477783,0.06741101905319061,0.10745491283209577,music/low_stream/POWER NOIZE MC - 19. Working Class Protest Strike.mp3,0,,0,POWER NOIZE MC,19. Working Class Protest Strike,archive_low_download,907.0,low_stream,0.0
1800.8787083333334,30.0,112.34714673913044,G minor,3050.587164413301,536.22974066468,6819.1670987628195,2967.9480342039587,0.1285653601489938,0.060200284726071786,-370.8183898925781,98.93865203857422,58.86600112915039,15.335847854614258,7.279870510101318,10.057487487792969,4.462435245513916,6.959934711456299,-4.62467098236084,11.041699409484863,-10.194299697875977,12.309807777404785,-12.109049797058105,9.88662052154541,2.914722204208374,7.892449855804443,-1.5587880611419678,11.220494270324707,-8.466069221496582,10.642457962036133,-10.565997123718262,12.552339553833008,-7.879410266876221,10.637290000915527,-0.4037812054157257,7.258244037628174,0.2834402322769165,0.30294060707092285,0.012279033660888672,0.012317784130573273,0.02673538486395484,0.1146955847369639,music/low_stream/Stahlfabrik - 2_emision_termoionica_parte_2_dimensional.mp3,0,,0,Stahlfabrik,2_emision_termoionica_parte_2_dimensional,archive_low_download,848.0,low_stream,0.0
218.83043083900228,30.0,99.38401442307692,F# major,977.7808827100363,516.3917849351006,1943.7965794613488,1225.3754790909368,0.0576768999129257,0.036545901560412875,-216.9418487548828,134.70913696289062,178.2685089111328,49.09739685058594,-3.6198360919952393,44.830589294433594,36.68173599243164,22.705480575561523,3.6814515590667725,15.755244255065918,-6.4946184158325195,8.412981986999512,-0.6107918620109558,7.449525833129883,-9.617116928100586,6.234710216522217,-1.6996620893478394,6.322181224822998,-4.288310527801514,5.772958755493164,-6.739808082580566,5.490799427032471,-2.534693717956543,4.617213726043701,-3.0503571033477783,6.4638495445251465,0.4142623841762543,0.2856431305408478,0.1121763363480568,0.050842493772506714,-0.05334662846401829,0.12056453669666153,music/low_stream/Crucifuck - 07Cancer.mp3,0,,0,Crucifuck,07Cancer,archive_low_download,987.0,low_stream,0.0
150.54684807256237,30.0,89.10290948275862,B minor,2060.8799592113605,864.8831131967376,4608.388800370066,2451.9229055063392,0.08448210441660217,0.05050368653168402,-85.0152359008789,97.38127136230469,100.42416381835938,39.19692611694336,22.644561767578125,25.32038116455078,30.716947555541992,20.118967056274414,1.7459845542907715,14.74708366394043,2.083672285079956,8.043994903564453,1.9255874156951904,11.846182823181152,-5.000726699829102,9.076164245605469,-6.917485237121582,8.797065734863281,-3.9396486282348633,9.991414070129395,-5.836289882659912,8.652284622192383,0.8001434803009033,7.135032653808594,-3.238295316696167,7.461028099060059,0.42107465863227844,0.2891271114349365,0.20173725485801697,0.06833844631910324,-0.040824053539003057,0.13595256161329564,music/low_stream/Ayato - 16-u_come_4_troubles.mp3,0,,0,Ayato,16-u_come_4_troubles,archive_low_download,980.0,low_stream,0.0
180.0,30.0,64.599609375,B major,482.9921877665015,182.1352524414766,568.5548953596652,732.9189153582286,0.029816524163119196,0.003793553288340639,-484.29473876953125,54.20183563232422,153.3622589111328,44.26922607421875,64.14448547363281,21.9796199798584,36.15182876586914,10.798547744750977,12.90516471862793,11.937774658203125,-18.835147857666016,13.271444320678711,-19.358362197875977,11.142967224121094,-9.577773094177246,6.040981769561768,-15.277667045593262,5.296325206756592,-21.557720184326172,7.399035930633545,-19.56565284729004,6.936302185058594,-17.445817947387695,6.103287696838379,-17.80580711364746,4.684929370880127,0.23640070855617523,0.29331108927726746,0.03793320804834366,0.02525418996810913,-0.15678943411985993,0.3084485955754388,music/low_stream/Phillip Wilkerson - 02SpeakingOfImmortality.mp3,0,,0,Phillip Wilkerson,02SpeakingOfImmortality,archive_low_download,908.0,low_stream,0.0
369.54256235827665,30.0,95.703125,D# minor,940.9049925386739,375.48936489175844,1700.4897173713234,1318.720566813737,0.03566078209655573,0.02213568349238447,-220.43734741210938,130.38644409179688,135.05186462402344,48.760318756103516,12.111281394958496,19.49833869934082,8.788891792297363,27.089181900024414,3.4677696228027344,13.885639190673828,-0.7258946895599365,14.182374000549316,-7.617399215698242,13.770221710205078,-6.751039505004883,14.284043312072754,-6.0383195877075195,10.854238510131836,-0.05374117195606232,11.718585014343262,-2.486924171447754,10.377345085144043,-4.14459753036499,11.618772506713867,-5.084582805633545,9.39455795288086,0.3493736684322357,0.3199964761734009,0.23157493770122528,0.1955256313085556,0.06385493058662808,0.19895033757736028,music/low_stream/ronald vonk - ms010n_1_roonan-stitched.mp3,0,,0,ronald vonk,ms010n_1_roonan-stitched,archive_low_download,991.0,low_stream,0.0
401.99558333333334,30.0,107.666015625,D# minor,2539.568817014075,667.234381212606,5102.185814447078,2222.6891240599325,0.11129902464686532,0.03724363525836589,-213.10874938964844,93.84443664550781,28.848968505859375,33.5182991027832,-50.99120330810547,64.11598205566406,-4.716006278991699,30.84642219543457,-37.302127838134766,23.856382369995117,6.625502109527588,13.00020980834961,-4.219748020172119,11.8713960647583,18.023700714111328,17.555776596069336,13.669028282165527,16.46292495727539,0.7136566638946533,18.822566986083984,-34.58325958251953,19.215457916259766,-20.638050079345703,15.494757652282715,-0.9694907069206238,16.703598022460938,0.20000238716602325,0.30224043130874634,0.10726627707481384,0.05493462085723877,0.08617661562994589,0.23059455134821946,music/low_stream/Dr. Stylus - hitthedoor_64kb.mp3,0,,0,Dr. Stylus,hitthedoor_64kb,archive_low_download,888.0,low_stream,0.0
174.7271201814059,30.0,89.10290948275862,C minor,988.5988753064063,535.9481144132754,1839.2888780717878,1522.7834306418479,0.04785685347329721,0.03087056656130965,-99.90293884277344,105.46324157714844,183.3824920654297,43.99319839477539,25.113536834716797,29.05291748046875,6.7201738357543945,14.416851043701172,-8.109748840332031,8.78764533996582,4.4193291664123535,8.515276908874512,1.1662815809249878,9.454253196716309,9.328869819641113,7.546817779541016,2.7425522804260254,9.182316780090332,11.349111557006836,9.67269515991211,9.44332504272461,8.622060775756836,4.237759113311768,8.688447952270508,5.691501617431641,7.064834117889404,0.55437171459198,0.2338833063840866,0.33129623532295227,0.054606057703495026,0.030466734990473428,0.16496272649418153,music/low_stream/Sypha Nadon - MZR046_Sypha_Nadon_Pleasant_Songs_01_You_Lost_Her.mp3,0,,0,Sypha Nadon,MZR046_Sypha_Nadon_Pleasant_Songs_01_You_Lost_Her,archive_low_download,774.0,low_stream,0.0
138.14115646258503,30.0,161.4990234375,E minor,2259.144834816176,584.1026020550385,4831.279119249468,2367.095660500769,0.09918118408958979,0.04503353972330206,-51.91367721557617,87.60055541992188,85.19284057617188,24.525943756103516,10.719364166259766,21.72310447692871,51.7276611328125,13.189213752746582,-11.588586807250977,10.36253833770752,17.489057540893555,8.76216983795166,-2.476003885269165,8.794836044311523,2.081531286239624,7.060884475708008,-9.450817108154297,9.349342346191406,4.535314559936523,7.366810321807861,-6.307154178619385,7.5528950691223145,0.5256836414337158,6.160398483276367,-12.23098087310791,6.841590881347656,0.35266607999801636,0.2975309491157532,0.2571735680103302,0.10374217480421066,0.0041521582317032065,0.13087347822999473,music/low_stream/The History and Civilization of the Great Black Swamp - great_black_swamp-05-dreyfusmcdryfus.mp3,0,,0,The History and Civilization of the Great Black Swamp,great_black_swamp-05-dreyfusmcdryfus,archive_low_download,804.0,low_stream,0.0
183.6077551020408,30.0,129.19921875,B major,2002.0088212925752,283.1616307107472,4040.60890032411,2212.635183529482,0.08345452181695047,0.023295562798320336,14.899527549743652,30.67782211303711,104.74394989013672,17.424341201782227,-21.731853485107422,14.056434631347656,40.24100112915039,8.312834739685059,10.140978813171387,5.416325092315674,6.738261699676514,5.443286895751953,13.390493392944336,6.163447380065918,14.604288101196289,5.125883102416992,0.986774742603302,4.081478595733643,5.0805134773254395,4.58371114730835,-1.161453127861023,4.286822319030762,8.832962036132812,4.331320762634277,1.6054468154907227,4.167745113372803,0.5628935694694519,0.23211923241615295,0.3200664520263672,0.037386588752269745,-0.12728248143132137,0.18677461548754756,music/low_stream/Каловая Рвота - 10. Перемен (Кино cover).mp3,0,,0,Каловая Рвота,10. Перемен (Кино cover),archive_low_download,951.0,low_stream,0.0
22.225600907029477,21.838367346938774,112.34714673913044,D major,1410.2803886997485,340.5487627352419,2335.4829729426806,1457.0642358143818,0.07616149707757705,0.013719507995355377,-55.87545394897461,59.23383331298828,131.01943969726562,46.34351348876953,-43.37583541870117,17.234363555908203,-1.0572810173034668,17.548254013061523,-17.69701385498047,11.347509384155273,-5.1239728927612305,8.624815940856934,-4.539517879486084,11.335803985595703,6.336965084075928,9.333027839660645,-3.282731294631958,8.048239707946777,2.7715606689453125,7.729172706604004,-4.031369209289551,9.237717628479004,-10.605141639709473,9.195261001586914,-15.027976989746094,8.863276481628418,0.16496257483959198,0.2793751358985901,0.5720950961112976,0.10417041927576065,-0.06249257252058061,0.19496034877389568,"music/low_stream/Копро-Гурман Должен Быть Довольным & Хрюсопохожие Мутанты, Родившиеся В Коробке Из-Под Стиральной Машины & Гомосексуальн - 22.mp3",0,,0,"Копро-Гурман Должен Быть Довольным & Хрюсопохожие Мутанты, Родившиеся В Коробке Из-Под Стиральной Машины & Гомосексуальная Пулемётная Членодолбёжка В Неокрепшие Жопы & Дырявая Вилка Должна Стать Российским Талисманом На Олимпиаде 2020 Года",22,archive_low_download,879.0,low_stream,0.0
255.3208163265306,30.0,89.10290948275862,F minor,1278.500866903242,513.7768950653303,2509.1181610390868,1715.1417460275695,0.0429460744001548,0.019198250806693858,-223.4828338623047,74.6052017211914,137.9125213623047,29.046276092529297,0.2251625657081604,14.678318977355957,24.91575813293457,11.518319129943848,-10.853033065795898,9.774751663208008,12.299351692199707,8.863842010498047,-3.5231692790985107,9.613579750061035,-0.8676105737686157,11.565987586975098,-5.164295196533203,7.684283256530762,0.7753056883811951,7.802100658416748,-10.048439979553223,7.928449630737305,-2.9990458488464355,8.918396949768066,-3.537336826324463,7.498105525970459,0.24521568417549133,0.292491614818573,0.09505708515644073,0.03715309128165245,0.014302134004229866,0.17640788727508164,music/low_stream/Jimmy Spits - JimmySpits-LeaPsAndBounds-09-TheOtherSide_vbr.mp3,0,,0,Jimmy Spits,JimmySpits-LeaPsAndBounds-09-TheOtherSide_vbr,archive_low_download,758.0,low_stream,0.0
203.4653514739229,30.0,198.76802884615384,A major,489.563746389652,291.3929459752251,939.2026541033765,996.4246436712302,0.009423223442337461,0.0036535753715293577,-252.77101135253906,39.35769271850586,166.7556610107422,30.86357307434082,20.06797981262207,26.055524826049805,42.359310150146484,19.769737243652344,36.498172760009766,20.05729866027832,23.092037200927734,18.787668228149414,8.732300758361816,8.218000411987305,9.511514663696289,9.969582557678223,4.054484844207764,7.785646438598633,4.284255504608154,5.316861152648926,-0.36457741260528564,6.5638275146484375,0.009072696790099144,7.407842636108398,6.620609283447266,7.914186000823975,0.4310252368450165,0.32955801486968994,0.3094477355480194,0.04607551917433739,0.005002634529862423,0.25551291307259505,music/low_stream/Electric Sea Spider - 11RubiksCube.mp3,0,,0,Electric Sea Spider,11RubiksCube,archive_low_download,941.0,low_stream,0.0
128.2843537414966,30.0,71.77734375,F minor,634.0001942524385,177.118424624993,1010.2522244763448,1120.0401002896585,0.01944697235390867,0.010936408261000057,-339.4956359863281,74.7999038696289,133.66468811035156,36.68313217163086,31.46731948852539,18.346736907958984,13.326150894165039,11.72420597076416,10.779696464538574,7.358659744262695,12.885732650756836,11.241175651550293,12.566612243652344,16.351627349853516,2.9784493446350098,12.024599075317383,-0.4755152761936188,11.808770179748535,5.939938068389893,10.281885147094727,5.627979755401611,6.830131530761719,-2.2002878189086914,6.0019121170043945,-7.469155311584473,7.1861491203308105,0.34085068106651306,0.3262956440448761,0.09366018325090408,0.09858283400535583,0.028776447533940888,0.16549336839618656,music/low_stream/Demonic Sweaters - Demonic Sweaters - Sol Lepidoptera - 12 Welcome Spring.mp3,0,,0,Demonic Sweaters,Demonic Sweaters - Sol Lepidoptera - 12 Welcome Spring,archive_low_download,762.0,low_stream,0.0
377.9145351473923,30.0,123.046875,F# minor,615.8648016885388,492.8720485115622,1136.8431256651509,1340.3192157661488,0.015492347740905573,0.013601383007235734,-313.959716796875,36.77231979370117,125.86547088623047,23.805723190307617,68.0919418334961,15.789408683776855,37.300933837890625,13.483721733093262,19.30484962463379,8.893707275390625,18.542098999023438,8.016263961791992,12.457786560058594,6.886721611022949,11.218745231628418,6.8549113273620605,7.849724292755127,6.063465595245361,8.134589195251465,5.157355308532715,4.682575702667236,5.516266822814941,3.124621868133545,6.948925971984863,8.503984451293945,7.433520317077637,0.6206307411193848,0.25048673152923584,0.20735354721546173,0.22986054420471191,-0.020674493672017385,0.06687516158988378,music/low_stream/Nitrogene - (BOMAB014) 01. Nitrogene - Clear_Clear.mp3,0,,0,Nitrogene,(BOMAB014) 01. Nitrogene - Clear_Clear,archive_low_download,805.0,low_stream,0.0
463.39775510204083,30.0,103.359375,C# major,1392.225160579496,915.6933881685527,2567.9511386174536,1832.793992005022,0.05201366885158669,0.05194559422313019,-253.72528076171875,109.1168441772461,118.11251831054688,36.600189208984375,11.199407577514648,27.20587158203125,12.898948669433594,22.281877517700195,2.8332321643829346,12.875267028808594,-1.2580101490020752,12.410833358764648,-3.0954740047454834,10.485212326049805,-9.101337432861328,9.115565299987793,-21.507610321044922,10.53836441040039,-2.609246015548706,9.733060836791992,-8.979832649230957,8.919012069702148,-9.558873176574707,7.182406425476074,-14.463293075561523,8.747580528259277,0.23140579462051392,0.299347460269928,0.10861597955226898,0.06739702075719833,-0.028473311179532113,0.2646187794783398,music/low_stream/Esteban Porronett - 15.SoloEnLaCiudadconSofaPasquinelli.mp3,0,,0,Esteban Porronett,15.SoloEnLaCiudadconSofaPasquinelli,archive_low_download,893.0,low_stream,0.0
383.13072562358275,30.0,103.359375,D# major,474.89089159219634,450.7647435681891,873.6447171899188,881.4190178061864,0.021667669432082044,0.011725369227073708,-412.91998291015625,59.528568267822266,190.25784301757812,60.112548828125,87.05569458007812,24.78851890563965,27.1835880279541,12.017973899841309,10.120499610900879,5.806780815124512,9.687676429748535,5.501479148864746,4.935504913330078,5.8147101402282715,-0.3065028786659241,5.957932949066162,0.876765787601471,5.812376022338867,2.1646816730499268,6.282968521118164,1.7479465007781982,4.997897624969482,-0.49035128951072693,4.672173500061035,-1.3726125955581665,4.91347599029541,0.30089500546455383,0.3179616630077362,0.09424382448196411,0.04701753705739975,0.05100979788133233,0.29258232194744027,music/low_stream/Susan Matthews - 01-The-Road-From-Veliko-part-one.mp3,0,,0,Susan Matthews,01-The-Road-From-Veliko-part-one,archive_low_download,916.0,low_stream,0.0
202.64925170068028,30.0,135.99917763157896,C# minor,2482.7919227576363,974.0054517031906,5137.67726650179,2490.420665542999,0.13270970394736842,0.08929072559827549,-260.36932373046875,95.4738540649414,80.03702545166016,39.52186584472656,0.7157080769538879,13.859026908874512,19.413686752319336,10.704765319824219,-4.028987884521484,9.799005508422852,7.204591274261475,7.416843414306641,-6.883596897125244,7.184434413909912,-9.278882026672363,8.808424949645996,-11.559828758239746,7.08752965927124,-0.7877694368362427,6.973284721374512,-7.725181579589844,9.41760540008545,-4.190074443817139,8.438333511352539,-9.810625076293945,6.1671462059021,0.4756760597229004,0.2856162190437317,0.02771316096186638,0.02450624853372574,0.015967255063675384,0.07691129258019555,music/low_stream/Lucas Darklord - 2020_06_04_21_51_19-26.32bpmStereoRough.mp3,0,,0,Lucas Darklord,2020_06_04_21_51_19-26.32bpmStereoRough,archive_low_download,899.0,low_stream,0.0
305.6666666666667,30.0,112.34714673913044,G# minor,1930.307247371627,234.53463311264605,3248.963687294408,1842.7873448294652,0.13490885920568885,0.02641809484801874,-218.0000762939453,24.804513931274414,109.42678833007812,15.263254165649414,-55.25183868408203,14.844043731689453,22.164060592651367,10.648843765258789,16.6752986907959,8.832233428955078,-2.952714443206787,8.38027286529541,-6.819890022277832,7.355433464050293,3.7612390518188477,8.596301078796387,-1.761397361755371,7.799728870391846,13.395833969116211,7.645865440368652,-12.77645492553711,7.133420467376709,2.8436949253082275,7.497735023498535,-12.393688201904297,7.673466682434082,0.4392818808555603,0.26031312346458435,0.035744085907936096,0.006041542161256075,0.11018530508705959,0.20299902723641786,music/low_stream/Various New England Artists - 98_bonustrack_theAberration-LiquidCourage.mp3,0,,0,Various New England Artists,98_bonustrack_theAberration-LiquidCourage,archive_low_download,896.0,low_stream,0.0
235.98984126984126,30.0,112.34714673913044,B minor,3390.458236189585,853.9356772913243,7091.007121650058,2884.6320787828313,0.1940978437016254,0.07020416522437722,13.412726402282715,133.41732788085938,51.91510772705078,16.357460021972656,3.4130899906158447,6.207899570465088,16.9141788482666,5.381148338317871,3.6328067779541016,6.0893235206604,4.9176506996154785,5.291688919067383,-3.4258553981781006,6.167675495147705,0.11398112028837204,5.485927581787109,-6.948984622955322,6.172520160675049,-1.4802188873291016,5.38861608505249,-4.4598307609558105,5.043591499328613,1.5390700101852417,4.394606590270996,-2.043619394302368,4.432421684265137,0.5988505482673645,0.2344595193862915,0.21623186767101288,0.03237496688961983,-0.005786320165774808,0.09840629971537387,music/low_stream/GAAD - 05Gaad-ShootForShit_64kb.mp3,0,,0,GAAD,05Gaad-ShootForShit_64kb,archive_low_download,960.0,low_stream,0.0
846.1351473922903,30.0,0.0,C minor,194.85949705680457,41.4922358021282,187.2488677317144,653.1968036370239,0.009124661377708978,0.0034510572764777925,-633.722412109375,31.115083694458008,131.6737060546875,35.93059158325195,95.07357788085938,18.935949325561523,54.484703063964844,6.596155643463135,25.54742431640625,9.50059700012207,13.563703536987305,9.393351554870605,13.842337608337402,6.164444446563721,17.94928741455078,3.978055238723755,19.5108699798584,4.021899700164795,16.338573455810547,3.409130573272705,9.861237525939941,3.569025754928589,3.514211654663086,4.717502117156982,0.5319702625274658,5.184621334075928,0.387810081243515,0.3481973111629486,0.015271469950675964,0.009135035797953606,0.10532272527719777,0.17982571678600787,music/low_stream/Øe - 01.Oe-DriftI.mp3,0,,0,Øe,01.Oe-DriftI,archive_low_download,824.0,low_stream,0.0
192.02403628117915,30.0,112.34714673913044,B major,3516.8255187781997,662.2771617218815,7207.764748965993,2957.0877507630335,0.14877007546439627,0.07218075439941145,-161.35923767089844,175.0323486328125,24.166650772094727,26.9688720703125,-0.007812878116965294,23.480972290039062,10.917872428894043,32.58247756958008,-2.93031644821167,29.697452545166016,11.491263389587402,12.024149894714355,9.083982467651367,18.47479820251465,7.624955177307129,26.253063201904297,-1.3111364841461182,13.261903762817383,0.4027519226074219,10.302580833435059,-3.272081136703491,8.975178718566895,12.563657760620117,13.00635814666748,5.6261467933654785,10.851330757141113,0.3991330564022064,0.32544833421707153,0.1546584963798523,0.1215447410941124,-0.09338588710651033,0.19856850825618,music/low_stream/daniel_nose - 04. Blockhead (feat. Cuzzin Coo).mp3,0,,0,daniel_nose,04. Blockhead (feat. Cuzzin Coo),archive_low_download,855.0,low_stream,0.0
179.87555555555556,30.0,172.265625,G# major,2531.8809448237184,1149.742508439766,5450.642040713284,2630.856061470101,0.1014604598006966,0.08671146743026659,-81.82471466064453,86.32731628417969,89.75175476074219,43.44478225708008,11.047325134277344,39.63530349731445,4.3560791015625,19.909330368041992,0.7405045628547668,17.749197006225586,3.7046878337860107,14.062460899353027,-0.05159639194607735,10.36544132232666,7.499603748321533,8.54852294921875,2.3425233364105225,9.370548248291016,5.679417133331299,7.3598713874816895,-2.4667272567749023,8.074421882629395,1.381737470626831,7.32282018661499,-4.948465824127197,9.01656723022461,0.4260638952255249,0.31379178166389465,0.21032755076885223,0.07786277681589127,0.004664411563229512,0.10284100143504926,music/low_stream/SPaCeyALieN Vs Cerebral Bomb - 01_SPaCeyALieN-Hallo_Corona.mp3,0,,0,SPaCeyALieN Vs Cerebral Bomb,01_SPaCeyALieN-Hallo_Corona,archive_low_download,882.0,low_stream,0.0
79.51866213151928,30.0,143.5546875,E minor,2964.049555309659,989.0591793332968,6360.428206027476,2765.8241972731284,0.15334752321981424,0.12243459515804449,-51.776371002197266,101.62769317626953,67.74537658691406,35.139617919921875,12.424052238464355,11.630669593811035,24.99453353881836,11.082321166992188,0.18323089182376862,8.790678024291992,16.83973503112793,9.689820289611816,-3.69663405418396,8.190979957580566,11.909305572509766,9.283111572265625,-1.1533318758010864,7.5096116065979,11.176011085510254,9.544100761413574,-2.0643858909606934,9.051583290100098,4.248394012451172,8.568975448608398,-5.269782543182373,8.666131019592285,0.3492310047149658,0.2874501347541809,0.20765170454978943,0.07473278790712357,-0.020746635657168336,0.1537397103861512,music/low_stream/NESMETAL - 1-10VictoryFanfare.mp3,0,,0,NESMETAL,1-10VictoryFanfare,archive_low_download,868.0,low_stream,0.0
188.63766439909298,30.0,73.828125,F# minor,895.8079365647608,411.8901477616938,1444.2079337388739,1351.5701736975823,0.03620915368614551,0.033192898335615686,-196.16294860839844,79.24734497070312,185.94932556152344,28.346435546875,-4.571892738342285,10.032848358154297,37.32243347167969,10.247185707092285,-32.68247985839844,14.856561660766602,32.753578186035156,9.952771186828613,0.10105565190315247,5.849347114562988,18.805307388305664,4.965193271636963,8.308444023132324,4.826764106750488,-2.6431925296783447,3.659902334213257,4.561452388763428,3.9595274925231934,-4.905605792999268,4.3936052322387695,4.705399036407471,3.9543869495391846,0.5702089071273804,0.23927389085292816,0.11175060272216797,0.0344049371778965,-0.0162025924353932,0.0451741447406776,music/low_stream/Cian Orbe Netlabel - 01 - Yume Station - Asobu (Filmy Ghost Rework) [El Castillo Rospigliosi].mp3,0,,0,Cian Orbe Netlabel,01 - Yume Station - Asobu (Filmy Ghost Rework) [El Castillo Rospigliosi],archive_low_download,905.0,low_stream,0.0
130.2,30.0,117.45383522727273,C major,161.7657483420018,50.5726183460928,235.7069080459075,152.15689837294448,0.010695702520317337,0.00405899970531463,-455.1698303222656,25.015832901000977,99.99443054199219,22.657878875732422,81.97411346435547,17.09153938293457,69.68321990966797,14.002108573913574,57.89291000366211,8.079025268554688,42.77471160888672,8.573266983032227,28.39832878112793,10.69650650024414,15.671342849731445,11.539952278137207,4.871721267700195,11.3925142288208,-2.0913474559783936,10.182258605957031,-6.3421430587768555,8.40222454071045,-8.595948219299316,7.082470893859863,-8.256597518920898,6.142621994018555,0.3701469600200653,0.3187374770641327,0.09112504869699478,0.04526722803711891,0.1027651406422395,0.21658060457319925,music/low_stream/deemage - 04-deemage_-_peace_forever.mp3,0,,0,deemage,04-deemage_-_peace_forever,archive_low_download,822.0,low_stream,0.0
241.91747916666668,30.0,75.99954044117646,G minor,1143.137277565321,314.13330625760415,2327.1942611080203,1249.6875387871203,0.04204018418633901,0.040368093389552814,-186.6732940673828,36.493690490722656,172.2437286376953,16.96329689025879,-60.08193588256836,17.487560272216797,36.21920394897461,13.294465065002441,-0.961203396320343,11.803025245666504,-9.127510070800781,13.646032333374023,15.829320907592773,12.433238983154297,10.941878318786621,9.652901649475098,9.337265014648438,9.015281677246094,9.427433967590332,9.442048072814941,11.774062156677246,8.308703422546387,9.728071212768555,9.38753890991211,3.8114168643951416,10.041892051696777,0.42028266191482544,0.29281216859817505,0.15472494065761566,0.06195363774895668,-0.05610816657327025,0.12216814571206876,music/low_stream/Various Artists - 01. applecore - astrobient.mp3,0,,0,Various Artists,01. applecore - astrobient,archive_low_download,810.0,low_stream,0.0
347.7884807256236,30.0,143.5546875,C# minor,1682.6947929851185,1031.6416118850557,4032.4922827375194,2119.4590840419824,0.0488451316998839,0.04712857498715314,-443.92193603515625,170.92776489257812,52.821292877197266,35.491607666015625,13.379737854003906,11.586236000061035,16.648681640625,13.022022247314453,8.831542015075684,10.528373718261719,13.086567878723145,10.257575035095215,4.071805953979492,6.895058631896973,4.951330661773682,7.955159664154053,0.5273723602294922,7.046718597412109,-3.235715866088867,8.981741905212402,-15.101069450378418,14.886987686157227,-10.543919563293457,12.198443412780762,-14.705214500427246,15.696883201599121,0.3078281283378601,0.3138693571090698,0.017002688720822334,0.01546386443078518,-0.024043240227222172,0.150067771988422,music/low_stream/FamiCorp Virtual Enterprises - FamiCorp Virtual Enterprises - Hoe™ - 17 Renegade Theme.mp3,0,,0,FamiCorp Virtual Enterprises,FamiCorp Virtual Enterprises - Hoe™ - 17 Renegade Theme,archive_low_download,797.0,low_stream,0.0
493.8978684807256,30.0,129.19921875,F# minor,3032.5531235329754,2358.05376710736,5831.698069852941,2559.2427628823816,0.12255179107004643,0.14665057962220152,-228.2520751953125,142.63043212890625,36.122772216796875,55.83542251586914,52.96488571166992,31.063663482666016,30.026268005371094,22.065587997436523,19.661256790161133,19.549396514892578,20.44390296936035,17.791881561279297,12.013984680175781,16.622560501098633,13.203319549560547,15.586088180541992,7.3262248039245605,15.011824607849121,5.527362823486328,14.665075302124023,4.862605571746826,11.712298393249512,5.30507230758667,12.89473819732666,-1.367369532585144,11.732769012451172,0.5674670934677124,0.2983984649181366,0.2537761628627777,0.16289980709552765,0.007270051382555196,0.037674447997301456,music/low_stream/Deep-X Recordings - deepx272-01_-_Jozef_Fabianskiy_-_Black_Sea.mp3,0,,0,Deep-X Recordings,deepx272-01_-_Jozef_Fabianskiy_-_Black_Sea,archive_low_download,847.0,low_stream,0.0
103.0517006802721,30.0,129.19921875,C# major,638.2507061820008,764.7629757883271,943.277629462558,835.5181389990565,0.03843854307759288,0.06966443888977192,-439.6811218261719,106.32564544677734,149.2372589111328,66.28468322753906,33.949764251708984,29.971370697021484,14.266095161437988,19.832502365112305,15.583718299865723,15.943193435668945,-1.5449539422988892,17.841754913330078,-8.91788101196289,17.42831039428711,-1.0040606260299683,7.912026882171631,-10.960855484008789,8.05944538116455,-16.88608741760254,11.99711799621582,-9.115510940551758,7.854881763458252,-9.048598289489746,7.0358357429504395,-14.918364524841309,9.820395469665527,0.2644250690937042,0.31930938363075256,0.047879450023174286,0.046989187598228455,-0.008342257925126136,0.22409623688903405,music/low_stream/various artists - 10Telegraph909-cyclotron.mp3,0,,0,various artists,10Telegraph909-cyclotron,archive_low_download,815.0,low_stream,0.0
278.9051700680272,30.0,95.703125,G minor,2438.942015900472,973.1829500649908,5347.62599697054,2575.882407162683,0.07457211143092106,0.08502454259226311,2.0059289932250977,61.5817985534668,82.28048706054688,45.93461227416992,-7.3400492668151855,21.55760955810547,15.490407943725586,13.1392822265625,5.501338958740234,10.481035232543945,9.857305526733398,9.434218406677246,0.3257567286491394,11.264025688171387,6.2250895500183105,10.349294662475586,-0.3033691942691803,6.774684429168701,4.482458591461182,6.787186622619629,-0.18910422921180725,8.193258285522461,7.030671119689941,6.838733196258545,2.7323267459869385,7.15497350692749,0.5675974488258362,0.25573989748954773,0.44067496061325073,0.11109982430934906,-0.006387501054459319,0.11889204665720005,music/low_stream/Dafuqex - Dafuqex - Nightwish - 05 The Krispiest Kriddim.mp3,0,,0,Dafuqex,Dafuqex - Nightwish - 05 The Krispiest Kriddim,archive_low_download,796.0,low_stream,0.0
158.7461224489796,30.0,92.28515625,C# minor,2855.9511290741452,1834.0809927049806,6268.603761277332,2878.253025176764,0.16012148074690402,0.21212261521303719,-197.3136444091797,155.03343200683594,60.32136917114258,72.74630737304688,42.76697540283203,30.651517868041992,14.50499439239502,19.128488540649414,15.912541389465332,15.034952163696289,12.283791542053223,14.01430892944336,10.47060775756836,10.423890113830566,3.14827823638916,8.31149673461914,4.319394588470459,7.949399471282959,2.379910707473755,6.7534894943237305,1.3396364450454712,7.143319606781006,6.8285980224609375,6.959325790405273,-2.2259361743927,6.647281169891357,0.534929096698761,0.2923034727573395,0.17639446258544922,0.1341129094362259,0.011920878944525289,0.08417391943092771,music/low_stream/Blit - blit-satisfaccion_vbr.mp3,0,,0,Blit,blit-satisfaccion_vbr,archive_low_download,803.0,low_stream,0.0
226.3428798185941,30.0,184.5703125,B major,2226.6864254247184,493.0414670197307,4446.381446673036,2154.176010078998,0.08528482065112229,0.03270625900946271,-9.59842586517334,75.92866516113281,83.80347442626953,26.31902503967285,-28.45403289794922,17.8775691986084,63.38331985473633,15.43000602722168,12.546673774719238,7.280568599700928,19.09157371520996,5.768266677856445,7.75226354598999,10.403907775878906,13.818801879882812,5.8684186935424805,1.875557780265808,5.969510078430176,7.416416168212891,5.423007965087891,-0.7023430466651917,4.63925838470459,7.404751300811768,4.994195938110352,-0.1219305768609047,5.037668228149414,0.5521726608276367,0.26571595668792725,0.32945841550827026,0.07970163226127625,-0.027711566749980272,0.15518553318286232,music/low_stream/Giftgas - 07HeldAgainstTheirWill.mp3,0,,0,Giftgas,07HeldAgainstTheirWill,archive_low_download,815.0,low_stream,0.0
302.29614512471653,30.0,151.99908088235293,F major,1332.7328663804474,293.39538094002467,1941.6965921596845,1428.246723988454,0.08732713634384674,0.011994435598020627,-264.0316467285156,103.56163024902344,123.44267272949219,41.98048400878906,-26.2912540435791,20.189844131469727,-14.66135311126709,21.236133575439453,-5.864139556884766,9.967239379882812,13.273192405700684,9.006202697753906,9.012052536010742,9.705953598022461,0.32062581181526184,11.418420791625977,-14.688035011291504,11.47376823425293,-13.088394165039062,7.902886867523193,-11.564205169677734,7.21075439453125,-4.806130409240723,6.623542308807373,-0.9030848741531372,8.908175468444824,0.21764661371707916,0.29361939430236816,0.08594242483377457,0.060340382158756256,0.08190539876676049,0.24796742196448823,music/low_stream/Post Apocalyptic Zombie - 06DustmitesInTheBunker.mp3,0,,0,Post Apocalyptic Zombie,06DustmitesInTheBunker,archive_low_download,798.0,low_stream,0.0
311.3075283446712,30.0,31.13234186746988,A# minor,233.365641126174,124.00038993716385,282.8566229380321,786.6299709326622,0.004667016374806501,0.004780699388676275,-502.7715759277344,38.48237991333008,117.04804992675781,39.13801574707031,68.25076293945312,13.516318321228027,32.60812759399414,7.509312152862549,21.310117721557617,5.649227142333984,21.647369384765625,4.053760528564453,19.163698196411133,5.032769203186035,10.036568641662598,3.585489511489868,1.8143900632858276,5.4296135902404785,2.120760440826416,5.034946918487549,8.432693481445312,3.6180708408355713,12.973682403564453,4.012850284576416,12.251115798950195,3.8648324012756348,0.7012730240821838,0.22431518137454987,0.03071006014943123,0.024388888850808144,0.0008050162703918607,0.12888880964777466,music/low_stream/Stream69 - JNN091-12-PureVolume.mp3,0,,0,Stream69,JNN091-12-PureVolume,archive_low_download,955.0,low_stream,0.0
244.59861678004535,30.0,0.0,A# minor,710.6433762321928,1300.9467888734955,1270.9423147857005,1150.0278959924494,0.036251103545859135,0.10195268760741144,-706.468994140625,35.68782043457031,89.73998260498047,45.946327209472656,74.7264404296875,34.913787841796875,55.872962951660156,22.669456481933594,38.883060455322266,14.355901718139648,27.295759201049805,10.305062294006348,21.33594512939453,7.507687568664551,18.760129928588867,6.28893518447876,16.79307746887207,6.3468918800354,13.820527076721191,5.254518985748291,9.958914756774902,3.423856496810913,6.4144110679626465,3.5316998958587646,4.341824531555176,4.209834098815918,0.6639546155929565,0.23576638102531433,0.0075169880874454975,0.006006950046867132,-0.00154807622244866,0.04879945575477346,music/low_stream/fp - 01-fp-cendre-1.mp3,0,,0,fp,01-fp-cendre-1,archive_low_download,829.0,low_stream,0.0
69.41750566893424,30.0,172.265625,A major,1582.4732053281114,317.51991451189116,3446.3124939531735,1820.4996878228992,0.05578537695917183,0.020827047987444572,-105.0257568359375,21.408796310424805,120.77742004394531,15.293261528015137,-24.68324851989746,6.072507858276367,93.0758285522461,6.509997844696045,18.66742706298828,7.795537948608398,15.217133522033691,4.936972141265869,-20.023801803588867,5.28466272354126,26.990741729736328,4.471253871917725,2.740410566329956,3.631560802459717,-4.568789005279541,3.80704927444458,0.2646312415599823,4.0120086669921875,7.4734039306640625,4.3387346267700195,-14.45460033416748,6.514585018157959,0.4096466302871704,0.2701174020767212,0.24193483591079712,0.043434854596853256,0.015205524431736407,0.1496335666297588,music/low_stream/Schlam and Selbst-Morder - 03Selbst-morder-Awaken.mp3,0,,0,Schlam and Selbst-Morder,03Selbst-morder-Awaken,archive_low_download,945.0,low_stream,0.0
99.81891156462585,30.0,107.666015625,G# minor,761.8776785188045,461.07658769696815,1423.958056187113,1031.615220910207,0.03750430836397059,0.02394672687886943,-278.4329528808594,72.65340423583984,175.34640502929688,49.43377685546875,14.596785545349121,32.90369415283203,18.151159286499023,22.303503036499023,20.22782325744629,16.163789749145508,7.021269798278809,11.47538948059082,2.665452241897583,9.1655855178833,2.6369822025299072,8.180309295654297,-3.518589735031128,9.326075553894043,-7.61420202255249,8.383851051330566,-9.284937858581543,8.30824089050293,-3.7604081630706787,6.081562519073486,2.626176118850708,8.42440414428711,0.35256871581077576,0.29268020391464233,0.10645435005426407,0.07686574012041092,0.06436714367894271,0.2007579046471072,music/low_stream/Given Willingly - 06...heresEveryShittyMinuteRevisited.mp3,0,,0,Given Willingly,06...heresEveryShittyMinuteRevisited,archive_low_download,960.0,low_stream,0.0
140.63244897959183,30.0,123.046875,A# major,1652.4452770171765,688.5788423280165,3001.2318519615906,1672.7129176324486,0.11325668476683437,0.06735145061163547,-313.0146179199219,126.18638610839844,108.66067504882812,43.94762420654297,-22.553911209106445,36.79486846923828,12.654800415039062,17.310792922973633,-6.102765083312988,10.821983337402344,-0.04530622810125351,13.673552513122559,-11.01081657409668,11.923877716064453,5.157301902770996,12.773042678833008,-9.90100383758545,12.512789726257324,-10.186153411865234,9.92509937286377,-10.648930549621582,11.384283065795898,-15.515265464782715,10.787813186645508,-4.29709005355835,10.705578804016113,0.2748042047023773,0.29307660460472107,0.06108701974153519,0.04015276953577995,0.05374190073704806,0.27446868038847094,music/low_stream/vlad ribarski - thejammaleckstar_118.200.mp3,0,,0,vlad ribarski,thejammaleckstar_118.200,archive_low_download,857.0,low_stream,0.0
210.29995464852607,30.0,86.1328125,A major,646.0812873348349,290.6188347392359,1116.1182509856328,875.9349927920016,0.03186110741582817,0.01651824986389826,-173.02645874023438,89.61610412597656,221.14268493652344,22.914602279663086,3.792807102203369,47.84005355834961,19.673227310180664,14.989995956420898,12.408085823059082,15.889910697937012,9.722674369812012,8.233969688415527,-5.466865062713623,6.720736503601074,-0.08292102813720703,6.361900329589844,1.242964267730713,5.837454319000244,-5.663662433624268,5.056898593902588,1.9729998111724854,9.410771369934082,-5.037628650665283,5.863327503204346,-1.931107759475708,5.037756443023682,0.40294578671455383,0.28835591673851013,0.26608407497406006,0.07301989197731018,0.0036330417204959225,0.1743130489873164,music/low_stream/Akustikkoppler - 10GesangDerQuerulanten.mp3,0,,0,Akustikkoppler,10GesangDerQuerulanten,archive_low_download,861.0,low_stream,0.0
56.772,30.0,135.99917763157896,A# minor,1493.4071992940299,862.4717189255881,2834.8495247194273,1576.5525701208005,0.07185217322948917,0.048878234389741475,-247.900634765625,97.32622528076172,121.01221466064453,50.433555603027344,-23.636497497558594,41.68678665161133,16.105907440185547,34.50510025024414,-2.425741195678711,24.41370964050293,1.6929560899734497,13.024381637573242,-3.199906587600708,18.011600494384766,-1.0782991647720337,12.428269386291504,-8.776728630065918,12.493058204650879,-3.968703508377075,10.464649200439453,-4.099327564239502,12.41093921661377,2.418916940689087,9.331092834472656,-4.05311918258667,11.574114799499512,0.3320247232913971,0.3059944212436676,0.09585218131542206,0.05226289480924606,-0.010092275804775182,0.16053561137471167,music/low_stream/v.v.a.a - sesion_mecha_po_poy_aggnes_pe.mp3,0,,0,v.v.a.a.,sesion_mecha_po_poy_aggnes_pe,archive_low_download,768.0,low_stream,0.0
320.4660090702948,30.0,99.38401442307692,A# minor,471.26015629414155,228.7401061445807,953.4692345019834,744.0306419703888,0.018086058436532507,0.010756486862786891,-306.3675537109375,48.453243255615234,198.08847045898438,26.222888946533203,-5.649033546447754,18.928688049316406,37.68878936767578,13.241931915283203,35.613746643066406,8.393267631530762,1.4639098644256592,10.2735013961792,26.551143646240234,7.877748489379883,9.353371620178223,7.72160530090332,-0.6095508337020874,6.010263919830322,17.47233009338379,7.916441440582275,5.386789798736572,8.538688659667969,3.5651299953460693,6.291651725769043,6.2374725341796875,6.480478286743164,0.43555694818496704,0.29763463139533997,0.09942792356014252,0.03242043778300285,0.015081450709199681,0.10552868458587782,music/low_stream/Andy N - 17InvisibleThreadsTorIntermixKylyra.mp3,0,,0,Andy N,17InvisibleThreadsTorIntermixKylyra,archive_low_download,895.0,low_stream,0.0
290.3466666666667,30.0,143.5546875,C# major,2325.19991001399,657.3394095902494,5639.2992332623835,2801.456014764688,0.0716753035506966,0.025391444709162665,-417.8646545410156,46.35383605957031,90.49451446533203,29.769987106323242,20.46238899230957,13.38962459564209,27.81800651550293,12.406023979187012,8.977758407592773,12.079181671142578,7.971053123474121,11.4654541015625,9.525212287902832,7.6276984214782715,3.4560632705688477,8.439824104309082,3.8806164264678955,7.651295185089111,5.6802191734313965,4.839165210723877,1.442652702331543,6.815476417541504,4.30839729309082,5.756253242492676,2.3152527809143066,4.979206562042236,0.5622044801712036,0.2937333881855011,0.009994355030357838,0.013330061919987202,-0.04405079494662335,0.11133351834684867,music/low_stream/Fossil Fuel - 25-fossil_fuel-a_hook.mp3,0,,0,Fossil Fuel,25-fossil_fuel-a_hook,archive_low_download,896.0,low_stream,0.0
62.34820861678005,30.0,92.28515625,A# minor,1886.1798092661852,612.5114487532197,4091.9919229513353,2208.597353720203,0.07816808363970588,0.04164491777475017,-145.24559020996094,66.97885131835938,103.2056655883789,26.201290130615234,-3.9977710247039795,18.284305572509766,34.14278030395508,16.05454444885254,-0.17670348286628723,11.14785385131836,22.95553207397461,10.415960311889648,2.1232004165649414,9.04365062713623,12.906203269958496,9.075679779052734,4.019360065460205,10.015243530273438,9.951013565063477,7.528862953186035,6.995923042297363,10.75328540802002,9.801612854003906,8.339729309082031,4.5027546882629395,9.084754943847656,0.38458824157714844,0.3005524277687073,0.13835911452770233,0.08300253748893738,0.0037524271896490864,0.08534174703167235,music/low_stream/we are debris - We Are Debris - lost ep - 06 - its the clapz-n.mp3,0,,0,we are debris,We Are Debris - lost ep - 06 - its the clapz-n,archive_low_download,984.0,low_stream,0.0
394.35925170068026,30.0,103.359375,G major,2354.7026279104257,917.2216368930202,4651.780204654847,2491.8036608640364,0.09906780609036378,0.07776214566969301,-313.07293701171875,122.66614532470703,62.27567672729492,27.064529418945312,-15.053741455078125,12.381750106811523,-12.223478317260742,6.415456295013428,-29.865053176879883,12.814294815063477,-6.979145050048828,10.001163482666016,13.390230178833008,9.968924522399902,-26.11265754699707,13.771480560302734,-15.879290580749512,9.242958068847656,1.113659381866455,6.119353771209717,-14.930599212646484,10.20940113067627,-5.263929843902588,6.171393871307373,-6.706386566162109,6.403297424316406,0.22923503816127777,0.32423776388168335,0.052145879715681076,0.038325101137161255,-0.06014654176562641,0.20201997124899077,music/low_stream/Sara Ayers - SaraAyers-Sylvatica-05-21Years.mp3,0,,0,Sara Ayers,SaraAyers-Sylvatica-05-21Years,archive_low_download,827.0,low_stream,0.0
160.8109977324263,30.0,80.74951171875,G minor,768.8515588343349,797.2259641882981,1475.3077456825658,1044.8983470465325,0.03147184295181889,0.03152605575842138,-297.9171142578125,152.43670654296875,111.70457458496094,49.14496612548828,39.61722946166992,39.95448684692383,35.228179931640625,23.514068603515625,13.949877738952637,17.913711547851562,18.558597564697266,12.33520793914795,2.871734142303467,13.453328132629395,3.4501378536224365,8.945195198059082,1.2186899185180664,7.662316799163818,-0.20799577236175537,7.418971061706543,-0.5311763286590576,7.779658317565918,-7.317224025726318,7.137109756469727,-6.8996076583862305,7.946892261505127,0.3074828088283539,0.3063126504421234,0.12251873314380646,0.15155526995658875,0.017134381842367197,0.18047423078114483,music/low_stream/бельфегоров Х горгоротов - 17. вереница времени.mp3,0,,0,бельфегоров Х горгоротов,17. вереница времени,archive_low_download,847.0,low_stream,0.0
184.73795918367347,30.0,117.45383522727273,G major,3049.9258648345617,972.6561782120341,6560.626995452786,2879.26085503981,0.15301116848877708,0.08419609215200483,-141.7118377685547,110.1999282836914,63.736732482910156,31.25737762451172,-1.5371487140655518,22.882871627807617,13.045027732849121,14.574716567993164,19.879093170166016,14.517603874206543,4.321086883544922,11.389389038085938,-2.283323049545288,10.669160842895508,12.900935173034668,10.361915588378906,-4.02371883392334,10.757822036743164,-6.1671223640441895,9.820393562316895,-0.26166829466819763,10.296585083007812,-1.1722031831741333,7.229750633239746,-14.838921546936035,6.535977840423584,0.3629324734210968,0.298304945230484,0.09516305476427078,0.05061429738998413,0.005473501547303231,0.13772820224614943,music/low_stream/Lost Tigres - Track5_vbr (2).mp3,0,,0,Lost Tigres,Track5_vbr,archive_low_download,760.0,low_stream,0.0
404.59732426303856,30.0,66.25600961538461,G# major,708.250794647763,262.31091258303377,659.9293428308823,1724.6029350273193,0.015273906129063467,0.0068160540924369385,-326.2527160644531,58.69842529296875,122.21957397460938,29.23981475830078,66.8761215209961,18.45073890686035,45.69687271118164,13.9002103805542,29.107995986938477,8.590828895568848,23.602859497070312,7.926409721374512,15.282520294189453,5.953647136688232,12.687079429626465,5.354766845703125,-0.06596753746271133,4.681126594543457,-0.2274126410484314,7.334537982940674,-5.599149227142334,5.41251802444458,0.07177665084600449,4.935013294219971,-4.532591819763184,5.73949670791626,0.26716580986976624,0.3100937306880951,0.11412419378757477,0.03438011556863785,0.07554592443520887,0.19141280596235893,music/low_stream/Kooky Monster - EatsMushroomsForWallpaperInspirations.mp3,0,,0,Kooky Monster,EatsMushroomsForWallpaperInspirations,archive_low_download,826.0,low_stream,0.0
38.541337868480724,30.0,103.359375,D# major,2827.938796607276,1849.730990374996,5031.636241050696,2176.1540254322863,0.17355752950851394,0.13862367512336118,-262.9784240722656,78.63528442382812,99.32807922363281,66.11626434326172,-9.502735137939453,57.59627914428711,1.5338587760925293,24.514272689819336,1.9474890232086182,10.918285369873047,3.5358550548553467,15.225207328796387,-2.7542123794555664,8.630167961120605,3.2655811309814453,10.551379203796387,-1.8505406379699707,8.314489364624023,3.5835769176483154,6.548104763031006,0.5066835284233093,6.154966354370117,2.542785406112671,6.042260646820068,2.2548699378967285,6.307373046875,0.5073690414428711,0.27794766426086426,0.03488996624946594,0.03493465855717659,-0.0025624479079141434,0.06674228022296817,music/low_stream/TETSURO - 07. Q.33.mp3,0,,0,TETSURO,07. Q.33,archive_low_download,883.0,low_stream,0.0
140.02151927437643,30.0,151.99908088235293,C minor,1517.9837842597578,270.50146619032137,3507.6121232827013,2443.0386686778284,0.003839734907120743,0.005129922134848911,-166.9111328125,88.11073303222656,77.20440673828125,13.93924331665039,5.630969047546387,9.334576606750488,17.13190460205078,10.558516502380371,22.166440963745117,6.5881147384643555,-7.40760612487793,8.230696678161621,19.650209426879883,5.548956871032715,3.425227642059326,5.835831165313721,-5.6375412940979,5.7024078369140625,27.096050262451172,9.683409690856934,-15.225407600402832,8.090152740478516,25.46668815612793,10.9962797164917,-0.5852327942848206,7.765872478485107,0.31271976232528687,0.2887229323387146,0.2955051362514496,0.09354649484157562,0.015909050788352228,0.2215331997467568,music/low_stream/Chromatic - 03.653_Chromatic_PI.mp3,0,,0,Chromatic,03.653_Chromatic_PI,archive_low_download,883.0,low_stream,0.0
731.5333333333333,30.0,99.38401442307692,A# minor,4262.059253940592,709.4266236514492,8686.064143225136,3483.7000150581844,0.32818320070626933,0.10173702815017784,-479.4295654296875,90.58624267578125,50.985687255859375,18.628110885620117,38.5064811706543,11.361310958862305,10.772098541259766,8.814005851745605,10.528743743896484,6.717432975769043,5.992668151855469,7.908876419067383,3.09743595123291,5.608493804931641,-4.095214366912842,5.145287036895752,-1.969277262687683,5.233857154846191,1.626049518585205,5.870536804199219,-2.7229650020599365,6.137698650360107,3.8714792728424072,4.587749004364014,-7.595528602600098,4.454400539398193,0.3678320646286011,0.2910902202129364,0.002382945502176881,0.0015137172304093838,-0.005228648815504421,0.06302475868086203,music/low_stream/Artificial Memory Trace - 05Unspeakableextract.mp3,0,,0,Artificial Memory Trace,05Unspeakableextract,archive_low_download,896.0,low_stream,0.0
180.94619047619048,30.0,112.34714673913044,F major,1376.9931553428537,965.6496309949745,2676.225483897301,1621.2133971300614,0.0552865137625774,0.06780599464241135,-339.0083312988281,177.89584350585938,82.224365234375,55.23432540893555,-4.824342250823975,17.659372329711914,17.399761199951172,12.461181640625,6.545190811157227,7.293285369873047,5.0113139152526855,7.344033241271973,-1.8149614334106445,6.365597724914551,4.086966037750244,5.201848983764648,1.5811138153076172,5.045841217041016,0.04985809326171875,4.646992206573486,-4.995700836181641,4.771655559539795,-6.111926555633545,6.313169479370117,-4.6710944175720215,4.950290203094482,0.2170959860086441,0.2886824309825897,0.04992871358990669,0.06767448782920837,0.0324874733391316,0.28856360944043014,music/low_stream/INvbaei - 01_-_INvbaei_-_Lmvuz2z.mp3,0,,0,INvbaei,01_-_INvbaei_-_Lmvuz2z,archive_low_download,852.0,low_stream,0.0
162.93598639455783,30.0,89.10290948275862,F# minor,2852.5834847777223,631.2145097195448,5707.890485167134,2526.5045939089227,0.14551159176664086,0.054025000420370686,-93.7640380859375,48.68634796142578,59.35190200805664,23.97537612915039,-24.815330505371094,32.62348556518555,11.231315612792969,21.884126663208008,0.15013042092323303,14.49107837677002,6.300223350524902,19.22735023498535,-13.071724891662598,14.45556926727295,9.778633117675781,14.495471954345703,-4.371542930603027,12.255959510803223,2.3249897956848145,11.865190505981445,-6.0680694580078125,10.746172904968262,4.1532206535339355,9.323610305786133,1.7463504076004028,9.189993858337402,0.36550173163414,0.3002471327781677,0.12715503573417664,0.07941016554832458,-0.037957543770155935,0.1561343086253112,"music/low_stream/DJ R3V3R3ND MURD3R - 12 Hate My Guts (feat. Jay Omerta, Mista Mead, H3vy Stu).mp3",0,,0,DJ R3V3R3ND MURD3R,"12 Hate My Guts (feat. Jay Omerta, Mista Mead, H3vy Stu)",archive_low_download,970.0,low_stream,0.0
33.201632653061225,30.0,151.99908088235293,F major,534.5106171462032,248.543974353681,728.6455939797794,906.4571300233605,0.027418579479489166,0.012156827457458759,-304.07177734375,66.98403930664062,155.08692932128906,45.889705657958984,41.16608428955078,23.242586135864258,22.49192237854004,11.242706298828125,17.27631187438965,7.870516300201416,4.8863525390625,10.358495712280273,1.8526465892791748,6.594096660614014,-4.841540813446045,6.906954288482666,-11.810611724853516,7.202230930328369,-12.8438138961792,8.475397109985352,-8.361689567565918,5.697122097015381,-4.01638650894165,6.368143081665039,-5.920727729797363,6.868601322174072,0.22639960050582886,0.288444846868515,0.10744151473045349,0.06729747354984283,0.09428879347027042,0.29536147326373824,music/low_stream/Jochem - kzz011_-_jochem_-_06_-_hans_en_grietje.mp3,0,,0,Jochem,kzz011_-_jochem_-_06_-_hans_en_grietje,archive_low_download,996.0,low_stream,0.0
265.0222448979592,30.0,117.45383522727273,B major,1709.6644046132217,700.701318952436,3956.442742598684,2332.2620330669356,0.05073703258030186,0.026781803966182308,-123.08308410644531,119.21898651123047,108.5836410522461,33.63900375366211,9.95128059387207,12.329056739807129,18.390657424926758,10.079816818237305,8.643406867980957,5.80148458480835,9.164532661437988,12.902948379516602,9.432229042053223,7.955092906951904,6.276249885559082,6.833953380584717,1.2562839984893799,5.151211261749268,5.027995586395264,4.491417407989502,-1.783651351928711,4.573858261108398,4.839797496795654,5.268654823303223,-0.4682575762271881,4.885215759277344,0.4856652319431305,0.2879176139831543,0.13806582987308502,0.055098991841077805,-0.04029652563240223,0.07350918131765305,music/low_stream/NOS project - 09_fiveDots.mp3,0,,0,NOS project,09_fiveDots,archive_low_download,781.0,low_stream,0.0
228.58916099773242,30.0,103.359375,G# minor,2687.250683562202,335.36893605808643,5365.484222317627,2475.9546199370516,0.12757972740905574,0.02890603115564702,16.620620727539062,55.783470153808594,62.14962387084961,13.60025405883789,-17.522891998291016,12.203790664672852,54.47441482543945,9.152124404907227,18.49119758605957,5.800710678100586,17.59126091003418,5.769865036010742,8.448282241821289,5.9013895988464355,14.124454498291016,6.531335353851318,-5.602705955505371,6.112581729888916,0.46207284927368164,6.094458103179932,-6.717184066772461,5.941969871520996,0.9732173085212708,5.665208339691162,-0.9935485124588013,5.264012813568115,0.4704425036907196,0.26856622099876404,0.3119538128376007,0.06164246052503586,0.025924333974739908,0.07441932092231855,music/low_stream/Shearer - 01. SHEARER-Repsol's dirty dreams.mp3,0,,0,Shearer,01. SHEARER-Repsol's dirty dreams,archive_low_download,790.0,low_stream,0.0
203.10249433106577,30.0,95.703125,C minor,784.3837574612771,258.5210356068107,1292.4088516471556,1283.413045778209,0.034416269591718264,0.01130198703929022,-242.0878448486328,53.35903549194336,186.10235595703125,23.595497131347656,10.525248527526855,17.36276626586914,12.997990608215332,14.171000480651855,12.413130760192871,7.955690383911133,7.724614143371582,10.514425277709961,-0.2284223735332489,8.50806713104248,-2.862337112426758,6.3147149085998535,-6.565281391143799,6.588537216186523,-1.836134433746338,7.508946418762207,-7.699589729309082,8.338079452514648,-4.608823776245117,6.5162835121154785,-4.558660984039307,6.530815601348877,0.2845052480697632,0.29353415966033936,0.11894979327917099,0.03977752849459648,0.08507701000539317,0.23149892620611154,music/low_stream/Wenis - 07 Lady Luck.mp3,0,,0,Wenis,07 Lady Luck,archive_low_download,771.0,low_stream,0.0
434.8353514739229,30.0,123.046875,G# minor,1099.1159522137266,330.9172636755965,2194.4033974095396,2245.9920184945795,0.013726296439628484,0.010315395471470038,-242.1519012451172,86.93988800048828,99.10982513427734,29.850624084472656,52.92049789428711,37.21530532836914,40.66617965698242,15.916532516479492,24.292699813842773,8.276956558227539,22.68351936340332,9.155412673950195,23.474355697631836,5.569268226623535,17.004011154174805,6.192873477935791,9.838522911071777,5.426693916320801,12.353114128112793,4.330017566680908,9.904977798461914,6.0735039710998535,9.684342384338379,5.854941368103027,3.8818230628967285,4.849238395690918,0.6135786771774292,0.23083513975143433,0.18296033143997192,0.06663788110017776,0.03169405962632201,0.09066893055329989,music/low_stream/Spettro Records - 11 Crack in the Air.mp3,0,,0,Spettro Records,11 Crack in the Air,archive_low_download,953.0,low_stream,0.0
119.32,30.0,123.046875,G# minor,2152.3995964213195,695.8774884860675,5399.000686314822,2588.6106262048806,0.06874032507739938,0.06806072688245028,-174.10015869140625,83.06800842285156,97.86680603027344,27.47272300720215,17.599531173706055,20.776845932006836,28.725589752197266,13.48975944519043,13.702083587646484,12.110014915466309,25.31158447265625,11.891114234924316,-20.786865234375,12.431075096130371,27.581554412841797,8.640213012695312,-8.974766731262207,8.309386253356934,12.247044563293457,7.422979354858398,-0.4640849530696869,6.441961765289307,4.0099873542785645,7.106161594390869,-8.225252151489258,7.462609767913818,0.39684346318244934,0.300515741109848,0.10496624559164047,0.0368230864405632,0.051196536324803754,0.15316512255705905,music/low_stream/Fossil Fuel - 12-fossil_fuel-libraries_are_stupid.mp3,0,,0,Fossil Fuel,12-fossil_fuel-libraries_are_stupid,archive_low_download,896.0,low_stream,0.0
718.5960770975057,30.0,0.0,D# major,330.01157190452244,319.1385950393782,514.1468910240906,504.5557857830317,0.018390289401122292,0.012473719912779839,-501.4447021484375,41.04128646850586,172.51673889160156,40.405120849609375,74.59881591796875,13.666376113891602,22.119709014892578,7.354921817779541,17.72845458984375,6.434666156768799,20.365835189819336,8.941901206970215,19.090133666992188,11.351425170898438,19.41058349609375,8.151616096496582,14.689181327819824,4.842170238494873,0.9186198115348816,4.030135631561279,-10.929826736450195,5.815274715423584,-12.23632526397705,6.333691596984863,-7.515164852142334,4.758133411407471,0.25314509868621826,0.30677467584609985,0.0458163246512413,0.018471501767635345,0.10185157289357659,0.3307281859468063,music/low_stream/Cousin Silas - 05_Cousin-Silas_-_Micro-Dronescape-005.mp3,0,,0,Cousin Silas,05_Cousin-Silas_-_Micro-Dronescape-005,archive_low_download,873.0,low_stream,0.0
267.9657369614512,30.0,123.046875,E minor,989.2227965453137,748.6790932115473,1981.3880188177245,1180.3574401013764,0.046918839493034055,0.03711915899023113,-189.45957946777344,135.9842071533203,173.0479736328125,64.6764907836914,21.898420333862305,48.22323989868164,21.893077850341797,16.346065521240234,12.722946166992188,11.76916217803955,12.274036407470703,12.094018936157227,-1.2545559406280518,10.153493881225586,5.655745506286621,12.117626190185547,-4.897039890289307,6.459977149963379,-0.213695228099823,9.144455909729004,-4.781024932861328,7.65183162689209,-3.2497267723083496,11.756378173828125,-5.451830863952637,8.267671585083008,0.4377683103084564,0.30524104833602905,0.24414081871509552,0.09942588210105896,0.03122456934238199,0.12033319621889119,music/low_stream/Earl Grey - 10.Fly (2).mp3,0,,0,Earl Grey,10.Fly,archive_low_download,848.0,low_stream,0.0
446.0404535147392,30.0,151.99908088235293,G major,866.0554710077806,275.57360660306404,1804.7140871408185,1366.025964728298,0.02545902972619969,0.01584534621727818,-218.25631713867188,41.11933898925781,161.4066619873047,19.875368118286133,-12.352668762207031,11.67076301574707,41.900997161865234,11.994274139404297,17.635892868041992,11.544554710388184,10.5777587890625,8.394027709960938,8.633817672729492,7.397920608520508,10.643893241882324,8.052081108093262,2.9494616985321045,9.151008605957031,9.169313430786133,9.188868522644043,0.9344229102134705,8.264803886413574,-1.392986536026001,7.682912826538086,-3.459343433380127,6.3645219802856445,0.42500776052474976,0.31671273708343506,0.14007046818733215,0.0487293116748333,-0.028113020114046622,0.11919396043406276,music/low_stream/The Avant Garde of Sussex County - brennanworldwidectrackthree_64kb.mp3,0,,0,The Avant Garde of Sussex County,brennanworldwidectrackthree_64kb,archive_low_download,794.0,low_stream,0.0
77.64705215419501,30.0,66.25600961538461,B major,572.3548716126701,257.6757578797862,897.0612422600619,1295.1811473077198,0.01576747835236068,0.010121979943633215,-351.8717346191406,35.97349166870117,172.5567169189453,23.138935089111328,28.122013092041016,15.168084144592285,25.791269302368164,19.254587173461914,27.45786476135254,10.342606544494629,26.62041664123535,10.115911483764648,16.832740783691406,11.553550720214844,14.676016807556152,7.167908668518066,12.762310981750488,5.63612699508667,5.829927921295166,5.724398612976074,0.6825746893882751,7.593094825744629,6.720455169677734,6.752129554748535,-1.030972957611084,6.594197750091553,0.45070627331733704,0.2740064561367035,0.06503039598464966,0.018052680417895317,-0.17198757044278007,0.2805962563374018,music/low_stream/Cairo Braga - 01-Cairo_Braga-Morte_na_Praia.mp3,0,,0,Cairo Braga,01-Cairo_Braga-Morte_na_Praia,archive_low_download,931.0,low_stream,0.0
364.568875,30.0,89.10290948275862,F minor,3698.3063181471384,900.7360721524166,7842.935908172891,3188.229530931807,0.18707143116292568,0.1057470727793266,-48.414527893066406,78.0865707397461,46.81459045410156,28.536251068115234,10.87885856628418,19.686767578125,3.2378032207489014,19.11417007446289,6.290280818939209,13.712284088134766,8.153712272644043,10.180460929870605,-3.733793020248413,8.859712600708008,-3.4530880451202393,8.266200065612793,-8.48630428314209,11.129575729370117,-10.76826000213623,10.161630630493164,-9.73473072052002,8.524521827697754,-0.3632042109966278,5.98829984664917,-2.3718442916870117,6.900972366333008,0.3588128685951233,0.2995010018348694,0.16992498934268951,0.0539456345140934,0.025510636583599887,0.12129939820885899,music/low_stream/Unknown - SIDE_B.03.TypeMars - Emotion Burst.mp3,0,,0,Unknown,SIDE_B.03.TypeMars - Emotion Burst,archive_low_download,887.0,low_stream,0.0
193.09714285714287,30.0,92.28515625,A# major,3366.2981227550977,494.75513549394753,5538.5665090460525,2357.1393239081985,0.23327712304082818,0.04930526784305451,-62.98894119262695,73.88565063476562,30.43324851989746,16.717073440551758,3.171125650405884,9.357925415039062,87.24220275878906,18.232769012451172,-1.2995001077651978,7.353764057159424,2.1934545040130615,5.714633941650391,1.5668632984161377,6.311120986938477,1.5368810892105103,5.525351047515869,2.862501859664917,5.695497512817383,1.8502414226531982,4.403696060180664,-6.62078857421875,5.827826499938965,5.55402135848999,3.988736152648926,-6.2017998695373535,5.593600273132324,0.6012669801712036,0.23965704441070557,0.1377831995487213,0.030376149341464043,-0.008380851230572252,0.08795364065324081,music/low_stream/IRISH-METAL ARCHIVE - 4WaysOut_-_CompOfKerryBands_-_03_TwiceBitten_-_DeathToMyEnemies.mp3,0,,0,IRISH-METAL ARCHIVE,4WaysOut_-_CompOfKerryBands_-_03_TwiceBitten_-_DeathToMyEnemies,archive_low_download,857.0,low_stream,0.0
157.49428571428572,30.0,129.19921875,D# major,2774.994799408277,1426.1768519359928,5627.115973599555,2584.5862235291697,0.12369388544891641,0.13096608270881202,-171.2541046142578,124.0222396850586,65.04981994628906,59.10092544555664,12.001350402832031,37.80376434326172,25.8031063079834,24.57025718688965,4.327026844024658,20.653841018676758,17.73226547241211,15.383011817932129,1.0810221433639526,12.894577026367188,11.735729217529297,11.666316032409668,1.2265645265579224,8.95768928527832,8.68479061126709,7.0228447914123535,0.26139381527900696,7.99413537979126,4.705885410308838,8.274134635925293,0.9578220844268799,5.786078453063965,0.5965861082077026,0.26461538672447205,0.11515345424413681,0.05784822627902031,0.023827213340756208,0.12371522998016347,music/low_stream/Notorious Twins - 04_Notorious_Twins_-_Vintage_Chic.mp3,0,,0,Notorious Twins,04_Notorious_Twins_-_Vintage_Chic,archive_low_download,762.0,low_stream,0.0
94.32780045351474,30.0,95.703125,D# minor,3025.3635134419474,562.3198100384694,6157.946097075755,2585.561209779644,0.13524483601006193,0.06827840965202438,-122.34846496582031,41.17425537109375,57.65741729736328,19.247718811035156,-18.010286331176758,12.049660682678223,34.90517807006836,10.35595703125,-14.920462608337402,8.5132474899292,25.01569175720215,9.942045211791992,-12.2199068069458,10.166373252868652,23.734277725219727,9.299659729003906,-3.074967861175537,7.163576126098633,29.527265548706055,8.440006256103516,-0.021471548825502396,8.920650482177734,16.96776580810547,7.656465530395508,4.118234157562256,7.152803421020508,0.40692123770713806,0.30015939474105835,0.09699109941720963,0.04066967964172363,0.004210575476215232,0.055471702496225635,music/low_stream/pañirez yufla - 01_Achalaw_la_cool_Raymi_64kb.mp3,0,,0,pañirez yufla,01_Achalaw_la_cool_Raymi_64kb,archive_low_download,984.0,low_stream,0.0
181.74952083333332,30.0,129.19921875,D# minor,2166.4573730334573,556.1400032087138,4681.363359102893,2441.7361367893036,0.03659652851683436,0.020584405363948084,-151.8804473876953,42.22130584716797,75.56611633300781,25.742107391357422,-5.2097907066345215,10.812261581420898,51.06983947753906,9.23567008972168,15.075394630432129,6.806484699249268,18.001956939697266,8.103031158447266,11.167224884033203,6.85975980758667,5.422879695892334,6.302241802215576,-7.502772331237793,7.3868608474731445,9.593351364135742,6.120567798614502,-11.602832794189453,6.962214946746826,2.049098253250122,6.352343559265137,-10.430033683776855,6.5872697830200195,0.37401077151298523,0.32452937960624695,0.12354940176010132,0.059230703860521317,-0.014515774577911754,0.08998130080051021,music/low_stream/Carsten Brase und die intoleranten Hater - 03_kreislauf091.mp3,0,,0,Carsten Brase und die intoleranten Hater,03_kreislauf091,archive_low_download,988.0,low_stream,0.0
49.92,30.0,69.83741554054055,C minor,1594.3406437262204,650.2420523266198,3569.8117471700853,2172.2282764737274,0.051887441345781736,0.0537127033168241,-104.90587615966797,86.44844818115234,118.28703308105469,35.250057220458984,4.796546936035156,26.096261978149414,24.45229148864746,17.93709945678711,4.8151702880859375,11.730735778808594,18.92946434020996,10.46907901763916,5.247293472290039,8.645628929138184,12.736246109008789,6.287780284881592,3.994171619415283,7.71107292175293,14.5859375,7.4392170906066895,0.1801004856824875,6.481923580169678,10.820924758911133,5.478487968444824,3.302258253097534,6.382763862609863,0.5404759049415588,0.26083409786224365,0.24197229743003845,0.11342650651931763,0.022524405242573126,0.0611239462739053,music/low_stream/PKA - 10-the_blood_soaked-80s.mp3,0,,0,PKA,10-the_blood_soaked-80s,archive_low_download,902.0,low_stream,0.0
289.2254195011338,30.0,80.74951171875,G minor,2549.355739125168,2027.2987687157301,4950.553398014222,2075.135231243728,0.14465898921246131,0.17103377968588715,-124.10662841796875,248.79922485351562,14.397703170776367,15.430590629577637,-4.8666672706604,12.7002534866333,11.985323905944824,7.4418864250183105,5.094554901123047,8.237580299377441,8.729879379272461,4.891852855682373,3.5922231674194336,8.061598777770996,6.71455717086792,5.347223281860352,5.959772109985352,5.09404182434082,7.981730937957764,4.780882358551025,0.723949134349823,9.030452728271484,8.91004753112793,3.6508264541625977,6.027407169342041,4.711008548736572,0.623237669467926,0.3086507320404053,0.6855903267860413,0.25863197445869446,-0.008062386185585765,0.13134622363456872,music/low_stream/RedSK - 02Redsk-OpenSoresOpenSoresOpenSores.mp3,0,,0,RedSK,02Redsk-OpenSoresOpenSoresOpenSores,archive_low_download,994.0,low_stream,0.0
116.0980045351474,30.0,135.99917763157896,F minor,1252.2581153867038,521.0833782758707,2675.217156661184,2036.354902075484,0.02131090666118421,0.011267640683665486,-89.52918243408203,85.13411712646484,136.22059631347656,31.07093048095703,25.181621551513672,28.856998443603516,20.872438430786133,15.267812728881836,7.737253189086914,15.5016450881958,8.982840538024902,12.459615707397461,0.8909225463867188,9.134868621826172,2.984273672103882,8.446572303771973,2.512160062789917,8.502219200134277,6.098047256469727,7.094203472137451,3.757195234298706,6.551245212554932,5.221622467041016,6.310114860534668,3.091285467147827,6.31556510925293,0.5617005228996277,0.27650681138038635,0.40062588453292847,0.15270183980464935,0.0063866990735097825,0.021743837854734008,music/low_stream/Dark DJ - 12.Auregan.mp3,0,,0,Dark DJ,12.Auregan,archive_low_download,999.0,low_stream,0.0
21.881995464852608,21.881995464852608,135.99917763157896,G major,331.2132995813098,315.6595200450245,488.32189695453343,679.7808928599904,0.016756383384146343,0.006553608047094928,-349.38116455078125,74.19865417480469,164.65419006347656,47.273582458496094,80.44222259521484,30.685373306274414,45.68750762939453,24.3597354888916,32.795536041259766,18.202484130859375,30.108123779296875,13.684496879577637,23.323345184326172,11.054924011230469,13.882245063781738,10.459081649780273,4.221189022064209,12.346063613891602,0.9149905443191528,11.907697677612305,1.8773542642593384,10.358861923217773,4.585594177246094,10.306157112121582,3.7442665100097656,9.778740882873535,0.33328133821487427,0.2984505295753479,0.2438661754131317,0.09693507850170135,0.016771891498946607,0.1479033049114931,music/low_stream/Malaventura - 13_algoritmo_jilguero.mp3,0,,0,Malaventura,13_algoritmo_jilguero,archive_low_download,809.0,low_stream,0.0
258.0,30.0,161.4990234375,C major,2761.6933607847723,284.973338943378,5189.1686218072755,2419.8793384394507,0.1453316986745356,0.043996663564643504,-89.22863006591797,56.71416091918945,59.347198486328125,11.896270751953125,-10.415632247924805,18.43474006652832,69.5431137084961,18.902843475341797,-5.72537899017334,12.984457969665527,-1.3621063232421875,10.618063926696777,7.281762599945068,12.992721557617188,4.954777240753174,9.75249195098877,10.818575859069824,7.013400077819824,4.256014823913574,6.947485446929932,5.421513557434082,5.498656749725342,9.051158905029297,6.551462173461914,-6.586483001708984,6.53594970703125,0.39286813139915466,0.28920307755470276,0.14264635741710663,0.04021972790360451,0.020267319141604602,0.11340034147173937,music/low_stream/Wildness Records - 03-Cricothyroidotomy.mp3,0,,0,Wildness Records,03-Cricothyroidotomy,archive_low_download,856.0,low_stream,0.0
111.82730158730159,30.0,161.4990234375,E minor,2700.715972419136,1140.8367334977356,5748.823570983698,2632.4883358372,0.12361376499613003,0.08512311363683361,-185.4795379638672,217.7928009033203,54.51586151123047,34.07315444946289,10.713727951049805,20.82384490966797,14.335676193237305,11.606307029724121,14.821815490722656,10.504199981689453,7.0235915184021,8.966825485229492,4.02112340927124,10.882562637329102,4.616635799407959,7.75422477722168,3.9523777961730957,7.003340721130371,0.961822509765625,6.083815097808838,-2.015146017074585,4.622803688049316,-0.31935498118400574,4.570212364196777,-2.5531468391418457,5.354969501495361,0.60258948802948,0.2396286278963089,0.21829771995544434,0.2674044668674469,0.0011237260730065798,0.04663568752875831,music/low_stream/various artists - FW036-10_HeskinRadiophonic_AWhisperIsNeverEnough_vbr.mp3,0,,0,various artists,FW036-10_HeskinRadiophonic_AWhisperIsNeverEnough_vbr,archive_low_download,784.0,low_stream,0.0
64.05224489795918,30.0,129.19921875,F minor,1174.5269304105518,372.0348912720277,2576.867751366583,1610.033086969565,0.04141736104392415,0.02176132974859006,-214.93716430664062,67.20458221435547,138.9611358642578,23.668766021728516,-12.189006805419922,15.1608304977417,56.27178192138672,14.79825496673584,16.626073837280273,8.584179878234863,0.8122598528862,7.828847408294678,11.592853546142578,9.152286529541016,7.508123874664307,9.056591987609863,-11.330334663391113,9.618990898132324,8.638689994812012,9.097845077514648,-11.074392318725586,7.391274452209473,-6.069471836090088,7.025971412658691,-1.208805799484253,5.689953327178955,0.3711507022380829,0.3189634680747986,0.11220575124025345,0.05417897179722786,0.02091930613242821,0.11131222798139989,music/low_stream/The Avant Garde of Sussex County - brennanworldwideatrackone_vbr.mp3,0,,0,The Avant Garde of Sussex County,brennanworldwideatrackone_vbr,archive_low_download,794.0,low_stream,0.0
176.0,30.0,67.99958881578948,C major,1366.153608454322,471.7180331391366,3063.2898100389416,1898.0562387660027,0.055091125677244585,0.021570229717573115,-263.3587646484375,90.71888732910156,127.52145385742188,25.977127075195312,13.499981880187988,24.787858963012695,46.02086639404297,20.68981170654297,-4.751291751861572,14.166789054870605,4.837133407592773,10.289464950561523,2.8445701599121094,11.542675018310547,-8.026591300964355,10.705035209655762,-2.2576828002929688,9.37601089477539,-0.8647474050521851,8.775762557983398,-5.552391052246094,9.294293403625488,0.8987721800804138,8.694900512695312,-2.0828678607940674,9.268184661865234,0.31276655197143555,0.29777124524116516,0.0563393160700798,0.025340717285871506,0.06603959310269161,0.1424777951696641,music/low_stream/Thomas Park - Track20210521081238738438.42.mp3,0,,0,Thomas Park,Track20210521081238738438.42,archive_low_download,874.0,low_stream,0.0
168.39873015873016,30.0,161.4990234375,D minor,2492.05682156744,583.4481836326617,5504.750046862906,2495.55696440557,0.10995587328270123,0.07487268396423914,-102.80181884765625,111.71157836914062,83.59822082519531,19.980520248413086,-1.2931057214736938,13.21886157989502,49.61165237426758,11.61189079284668,-11.770439147949219,9.665148735046387,25.55047607421875,8.393640518188477,-10.710444450378418,7.410202980041504,14.345627784729004,8.153027534484863,-10.898726463317871,6.10371208190918,10.581242561340332,6.239490509033203,-10.86384391784668,6.294315338134766,10.23464584350586,5.733874797821045,-9.42641830444336,5.629590034484863,0.5359067320823669,0.26138266921043396,0.13776591420173645,0.05946842581033707,-0.009086682283643534,0.05183083606790935,music/low_stream/Charles Rice Goff III - 01Powder.mp3,0,,0,Charles Rice Goff III,01Powder,archive_low_download,834.0,low_stream,0.0
305.5861678004535,30.0,129.19921875,G# major,1072.7901555252035,247.58577987264468,2406.4354486140674,1809.2415185250218,0.023668413191756967,0.013354374607278691,-519.6029052734375,91.94258117675781,120.71062469482422,19.127225875854492,21.38324546813965,11.044709205627441,39.80734634399414,9.92855453491211,11.817395210266113,8.303956985473633,25.550296783447266,7.587573528289795,5.179127216339111,6.739310264587402,15.81475830078125,5.874005317687988,1.2552812099456787,5.453934192657471,9.095816612243652,4.972177505493164,-0.7925646305084229,4.312032222747803,4.163046836853027,4.013076305389404,-1.8659029006958008,3.6208176612854004,0.3110933005809784,0.29241853952407837,0.0068707759492099285,0.006075190380215645,0.045544438241678566,0.1438337581860766,music/low_stream/circle around the zero - 01FirstTruth_64kb.mp3,0,,0,circle around the zero,01FirstTruth_64kb,archive_low_download,939.0,low_stream,0.0
140.978231292517,30.0,78.30255681818181,B major,1884.0177310392207,797.9637644282407,4187.499678762336,2236.356600992422,0.0327261815499226,0.029813200395596127,-187.3805389404297,75.08856201171875,97.3366928100586,37.731082916259766,2.9930877685546875,17.070091247558594,36.50148010253906,13.267629623413086,2.9662206172943115,14.091574668884277,15.233561515808105,13.78969955444336,0.09278514981269836,12.02673053741455,5.192739009857178,10.267995834350586,-0.5754666924476624,11.846222877502441,-1.8949650526046753,11.450700759887695,-5.400058746337891,10.494531631469727,0.2665611207485199,8.068055152893066,-4.505242824554443,10.181926727294922,0.40379253029823303,0.32290950417518616,0.11263605952262878,0.0880424752831459,-0.0297809398806118,0.15237137645207038,music/low_stream/massju - WaW008-03-massju-Aeration.mp3,0,,0,massju,WaW008-03-massju-Aeration,archive_low_download,898.0,low_stream,0.0
756.4324716553288,30.0,123.046875,G# major,1349.6028995992704,415.0272387224892,3101.606245011368,2093.20458529463,0.025937484882933435,0.015655242686288165,-188.32366943359375,67.4185562133789,103.00249481201172,13.230208396911621,11.377869606018066,11.775050163269043,37.68381881713867,10.6339111328125,1.8869153261184692,4.973307132720947,27.330482482910156,7.01516056060791,0.3262801468372345,3.9777092933654785,11.312525749206543,3.5658280849456787,3.1595911979675293,3.663722276687622,4.773410320281982,3.6526224613189697,0.7319260239601135,3.803340196609497,-2.623441696166992,5.204367637634277,-2.3496131896972656,3.3889706134796143,0.2583743631839752,0.3262324631214142,0.20625801384449005,0.08441146463155746,0.08920929822685349,0.30987355963212593,music/low_stream/S KU M X TKno BeurK - S KU M X TKno BeurK - The End Ov Thee Whirled Suites - 04 End Of Thee Whirled Remix.mp3,0,,0,S KU M X TKno BeurK,S KU M X TKno BeurK - The End Ov Thee Whirled Suites - 04 End Of Thee Whirled Remix,archive_low_download,876.0,low_stream,0.0
386.1420408163265,30.0,184.5703125,C# major,1117.096770460734,757.0114705670134,1728.5312144748937,1267.3357743266808,0.0650661220491486,0.03830091784315442,-387.8770446777344,89.61405944824219,168.05130004882812,57.39790725708008,-7.480044841766357,22.431842803955078,-45.1764030456543,19.425655364990234,6.503619194030762,12.331537246704102,8.711421012878418,5.575023174285889,-0.21741195023059845,5.983276844024658,18.09708023071289,7.145853042602539,1.459756851196289,10.812917709350586,5.963586807250977,9.038398742675781,-0.755995512008667,11.994316101074219,6.510168552398682,8.142465591430664,-3.4886138439178467,8.449472427368164,0.2605362832546234,0.32792389392852783,0.030923642218112946,0.02032334916293621,-0.047499458380436115,0.24478392017059897,music/low_stream/f393n6 - 06f393n6CoffeeCigaretteAnd6M.mp3,0,,0,f393n6,06f393n6CoffeeCigaretteAnd6M,archive_low_download,929.0,low_stream,0.0
321.80850340136055,30.0,151.99908088235293,A minor,2320.726185885854,676.3125475160383,4661.80514403541,2177.4629792949354,0.10952050176567338,0.05417361629993996,-88.78881072998047,52.868019104003906,95.10066986083984,27.133419036865234,-36.7559928894043,33.71672821044922,34.80678939819336,17.863147735595703,-5.306464672088623,14.480378150939941,17.318632125854492,8.260749816894531,7.960309982299805,8.73582649230957,5.309673309326172,9.471505165100098,-5.889261245727539,7.383596420288086,6.716272830963135,10.192505836486816,0.9493268132209778,9.22701644897461,6.431417465209961,7.425436019897461,2.4302210807800293,6.351680755615234,0.42175379395484924,0.3056207001209259,0.14658784866333008,0.05486217513680458,0.01779603962220949,0.11627573958963074,music/low_stream/Senmuth - 06_-_Kniga_Dvukh_Putey-_Kitab_al-Mayyit_remixed.mp3,0,,0,Senmuth,06_-_Kniga_Dvukh_Putey-_Kitab_al-Mayyit_remixed,archive_low_download,849.0,low_stream,0.0
184.9862358276644,30.0,107.666015625,C minor,2058.336388477134,1236.6201882376806,4468.5813124334845,2271.420223903129,0.04781150227360681,0.025253654336382506,-313.53717041015625,49.29133987426758,83.92782592773438,40.51466369628906,-2.053218126296997,26.23432731628418,12.110169410705566,16.11197853088379,3.2500195503234863,12.297724723815918,-6.359436988830566,12.72542667388916,-11.8604736328125,11.82829761505127,-16.001296997070312,11.990156173706055,-15.929882049560547,11.62452507019043,-12.90101146697998,12.876178741455078,-16.661209106445312,12.639188766479492,-17.257915496826172,10.002047538757324,-15.349872589111328,10.257872581481934,0.3178832530975342,0.31170904636383057,0.047543421387672424,0.06291817873716354,0.05040819934346597,0.2274596780172621,music/low_stream/crazy language - cl008_04-huron_-_deeply_science.mp3,0,,0,crazy language,cl008_04-huron_-_deeply_science,archive_low_download,916.0,low_stream,0.0
329.591746031746,30.0,117.45383522727273,F# minor,1964.7057447366117,181.89230408534291,2689.558736606279,1043.4289652324628,0.16684857536764705,0.015953995142038505,-326.2181091308594,67.80998992919922,92.53400421142578,20.750946044921875,-150.53294372558594,25.35922622680664,-6.532591819763184,14.51864242553711,-13.871471405029297,18.781457901000977,-19.788433074951172,12.649836540222168,-34.94406509399414,13.870392799377441,-26.36591148376465,11.933792114257812,-7.8430047035217285,10.01582145690918,-14.54383373260498,11.543479919433594,-12.413677215576172,7.7964982986450195,-8.106607437133789,11.316112518310547,-3.488640308380127,8.316357612609863,0.30948004126548767,0.30046141147613525,0.034000035375356674,0.0146231260150671,-0.05105990877969366,0.18208430359058628,music/low_stream/Dither Craf - MesozoicBlues.mp3,0,,0,Dither Craf,MesozoicBlues,archive_low_download,949.0,low_stream,0.0
2095.5700453514737,30.0,117.45383522727273,D minor,3624.8866480675542,244.81942837200413,7142.090146091331,2816.0408902454733,0.2701748591089396,0.04332190188290231,131.97361755371094,11.313459396362305,40.37664031982422,9.503911972045898,-24.41752052307129,6.981851577758789,4.7953572273254395,5.112417221069336,-5.316934585571289,5.8225202560424805,7.888628959655762,5.211037635803223,1.4182918071746826,4.687244415283203,4.735071659088135,4.391303062438965,-5.730792045593262,4.804826259613037,-4.07074499130249,4.757131099700928,-6.674455642700195,4.931912899017334,1.1302189826965332,4.800600051879883,-3.8580217361450195,4.956856727600098,0.35335859656333923,0.27975690364837646,0.5580940842628479,0.041012056171894073,-0.0014477800109491646,0.08722030980493906,music/low_stream/Dr. NoiseM Tapes - 17-1. Dr. NoiseM - Banjo Boy (Flexi-Terror Mix).mp3,0,,0,Dr. NoiseM Tapes,17-1. Dr. NoiseM - Banjo Boy (Flexi-Terror Mix),archive_low_download,805.0,low_stream,0.0
372.4503174603175,30.0,123.046875,G major,954.9618930581867,792.8793714483386,2031.3127169299053,1655.8802383359418,0.013865751378676471,0.011433755213988426,-166.28318786621094,91.28713989257812,154.83148193359375,42.369441986083984,37.305606842041016,27.493261337280273,15.350676536560059,15.756103515625,16.15471076965332,14.526457786560059,9.538091659545898,12.21915340423584,8.821380615234375,9.56631851196289,13.806193351745605,11.580078125,10.329954147338867,7.471205234527588,11.894015312194824,6.932259559631348,7.272101879119873,9.472888946533203,12.938386917114258,7.434075832366943,6.619736194610596,7.863649368286133,0.6167393326759338,0.2545803189277649,0.3920464515686035,0.05639466643333435,-0.06257407419213094,0.1441627890132332,music/low_stream/Deep-X Recordings - deepx335-04_-_Xen_Mayer_-_Bishop.mp3,0,,0,Deep-X Recordings,deepx335-04_-_Xen_Mayer_-_Bishop,archive_low_download,840.0,low_stream,0.0
99.00371882086168,30.0,143.5546875,F major,1587.9981774456844,346.2471826639796,2416.652053502322,1350.4861693047417,0.1090824847619969,0.04678527133047902,-548.1924438476562,119.91825866699219,118.08488464355469,41.263057708740234,-47.82740783691406,46.060699462890625,-22.171571731567383,28.963943481445312,15.008062362670898,29.971412658691406,36.9466667175293,15.098745346069336,2.324272871017456,24.598892211914062,10.873907089233398,13.529923439025879,17.788272857666016,13.161718368530273,8.192460060119629,11.686457633972168,4.858470439910889,10.61546516418457,8.119976997375488,10.632467269897461,7.9902191162109375,11.984033584594727,0.2625948190689087,0.3223642110824585,0.008909755386412144,0.008339070715010166,0.07325533844694795,0.14285507420305762,music/low_stream/BLUnderwood - 11_Klaxon_64kb.mp3,0,,0,BLUnderwood,11_Klaxon_64kb,archive_low_download,892.0,low_stream,0.0
278.2692970521542,30.0,92.28515625,G# major,1126.802959438321,738.1151716372066,2453.90182825803,1406.5451843367866,0.048138786764705885,0.034048063896615736,-186.6507568359375,81.55892181396484,148.68824768066406,37.5108757019043,-12.863082885742188,29.844358444213867,50.36128234863281,15.611268997192383,26.29246711730957,15.70745849609375,-1.7255065441131592,16.10809898376465,9.140708923339844,12.537437438964844,11.250195503234863,10.61448860168457,2.588493824005127,8.708477973937988,-2.527493476867676,12.88980770111084,5.495805740356445,7.822333335876465,10.3550443649292,11.005331039428711,-7.4366230964660645,6.847325801849365,0.3531031608581543,0.3070738613605499,0.18662743270397186,0.09574159234762192,0.07450460375336798,0.28556275825755906,music/low_stream/MYRDAL - 02 Alive tonight.mp3,0,,0,MYRDAL,02 Alive tonight,archive_low_download,841.0,low_stream,0.0
393.97877551020406,30.0,123.046875,C minor,571.7897555824753,962.3821517013758,1159.4596555727553,786.5896553196842,0.01615107391640867,0.016865689942600876,-357.79595947265625,132.28521728515625,81.76902770996094,47.703487396240234,52.439212799072266,31.919641494750977,56.81483840942383,16.40609359741211,41.8021125793457,18.752519607543945,40.34492874145508,7.840836524963379,27.541973114013672,15.07178020477295,26.60359764099121,9.980277061462402,20.656526565551758,11.149467468261719,17.51871109008789,8.334844589233398,14.49658203125,7.031278610229492,11.783309936523438,5.77364444732666,8.089971542358398,6.345020294189453,0.368256151676178,0.34270206093788147,0.24632735550403595,0.1303986757993698,0.06707894228556298,0.0971666398471309,music/low_stream/Pherox - Pherox_Formaldehido_vbr.mp3,0,,0,Pherox,Pherox_Formaldehido_vbr,archive_low_download,801.0,low_stream,0.0
449.7691609977324,30.0,123.046875,B minor,448.8547278623013,369.84658453015675,767.0370284986939,831.6183063931611,0.013943604271478328,0.0108441294371353,-305.06195068359375,94.80976867675781,139.71868896484375,38.030540466308594,48.911190032958984,32.11880874633789,16.86900520324707,25.461650848388672,21.353403091430664,16.87841796875,25.56633949279785,13.734978675842285,12.945562362670898,10.3512544631958,11.81299877166748,6.628539562225342,9.444780349731445,7.444150924682617,7.660604476928711,6.264666557312012,5.4849534034729,7.768325328826904,5.028517723083496,7.202813625335693,3.3067846298217773,6.680456638336182,0.4815170466899872,0.3325323164463043,0.19994379580020905,0.1340269148349762,0.020369404391114777,0.08072056230783517,music/low_stream/Deep-X Recordings - deepx161-03_-_eM_-_Rrrr.mp3,0,,0,Deep-X Recordings,deepx161-03_-_eM_-_Rrrr,archive_low_download,959.0,low_stream,0.0
200.0969387755102,30.0,161.4990234375,D minor,337.3728608483324,133.4043282028158,529.6384640153348,733.198281649324,0.012848750725619196,0.008583592564419006,-393.29888916015625,56.17007064819336,195.0292205810547,27.321155548095703,46.84528732299805,27.90870475769043,24.704252243041992,12.329931259155273,8.872820854187012,17.606054306030273,24.154621124267578,11.569070816040039,14.522750854492188,9.302971839904785,7.000405788421631,9.559131622314453,11.400805473327637,5.600954055786133,-0.32710951566696167,11.50617790222168,6.116402626037598,7.051151752471924,6.903736591339111,6.218178749084473,2.3022468090057373,6.737503528594971,0.4315657615661621,0.312756210565567,0.06598959863185883,0.025312092155218124,0.0017372933452250725,0.08228569027905973,music/low_stream/Fabián Ramírez - 10.VisionsOfThePlaceThatWeVisitedBefore.mp3,0,,0,Fabián Ramírez,10.VisionsOfThePlaceThatWeVisitedBefore,archive_low_download,819.0,low_stream,0.0
75.8291156462585,30.0,161.4990234375,C minor,3154.346667516581,1271.4439357966783,6161.762740663699,2491.6103076696195,0.1761274308243034,0.10691531069722815,-206.171630859375,86.28089904785156,32.21103286743164,51.2487678527832,-37.60287094116211,37.904605865478516,40.97340774536133,27.65138816833496,12.545748710632324,12.867347717285156,-11.681806564331055,8.954813003540039,15.527155876159668,13.00759506225586,-14.817928314208984,10.852131843566895,-14.374103546142578,9.542499542236328,0.11866094172000885,10.49271011352539,-14.861671447753906,13.040639877319336,-2.3333401679992676,13.167380332946777,-18.838497161865234,12.843329429626465,0.32290685176849365,0.30134302377700806,0.09730251878499985,0.042972397059202194,0.0652407378432897,0.28116109011090695,music/low_stream/precocious mouse + d0x10 - 09-rmx2seq.mp3,0,,0,precocious mouse + d0x10,09-rmx2seq,archive_low_download,776.0,low_stream,0.0
218.4380045351474,30.0,129.19921875,D# minor,1911.8073509330818,860.0024927932146,4479.706245162539,2422.5036319411925,0.055945617864744585,0.034545200438858906,-118.69874572753906,92.91365051269531,102.62531280517578,31.608430862426758,32.76643371582031,18.760536193847656,42.68101119995117,11.082470893859863,0.9857030510902405,10.71599006652832,11.601314544677734,7.805347442626953,-8.747906684875488,8.279130935668945,6.584677696228027,6.60413932800293,-15.697182655334473,7.131682395935059,-2.226644515991211,7.623272895812988,-15.94218635559082,6.9959821701049805,3.7944819927215576,8.592187881469727,-8.344555854797363,6.188113689422607,0.34900563955307007,0.3080679774284363,0.215485617518425,0.1084873229265213,0.049495726626524315,0.16172963996957757,music/low_stream/Arnao - can_i_grow_one_day.mp3,0,,0,Arnao,can_i_grow_one_day,archive_low_download,826.0,low_stream,0.0
585.728,30.0,89.10290948275862,A# minor,1216.2247221790365,993.6930726441643,2657.392264445869,1808.9924663646195,0.018916741244195047,0.020075798537022623,-340.6358947753906,81.62393188476562,105.88490295410156,41.74684143066406,24.86665153503418,27.270679473876953,22.41937255859375,15.261239051818848,23.514575958251953,12.203543663024902,21.17099380493164,14.063969612121582,8.46456527709961,11.70586109161377,13.707106590270996,8.416106224060059,10.972966194152832,6.509720802307129,14.32541275024414,7.059276103973389,9.061631202697754,5.688029766082764,8.79270076751709,7.026595115661621,5.521334171295166,6.930758476257324,0.38288038969039917,0.33253777027130127,0.0812806487083435,0.06001923233270645,0.021101587212795873,0.19917833261015444,music/low_stream/Thomas Park - Blinkies_Live_29.mp3,0,,0,Thomas Park,Blinkies_Live_29,archive_low_download,826.0,low_stream,0.0
195.73551020408163,30.0,129.19921875,G major,1911.8392827146522,931.8387588981328,4325.940508296246,2203.330378154405,0.0549146339251161,0.02991093674743813,-64.65393829345703,106.59492492675781,108.04888153076172,36.97270202636719,-0.21769028902053833,24.973194122314453,38.74546813964844,12.58586311340332,6.1696672439575195,9.083882331848145,16.800140380859375,7.423636436462402,-1.1253336668014526,9.00843334197998,4.571435928344727,10.411665916442871,1.1185134649276733,7.050879955291748,4.352710247039795,8.444574356079102,-2.6086270809173584,8.701680183410645,-0.4408811330795288,10.100208282470703,-2.914400339126587,8.718525886535645,0.4075097143650055,0.305387407541275,0.3011593520641327,0.11953913420438766,0.00173694796105825,0.13111622529685793,music/low_stream/Insatiable Void - 03. Cryptic Entities (Original IV Version).mp3,0,,0,Insatiable Void,03. Cryptic Entities (Original IV Version),archive_low_download,901.0,low_stream,0.0
94.08725,30.0,129.19921875,F minor,1482.0710338290908,856.2489152834531,3087.3563311786475,1868.2888811739322,0.051133099724264705,0.046225980815789665,-150.20787048339844,70.31149291992188,123.23892211914062,36.00078582763672,1.3210986852645874,23.663188934326172,40.69391632080078,15.389443397521973,4.226459980010986,15.091909408569336,16.6845703125,10.182069778442383,-0.98032146692276,10.639890670776367,1.5454511642456055,9.575041770935059,-2.860811948776245,9.068323135375977,-6.592136859893799,10.040932655334473,1.7957208156585693,7.992409706115723,-2.590932846069336,9.07113265991211,-6.3519110679626465,7.750077247619629,0.29213106632232666,0.31191539764404297,0.19542674720287323,0.11413226276636124,0.01705857656531059,0.14270042748170617,music/low_stream/krai - 06 - Я как лестница.mp3,0,,0,krai,06 - Я как лестница,archive_low_download,785.0,low_stream,0.0
214.56562358276645,30.0,151.99908088235293,C major,2335.6954596601236,806.0605213502381,5466.000281177438,2639.740931951422,0.07338013073239164,0.05765981960635897,-160.3505859375,66.40949249267578,74.08915710449219,30.336496353149414,12.407979011535645,23.2601318359375,33.136680603027344,14.200546264648438,-0.17490297555923462,10.628663063049316,27.08022117614746,11.666030883789062,3.5219650268554688,10.671987533569336,13.821632385253906,8.92427921295166,-5.91940975189209,8.257941246032715,5.495343208312988,7.603573322296143,-0.8355761170387268,7.2998366355896,7.105276584625244,5.925511837005615,0.3787371516227722,5.851644515991211,0.48697546124458313,0.28745222091674805,0.10522894561290741,0.055170901119709015,0.05001454261256449,0.09100103416333731,music/low_stream/Senmuth - 05_-_Hiram_Bingem.mp3,0,,0,Senmuth,05_-_Hiram_Bingem,archive_low_download,830.0,low_stream,0.0
56.62897916666667,30.0,103.359375,C# major,1947.919211251166,450.3499176350239,4022.1173454733457,2063.142519612062,0.06737789945336688,0.027871847078475214,-195.19790649414062,69.86775970458984,95.76868438720703,22.736248016357422,-35.04692459106445,17.815994262695312,33.90525817871094,13.556197166442871,-9.05048942565918,8.410880088806152,-2.016376256942749,9.002346992492676,-10.326640129089355,8.500398635864258,-6.123951435089111,6.092166900634766,-10.780752182006836,7.830170631408691,-13.98682689666748,6.901725769042969,-21.163469314575195,5.6305646896362305,-14.565584182739258,6.793023586273193,-17.490034103393555,6.660898685455322,0.2664107084274292,0.3037618100643158,0.07614600658416748,0.030608810484409332,-0.010738870349672216,0.2150012656135286,music/low_stream/Madame George - mg-5-31-t23-connect_her.mp3,0,,0,Madame George,mg-5-31-t23-connect_her,archive_low_download,804.0,low_stream,0.0
423.4775056689342,30.0,123.046875,C minor,2198.865133467635,774.8924937957222,4606.6304776690695,2250.236220100339,0.09213700899767802,0.04910184416620511,-237.20181274414062,162.24600219726562,70.6198501586914,32.75593566894531,-5.7184648513793945,20.88665771484375,62.52021026611328,33.72666931152344,10.522195816040039,12.702730178833008,1.7467751502990723,8.777467727661133,8.565479278564453,8.120986938476562,-4.165130615234375,8.905999183654785,-0.5012651085853577,6.893158435821533,-4.064691543579102,7.026905059814453,-2.8685357570648193,5.77424430847168,5.0251312255859375,6.452591896057129,-14.386072158813477,8.18470573425293,0.3945932388305664,0.2982569932937622,0.07957351207733154,0.06288421154022217,0.056571377612682605,0.08999878699367365,music/low_stream/D.S.F.A - 03 - DROWN.mp3,0,,0,D.S.F.A.,03 - DROWN,archive_low_download,825.0,low_stream,0.0
212.5061224489796,30.0,129.19921875,A# major,1241.8045949015745,611.2967042485535,2483.1849845201236,1740.688603860807,0.044825503700657895,0.030762992489615507,-301.4617004394531,76.90815734863281,127.34790802001953,28.311630249023438,0.08822537213563919,22.192520141601562,29.842782974243164,16.610164642333984,11.516517639160156,18.909456253051758,11.8700590133667,15.804924011230469,7.937924861907959,14.766647338867188,4.619379997253418,12.240132331848145,-3.590123414993286,12.60699462890625,8.307038307189941,13.458788871765137,-0.009885049425065517,9.577619552612305,0.00208176183514297,10.279633522033691,1.1108415126800537,8.232751846313477,0.3346787393093109,0.3143223524093628,0.05798645690083504,0.029858872294425964,0.005091019771155226,0.16732720411554927,music/low_stream/Punky Donch - PunkyDonch08.mp3,0,,0,Punky Donch,PunkyDonch08,archive_low_download,824.0,low_stream,0.0
247.38102040816327,30.0,129.19921875,B minor,3543.184555129748,753.7342791960145,7096.257089904218,2916.2538240734575,0.20168585526315788,0.07206856687381656,-83.3098373413086,86.68266296386719,49.969093322753906,20.73138999938965,6.400157928466797,20.477218627929688,22.29220199584961,12.255154609680176,-0.33271151781082153,10.578851699829102,14.320216178894043,7.901592254638672,-1.610887050628662,9.496027946472168,10.486428260803223,6.378568172454834,2.64115571975708,7.186435699462891,7.762409687042236,6.396901607513428,1.0416444540023804,6.2254719734191895,5.757862567901611,6.220980167388916,-2.7015445232391357,6.10995626449585,0.580206036567688,0.24765966832637787,0.09011047333478928,0.039193376898765564,-0.011208047581946375,0.05572399363603992,music/low_stream/Reset Thinking - 1.WhooshSha.mp3,0,,0,Reset Thinking,1.WhooshSha,archive_low_download,937.0,low_stream,0.0
1829.565260770975,30.0,129.19921875,F# major,1038.7466966798222,330.4973558473955,1763.1310052546924,1104.6918434382958,0.0641126130756579,0.023820767424957687,-136.34939575195312,57.382591247558594,199.02728271484375,31.193857192993164,-33.325889587402344,30.342504501342773,-8.704134941101074,19.704797744750977,20.116416931152344,13.402706146240234,-8.609094619750977,15.846343040466309,-8.589911460876465,10.657511711120605,7.196579933166504,11.518516540527344,-14.723795890808105,11.189824104309082,-4.869297027587891,10.010336875915527,0.6464414596557617,8.910822868347168,-2.149890184402466,11.754002571105957,0.8662331700325012,11.493786811828613,0.32446181774139404,0.3189018964767456,0.2702784538269043,0.09799874573945999,-6.303763430093656e-05,0.09679030707442945,music/low_stream/Shambles Constant - FCC025 Lassiter's Caller Analysis.mp3,0,,0,Shambles Constant,FCC025 Lassiter's Caller Analysis,archive_low_download,894.0,low_stream,0.0
157.2091836734694,30.0,99.38401442307692,C# major,2806.778453535894,685.654215319347,5331.3094289679275,2442.5741614330805,0.15701794698142416,0.06413845176660511,-111.2947006225586,127.52838897705078,56.79450988769531,31.030101776123047,-31.775741577148438,22.659496307373047,17.578561782836914,22.12570571899414,12.314695358276367,10.5895357131958,0.6653848886489868,11.024872779846191,-0.7370488047599792,7.86721658706665,8.767857551574707,6.349501609802246,-2.179917335510254,7.321349143981934,0.630669116973877,7.436174392700195,-4.4593186378479,6.483989238739014,-8.662306785583496,5.7301506996154785,-14.996423721313477,5.935624122619629,0.4189499020576477,0.28698259592056274,0.15641549229621887,0.16166336834430695,-0.0464516579200159,0.12408381085775655,music/low_stream/sideation - taediumvitae004_09.mp3,0,,0,sideation,taediumvitae004_09,archive_low_download,905.0,low_stream,0.0
229.48469387755102,30.0,172.265625,F# major,1495.2894295735787,1066.4698589081615,2872.4159642269738,1669.713950827881,0.07162277174438854,0.07036696795683364,-215.90155029296875,118.435546875,125.82907104492188,40.9097785949707,4.914170742034912,45.36928939819336,42.036312103271484,25.066946029663086,1.608734369277954,18.041412353515625,10.391427993774414,13.944693565368652,-7.529632568359375,19.769582748413086,-2.752145290374756,13.793859481811523,-1.9537912607192993,10.333456039428711,-8.938447952270508,12.96580696105957,-7.944932460784912,9.321396827697754,0.7549744844436646,10.649052619934082,-9.612278938293457,9.640843391418457,0.41452300548553467,0.301913857460022,0.09923718869686127,0.06478168815374374,-0.005520030234492583,0.0649415456597628,music/low_stream/Ultramerda - 03 - L'eterna giovinezza.mp3,0,,0,Ultramerda,03 - L'eterna giovinezza,archive_low_download,861.0,low_stream,0.0
61.92580498866213,30.0,71.77734375,F major,741.2361098305727,166.55829668977265,1365.491743058243,818.7647470573013,0.045872360560178016,0.012860606398368953,-304.682373046875,82.76551818847656,212.49044799804688,37.39642333984375,-27.16338539123535,25.286401748657227,11.037689208984375,15.41799545288086,13.85058307647705,13.119641304016113,-1.3971563577651978,9.362886428833008,-0.12893232703208923,8.936044692993164,-3.6765806674957275,8.507549285888672,-1.7321820259094238,8.522964477539062,2.4740676879882812,6.644251823425293,1.706786870956421,7.03378963470459,-0.9360300302505493,7.4894118309021,0.1433122456073761,7.062541961669922,0.36674031615257263,0.29728779196739197,0.04972304776310921,0.022104360163211823,0.0024787017958210235,0.14355382458304852,music/low_stream/Kyland Holmes - Seattle_Session_2010_Track_22.mp3,0,,0,Kyland Holmes,Seattle_Session_2010_Track_22,archive_low_download,851.0,low_stream,0.0
905.8568707482993,30.0,143.5546875,D minor,1209.5985194785444,357.09697926503475,1792.5891604585913,1109.2771870973315,0.08831314701044891,0.0281890324154701,-328.28875732421875,122.91336822509766,137.79440307617188,42.26352310180664,-66.62679290771484,21.26947784423828,-9.302619934082031,6.325573444366455,-10.065150260925293,5.909797668457031,-3.574873208999634,5.575598239898682,-17.696474075317383,9.00955867767334,-24.707244873046875,9.272971153259277,-27.931537628173828,9.962911605834961,-5.523909091949463,6.383711338043213,-14.041508674621582,8.119242668151855,-4.182539463043213,5.030114650726318,6.50614070892334,4.998940944671631,0.35624659061431885,0.3144877851009369,0.03450135514140129,0.011901809833943844,-0.01761372954681479,0.19926066428296202,music/low_stream/George L Smyth - The Whirling Way.mp3,0,,0,George L Smyth,The Whirling Way,archive_low_download,952.0,low_stream,0.0
30.766054421768708,30.0,129.19921875,G minor,1912.836913299302,472.01269688030203,4053.0171586264028,2204.9080670561725,0.08221756784539473,0.043517039565966385,4.6522393226623535,71.74468231201172,109.09972381591797,21.361862182617188,-13.536874771118164,20.835002899169922,19.24374771118164,8.653139114379883,-2.976114273071289,8.818991661071777,19.209932327270508,7.8022003173828125,2.746925115585327,6.79939079284668,11.716349601745605,8.025879859924316,8.017782211303711,10.908394813537598,2.713033437728882,5.576056957244873,-3.1926968097686768,6.004343509674072,1.8707290887832642,4.672616004943848,-1.5831412076950073,5.781323432922363,0.4929317533969879,0.2819136083126068,0.34790489077568054,0.07950904220342636,0.013450385764027876,0.06433149567942135,music/low_stream/Third I - ThirdI01III.mp3,0,,0,Third I,ThirdI01III,archive_low_download,793.0,low_stream,0.0
649.7872108843537,30.0,143.5546875,C minor,1754.2112485047678,482.34173174295177,2998.190203687355,1674.3156468210113,0.11809565777380031,0.05287118482925087,-588.2868041992188,162.44351196289062,117.77295684814453,36.170894622802734,-48.947669982910156,48.85902404785156,19.310169219970703,40.6016731262207,-23.198766708374023,18.10344123840332,-10.608465194702148,16.818220138549805,-15.834416389465332,13.191780090332031,-8.851003646850586,11.843732833862305,-1.0462908744812012,9.568338394165039,-1.8763189315795898,12.54382038116455,-0.05865459516644478,10.58397102355957,-0.2239808887243271,13.639310836791992,0.9430169463157654,10.116127967834473,0.3007866144180298,0.31012117862701416,0.003717637388035655,0.0039902436546981335,0.03195838040002703,0.1763075537158648,music/low_stream/Dead Bees records - 19-theKoolaidElectricCompany-Traumalo_vbr.mp3,0,,0,Dead Bees records,19-theKoolaidElectricCompany-Traumalo_vbr,archive_low_download,990.0,low_stream,0.0
140.59392290249434,30.0,135.99917763157896,B major,1996.8025945306217,1102.3521475117698,3821.1602273002127,2131.078212615688,0.10829450766737617,0.08174505446579736,-245.77740478515625,98.56452178955078,116.5910873413086,49.158206939697266,3.0963776111602783,24.631982803344727,-3.424978256225586,22.323060989379883,-19.09518051147461,14.851302146911621,-6.497872829437256,11.315681457519531,-12.290173530578613,10.857927322387695,-10.818720817565918,8.89932918548584,-10.943297386169434,10.676600456237793,-11.773151397705078,9.326142311096191,-14.709617614746094,8.903526306152344,-2.3822994232177734,7.301443576812744,-3.9121434688568115,8.310391426086426,0.35365450382232666,0.30933067202568054,0.0797056332230568,0.09942781180143356,-0.01567762507123565,0.0967249958378176,music/low_stream/Flydende IndsprÃ¸jtning - 08.Fortvivlelse.mp3,0,,0,Flydende IndsprÃ¸jtning,08.Fortvivlelse,archive_low_download,771.0,low_stream,0.0
367.0927437641723,30.0,117.45383522727273,D minor,2114.055672520991,155.02963681960517,3564.470112803551,1832.6886137336278,0.14774627213138544,0.011026255365120407,-118.44967651367188,39.00327682495117,95.6454849243164,24.181344985961914,-59.79137420654297,13.851602554321289,8.454851150512695,12.198431015014648,17.150516510009766,11.63541030883789,24.457351684570312,10.705556869506836,-5.785681247711182,9.053489685058594,-17.296762466430664,6.801309108734131,1.0867726802825928,6.601607799530029,24.717609405517578,5.961343288421631,-1.5007779598236084,9.94440746307373,1.3230974674224854,6.463395595550537,-2.29704213142395,6.440436840057373,0.2839078903198242,0.30947235226631165,0.10220759361982346,0.016195332631468773,-0.0038422195214478636,0.09393125823426966,music/low_stream/Djet - 01_R1.mp3,0,,0,Djet,01_R1,archive_low_download,979.0,low_stream,0.0
201.81573696145125,30.0,135.99917763157896,E major,1815.467732170552,1115.2651456279243,3710.060899102651,1820.7762811432842,0.07574973091621517,0.06621717212746835,-244.5757598876953,81.38069152832031,110.4790267944336,35.67389678955078,-5.122419357299805,34.563270568847656,37.118812561035156,22.924808502197266,-7.565854549407959,19.697153091430664,4.982462406158447,26.937265396118164,-15.675761222839355,18.443180084228516,2.6514840126037598,22.758243560791016,-15.647451400756836,14.487481117248535,3.6514859199523926,16.46295928955078,-10.090474128723145,12.06201457977295,2.1759135723114014,11.66384220123291,-9.69238567352295,10.865463256835938,0.38698863983154297,0.316621869802475,0.08401381969451904,0.07415823638439178,-0.030305999767337395,0.15154743789122757,music/low_stream/dorothy's magic bag - kahvi121f_dmb-the_water_lilly_people_pumpkin_iron_remix_64kb.mp3,0,,0,dorothy's magic bag,kahvi121f_dmb-the_water_lilly_people_pumpkin_iron_remix_64kb,archive_low_download,977.0,low_stream,0.0
159.64879818594105,30.0,117.45383522727273,A# minor,1885.2288131514142,1165.7034975376814,3990.142538820627,2222.114953911606,0.0945988232875387,0.07585697513337973,-221.24075317382812,84.7917251586914,98.77598571777344,50.975032806396484,33.07010269165039,24.239511489868164,29.370025634765625,21.733707427978516,6.038426876068115,13.496899604797363,17.585798263549805,18.695301055908203,-2.405888080596924,12.25153923034668,-1.3091236352920532,9.606282234191895,6.5556535720825195,15.689817428588867,-0.1933770477771759,8.666702270507812,1.7881841659545898,8.733240127563477,2.3362293243408203,12.168529510498047,-6.5556960105896,8.547563552856445,0.36229953169822693,0.31868720054626465,0.11833599209785461,0.10806873440742493,-0.003498077538601576,0.1867035296033231,music/low_stream/The Peach Tree - 08-AllThisIsRealIHopedementio13sParanoidNormalMix.mp3,0,,0,The Peach Tree,08-AllThisIsRealIHopedementio13sParanoidNormalMix,archive_low_download,881.0,low_stream,0.0
320.8801133786848,30.0,92.28515625,F major,1523.0867549596328,758.1309243839521,3306.6383385436825,1962.1671572694938,0.058142505563080496,0.026588016712908204,-285.3646545410156,126.74242401123047,112.48123168945312,34.76353073120117,18.78989601135254,21.269346237182617,23.113300323486328,12.634318351745605,-7.8642168045043945,11.706896781921387,0.11462071537971497,10.477999687194824,-11.306456565856934,10.69111442565918,-11.122772216796875,10.355728149414062,-9.859695434570312,11.503275871276855,-7.482491493225098,9.324028015136719,-6.789889335632324,10.031405448913574,-5.965841770172119,9.53132438659668,-11.83176040649414,9.605215072631836,0.29932931065559387,0.3030426502227783,0.059575147926807404,0.04091150313615799,0.09050844181710242,0.23616402941393366,music/low_stream/Erin Ryan - 06 Jupiter Rising.mp3,0,,0,Erin Ryan,06 Jupiter Rising,archive_low_download,934.0,low_stream,0.0
176.97922902494332,30.0,117.45383522727273,C# minor,599.2625166361366,136.5826855879632,1020.3688299692822,771.9900788987605,0.03178438830301858,0.00890263555704757,-209.27806091308594,38.42909240722656,213.25698852539062,14.725569725036621,-8.069232940673828,15.412811279296875,28.230436325073242,14.451613426208496,18.587018966674805,18.442659378051758,2.5082077980041504,8.932716369628906,-2.9512953758239746,7.009542942047119,-9.544306755065918,7.084708213806152,-3.4878554344177246,6.948728561401367,-2.1558420658111572,8.25251293182373,-7.526863098144531,9.515131950378418,-5.659893035888672,6.612096786499023,-5.397166728973389,7.722886085510254,0.28846442699432373,0.2903360426425934,0.2215629518032074,0.04048915579915047,-0.027726644723011437,0.2923573694020432,music/low_stream/Unknown - 10. Emil Sagitov - Couple.mp3,0,,0,Unknown,10. Emil Sagitov - Couple,archive_low_download,874.0,low_stream,0.0
99.34666666666666,30.0,99.38401442307692,C minor,2353.499806647492,743.822825421015,5283.301385932663,2709.3248275141395,0.06797842492260062,0.057144256364699136,-172.72540283203125,80.91902160644531,72.55669403076172,38.53166961669922,19.548547744750977,36.61662292480469,40.473392486572266,19.630632400512695,4.818342208862305,11.162548065185547,13.537437438964844,15.371820449829102,19.14948081970215,11.318575859069824,11.537771224975586,9.702085494995117,6.416558265686035,11.693328857421875,8.36393928527832,9.553759574890137,3.9012045860290527,12.628995895385742,5.390084743499756,8.454554557800293,5.522192001342773,7.274775505065918,0.5823118090629578,0.28152620792388916,0.12167644500732422,0.04422101378440857,0.05904476055461944,0.10272476319720626,"music/low_stream/Endometrium Cuntplow, Dental Work, Popsicle Dice Love, RedSK - 30DentalWork-SuperMarioPsilocybinMushrooms.mp3",0,,0,"Endometrium Cuntplow, Dental Work, Popsicle Dice Love, RedSK",30DentalWork-SuperMarioPsilocybinMushrooms,archive_low_download,966.0,low_stream,0.0
336.00725623582764,30.0,123.046875,F minor,2321.828636878537,1466.2791470261186,4558.730767312065,2435.952980486946,0.1041743511755031,0.11522295942301093,-132.5523223876953,100.96317291259766,71.14200592041016,50.12673568725586,14.326371192932129,39.39784622192383,27.47274398803711,34.56633758544922,4.717688083648682,34.186222076416016,15.526225090026855,10.987381935119629,11.132035255432129,13.941237449645996,4.301180839538574,15.984638214111328,6.169411659240723,11.332708358764648,6.077715873718262,11.895495414733887,13.094881057739258,10.722649574279785,12.817925453186035,9.567084312438965,4.804985523223877,9.751019477844238,0.5790957808494568,0.2790883183479309,0.31506943702697754,0.19723279774188995,0.03360626884833904,0.12443144140060168,music/low_stream/ForstWölfin - Forstwlfin-BeyondTimeAndSpace-07Countdown000-01.mp3,0,,0,ForstWölfin,Forstwlfin-BeyondTimeAndSpace-07Countdown000-01,archive_low_download,787.0,low_stream,0.0
122.33106575963718,30.0,103.359375,C# major,2061.0664207502855,915.2141955011076,4266.849198946643,2166.2323649269765,0.08447379002999227,0.06191558687441498,-261.30877685546875,105.30999755859375,91.682373046875,41.87328338623047,2.2937281131744385,21.39887046813965,41.75654602050781,15.5235013961792,-7.070117473602295,15.432662010192871,16.561935424804688,9.67031192779541,-3.096803665161133,11.340900421142578,7.177779674530029,8.390320777893066,-2.9860904216766357,8.706305503845215,4.776331424713135,7.546265602111816,-2.2217772006988525,7.901888847351074,4.525432586669922,7.683330059051514,-5.665919303894043,8.33848762512207,0.4216928780078888,0.3090941905975342,0.04536676034331322,0.03530201315879822,-0.013228906296869406,0.11818764744188526,music/low_stream/Struggleburger - SM07_64kb.mp3,0,,0,Struggleburger,SM07_64kb,archive_low_download,854.0,low_stream,0.0
71.356375,30.0,37.44904891304348,F major,747.8318220508012,165.38631491685382,1555.3072619364357,917.7164952956653,0.04273254583494582,0.01829690447880436,-539.9508666992188,56.54432678222656,214.87765502929688,31.48621940612793,-23.03700065612793,20.82996368408203,24.303970336914062,11.959824562072754,8.762222290039062,10.744397163391113,-44.78861618041992,20.528160095214844,10.977179527282715,10.511331558227539,10.01555347442627,11.822958946228027,-14.81961727142334,11.640129089355469,6.825000286102295,9.874825477600098,-17.77992057800293,11.273622512817383,-17.861968994140625,11.024083137512207,13.381448745727539,10.56610107421875,0.29334038496017456,0.2958616018295288,0.010661430656909943,0.0036325433757156134,0.043413347188850475,0.18538687123021944,music/low_stream/Brideburger-Matt Catling - 4Closed.mp3,0,,0,Brideburger/Matt Catling,4Closed,archive_low_download,772.0,low_stream,0.0
92.68208616780045,30.0,143.5546875,G# minor,883.9203141023652,414.5478397776855,1476.449405445772,1660.4817572558643,0.020425424487229102,0.02105391257795827,-313.979736328125,82.47086334228516,126.59221649169922,30.380966186523438,35.90509033203125,28.279714584350586,39.52114486694336,14.45618724822998,14.113624572753906,13.446748733520508,16.39702796936035,10.86091136932373,11.966354370117188,10.907814025878906,15.04826831817627,9.355436325073242,4.740280628204346,9.204639434814453,7.791337490081787,8.148204803466797,6.248543739318848,7.821632385253906,6.819243907928467,6.429172039031982,0.45191875100135803,7.034271717071533,0.475031316280365,0.30886903405189514,0.0662778988480568,0.04610877111554146,0.05175168394301475,0.07431291640692021,music/low_stream/BLUnderwood - 01_Captain_64kb.mp3,0,,0,BLUnderwood,01_Captain_64kb,archive_low_download,892.0,low_stream,0.0
117.18,30.0,107.666015625,F minor,1957.8569666053083,641.4099015085912,4533.289254486745,2078.2750725296014,0.09382256191950464,0.06540737963232554,-68.11698150634766,72.43988800048828,114.28616333007812,22.621644973754883,-30.5689754486084,24.38938331604004,68.38524627685547,15.538407325744629,-20.730215072631836,17.019559860229492,45.92611312866211,11.79549503326416,-13.622383117675781,11.94379711151123,25.413875579833984,9.001398086547852,-4.290380477905273,10.383315086364746,6.312963485717773,10.110879898071289,9.025198936462402,8.085466384887695,-5.4620890617370605,7.4954514503479,14.086118698120117,8.101000785827637,0.6505182981491089,0.23455378413200378,0.28480687737464905,0.09952794760465622,0.011256207888609666,0.04635937592902717,music/low_stream/Baden Dangit - 01-Untitled-#1.mp3,0,,0,Baden Dangit,01-Untitled-#1,archive_low_download,945.0,low_stream,0.0
163.15163265306123,30.0,129.19921875,C major,905.4371337772079,242.2877970177105,1550.248959189967,1100.6082696813864,0.06090212606424149,0.023749123603718402,-367.97991943359375,90.95523071289062,177.18360900878906,43.53987503051758,-9.806190490722656,21.412050247192383,0.7751569747924805,7.165253639221191,15.157017707824707,8.677249908447266,-11.931183815002441,7.672162055969238,-16.71150779724121,7.494734764099121,-0.3777509331703186,6.6391921043396,1.9401730298995972,6.719873428344727,0.9473251700401306,4.831491470336914,1.786922812461853,5.287276268005371,4.127345561981201,7.857181549072266,0.07153698056936264,13.570812225341797,0.27170875668525696,0.3049257695674896,0.03519292175769806,0.024313103407621384,0.0015452365130307654,0.10506786155441579,music/low_stream/Limbo's Luna Park - 14_La_Verite_Sur_Le_Sexe_Des_Anges.mp3,0,,0,Limbo's Luna Park,14_La_Verite_Sur_Le_Sexe_Des_Anges,archive_low_download,859.0,low_stream,0.0
298.5937188208617,30.0,99.38401442307692,B minor,1860.6770146847985,406.0357452643031,4353.440342008514,2496.5291415118413,0.059944081970781736,0.02792142957398185,-403.0220947265625,130.1150360107422,88.32437896728516,29.136194229125977,14.965476989746094,17.079975128173828,20.037242889404297,11.166303634643555,14.171445846557617,6.725095748901367,15.071131706237793,7.287444591522217,9.900673866271973,6.19010591506958,4.859038352966309,7.1651740074157715,1.1027114391326904,6.724579811096191,3.026803970336914,5.881457328796387,2.289349317550659,6.3433380126953125,1.4677071571350098,4.912911415100098,-1.4228848218917847,5.198286533355713,0.5371754765510559,0.2648632228374481,0.015869010239839554,0.026019824668765068,-0.009834348674478976,0.07368015180188474,music/low_stream/Edwin Perry Manchester - 01ToCutOffasaLimb.mp3,0,,0,Edwin Perry Manchester,01ToCutOffasaLimb,archive_low_download,942.0,low_stream,0.0
166.0081632653061,30.0,95.703125,D# major,1163.644881565325,549.7332733602228,2594.8759758066467,1562.710285271505,0.03134448166602167,0.030221219156393902,-225.4379425048828,148.52110290527344,108.78958129882812,28.415111541748047,-14.275321006774902,35.53425979614258,39.390533447265625,20.553466796875,11.251676559448242,14.64707088470459,12.63476276397705,9.613517761230469,7.606799125671387,7.726054668426514,-1.9982664585113525,10.325271606445312,3.5385100841522217,5.769140243530273,2.5121877193450928,10.503097534179688,5.336060523986816,5.430858135223389,13.995491981506348,12.318819046020508,6.04141902923584,8.67048168182373,0.4385310411453247,0.2962895631790161,0.1430535763502121,0.07488158345222473,0.0016962450819076535,0.1240330636107941,music/low_stream/IRISH-METAL ARCHIVE - Flatline.mp3,0,,0,IRISH-METAL ARCHIVE,Flatline,archive_low_download,821.0,low_stream,0.0
130.80526077097505,30.0,103.359375,B minor,4105.588693924817,1493.4071446461217,7578.129176089638,2935.577738929475,0.2539481998597136,0.21822385408905523,-137.13607788085938,69.76368713378906,20.505319595336914,48.74341583251953,1.6137446165084839,23.42971420288086,13.876925468444824,13.544381141662598,2.9341421127319336,11.910445213317871,6.829302787780762,9.18647575378418,0.010671136900782585,8.431797981262207,9.490950584411621,8.274755477905273,-1.968754768371582,9.59566879272461,3.1764774322509766,8.992326736450195,1.349753975868225,8.296509742736816,5.7267231941223145,7.484997749328613,0.9009539484977722,6.680861473083496,0.6012595891952515,0.25089800357818604,0.08150964975357056,0.03775908797979355,0.010150325108668187,0.06610471115652919,music/low_stream/System 09 - 03GetYourBooksBeforeLunch.mp3,0,,0,System 09,03GetYourBooksBeforeLunch,archive_low_download,788.0,low_stream,0.0
1307.3298866213152,30.0,123.046875,F major,1422.391722958536,767.3653769490896,2817.949626910797,1647.047085920853,0.06566929300503097,0.03442193546058153,-370.9396667480469,96.98168182373047,117.80867767333984,56.88089370727539,10.331114768981934,26.136695861816406,13.756893157958984,18.196020126342773,-6.428541660308838,18.252704620361328,-26.06599235534668,20.42514419555664,-19.880352020263672,15.769783020019531,-8.80204963684082,11.890871047973633,-7.706818103790283,11.932921409606934,-8.536575317382812,12.774483680725098,-8.912347793579102,11.921858787536621,-8.485663414001465,9.363849639892578,-7.056131839752197,9.191370964050293,0.37171515822410583,0.3235417902469635,0.05499193072319031,0.06191973760724068,0.0204191845061295,0.13078830441641032,music/low_stream/Paul Robeson and Treorchy Male Voice Choir - RaretunesRobesonWelshMiners.mp3,0,,0,Paul Robeson and Treorchy Male Voice Choir,RaretunesRobesonWelshMiners,archive_low_download,975.0,low_stream,0.0
125.86272108843538,30.0,143.5546875,A# minor,2609.999470606287,1186.864619139254,5729.148689955012,2594.991759129545,0.0817814404750387,0.05940086696670659,-78.02027130126953,155.06980895996094,53.64380645751953,43.31298065185547,9.868854522705078,38.45601272583008,19.290084838867188,19.4761962890625,11.146416664123535,12.26177978515625,14.083470344543457,14.096699714660645,9.652000427246094,13.463512420654297,15.151519775390625,15.983388900756836,0.517641007900238,11.465333938598633,10.40976619720459,11.19823932647705,5.8423752784729,8.047965049743652,7.284096717834473,8.4573974609375,1.9797356128692627,8.30339241027832,0.572556734085083,0.27474454045295715,0.33320724964141846,0.17974787950515747,-0.004808942689356934,0.10694726550681866,music/low_stream/Lords of Wet Cracks - 04. Succ Your Mouth.mp3,0,,0,Lords of Wet Cracks,04. Succ Your Mouth,archive_low_download,809.0,low_stream,0.0
61.52122448979592,30.0,123.046875,G# minor,827.8400832037056,318.9004196137954,1517.499157223539,1091.222577484895,0.042616900275735295,0.029604299382416863,-290.92730712890625,59.081573486328125,168.5418243408203,22.50053596496582,1.628424048423767,44.21266555786133,31.378990173339844,26.4102783203125,17.47602653503418,22.424409866333008,11.361883163452148,22.539691925048828,4.976497650146484,15.916175842285156,-1.1360200643539429,17.078414916992188,4.936400890350342,15.102017402648926,-0.03163142129778862,13.351552963256836,1.4095648527145386,13.555391311645508,1.8602601289749146,9.645557403564453,-4.393325328826904,14.431309700012207,0.3628584146499634,0.3042571544647217,0.0693352073431015,0.04507766291499138,0.040413376189169306,0.09988111714200869,music/low_stream/Yoshiwaku - 06.Angst_Yoshiwaku_Unsound_Territory.mp3,0,,0,Yoshiwaku,06.Angst_Yoshiwaku_Unsound_Territory,archive_low_download,795.0,low_stream,0.0
364.58666666666664,30.0,117.45383522727273,F minor,1569.0182602367745,299.06530544463624,3426.8792781298375,1642.7630787056946,0.06975505817047213,0.026168274435800963,-145.71942138671875,98.00372314453125,133.10565185546875,23.67376708984375,-41.893985748291016,16.9270076751709,79.24224853515625,11.416827201843262,-11.127748489379883,8.916464805603027,-4.34023380279541,5.150233268737793,-23.862180709838867,9.631314277648926,-22.505979537963867,6.660754203796387,-23.618680953979492,6.295347690582275,-4.370185375213623,4.3422651290893555,-13.780019760131836,4.260705947875977,-7.278578758239746,3.793142557144165,-1.149497389793396,3.9429922103881836,0.36926817893981934,0.2877935767173767,0.1352004110813141,0.03421119228005409,0.009412275008940535,0.10822009373731288,music/low_stream/Abishai - 13 Chelsea (Demo).mp3,0,,0,Abishai,13 Chelsea (Demo),archive_low_download,941.0,low_stream,0.0
214.21333333333334,30.0,83.35433467741936,B minor,2218.2897309259274,1027.5892404761018,4629.363673537878,2370.15257874202,0.07470551954334366,0.07094287200385287,-251.07154846191406,100.50939178466797,80.7405776977539,41.90723419189453,-7.113018035888672,27.08988380432129,20.75187110900879,18.50165367126465,5.202913284301758,20.905071258544922,13.392889976501465,18.78872299194336,3.6237852573394775,13.04234504699707,6.069156646728516,12.421716690063477,-5.9138031005859375,11.186288833618164,8.264697074890137,10.102210998535156,2.7517285346984863,9.650923728942871,8.862421035766602,8.936368942260742,8.070648193359375,8.152073860168457,0.437325656414032,0.3141501545906067,0.06229409575462341,0.057636797428131104,0.006553905469962311,0.1364352279423862,music/low_stream/Start! Start! - SceneItAllBefore.mp3,0,,0,Start! Start!,SceneItAllBefore,archive_low_download,818.0,low_stream,0.0
205.71428571428572,30.0,135.99917763157896,G# minor,1787.2903802782498,907.4140033751734,3354.096384904702,1615.1556718230388,0.09814906636996903,0.06607414165054847,-256.2582702636719,83.89985656738281,130.10328674316406,50.37561798095703,-57.76065444946289,32.942535400390625,10.11136245727539,19.27890968322754,23.12984275817871,17.51268768310547,-1.8287757635116577,16.767364501953125,3.743981122970581,13.311134338378906,9.149820327758789,9.949081420898438,-1.5606247186660767,10.578973770141602,6.012204170227051,9.173371315002441,4.421925067901611,8.789788246154785,2.849468469619751,7.766833305358887,-3.588496446609497,8.645160675048828,0.4539705514907837,0.2890486717224121,0.04334463179111481,0.025370672345161438,0.07998535608690066,0.17649900275360567,music/low_stream/Animula Vagula - 11Item.mp3,0,,0,Animula Vagula,11Item,archive_low_download,792.0,low_stream,0.0
375.71154195011337,30.0,215.33203125,F minor,926.4914143241584,137.97697334519015,1490.5659867514028,751.2621068414107,0.06243386283378483,0.017438415609933835,-357.0903625488281,80.975830078125,170.57908630371094,37.92787551879883,-64.36974334716797,27.299894332885742,-52.69336700439453,11.269814491271973,-22.39397430419922,6.6849446296691895,-41.8476448059082,10.765816688537598,-47.01185989379883,8.944496154785156,-36.379947662353516,7.559523105621338,-36.18684768676758,8.076223373413086,-26.760746002197266,8.532580375671387,-14.768406867980957,9.868250846862793,-16.08677864074707,9.84187126159668,-16.900318145751953,6.994103908538818,0.26473578810691833,0.2885441184043884,0.04628870263695717,0.02800932340323925,0.030105277957376105,0.1605567691601949,music/low_stream/Paul Minesweeper - 04PaulMinesweeper-TearsOfAGlacier.mp3,0,,0,Paul Minesweeper,04PaulMinesweeper-TearsOfAGlacier,archive_low_download,828.0,low_stream,0.0
135.40349206349205,30.0,135.99917763157896,F minor,1348.4712941445514,553.1884257323339,2125.6204799970974,1361.383168481621,0.07918886355940402,0.04778060950240072,-249.24810791015625,78.24744415283203,126.17916870117188,33.17356491088867,-49.3245849609375,21.24378204345703,-19.625558853149414,13.988887786865234,-23.44521141052246,9.73027229309082,-18.87798500061035,13.486166000366211,-5.160236835479736,13.950470924377441,-10.276569366455078,12.576268196105957,-16.716527938842773,11.616462707519531,-20.860671997070312,13.147518157958984,-21.168291091918945,13.62062931060791,-12.293834686279297,11.199141502380371,-10.536362648010254,11.127493858337402,0.21742676198482513,0.29584985971450806,0.10970834642648697,0.06439845263957977,0.06091413585541804,0.25920422320082837,music/low_stream/the human grizzly - 04_my_own_mistakes.mp3,0,,0,the human grizzly,04_my_own_mistakes,archive_low_download,970.0,low_stream,0.0
244.05755102040817,30.0,99.38401442307692,C# major,1666.224961407319,1122.7637297357946,3079.473045514464,1926.7620128132687,0.07560082781056501,0.0638789215051083,-312.6091613769531,96.37503051757812,114.68090057373047,42.573177337646484,10.277777671813965,30.03905487060547,15.54629135131836,17.614456176757812,-2.2836062908172607,14.265098571777344,-18.283723831176758,13.213849067687988,-24.933874130249023,11.432848930358887,-23.528900146484375,9.312185287475586,-23.98257827758789,9.316383361816406,-21.922258377075195,9.248135566711426,-20.66499137878418,9.126238822937012,-7.553528785705566,8.798376083374023,-15.269546508789062,9.727006912231445,0.26292598247528076,0.3029770851135254,0.050616610795259476,0.03215319290757179,0.004908898156364745,0.19789148251894279,music/low_stream/F. Peacock - 08MelodyForABadguy.mp3,0,,0,F. Peacock,08MelodyForABadguy,archive_low_download,828.0,low_stream,0.0
281.4661224489796,30.0,117.45383522727273,G major,803.679864894618,565.70214670535,1619.1652091294989,1094.0392857658542,0.04340903456366099,0.04015843960128942,-286.2137145996094,108.51992797851562,146.10595703125,38.7354736328125,27.2324161529541,53.84062194824219,43.72140121459961,16.385971069335938,26.156295776367188,19.689016342163086,4.481331825256348,22.435731887817383,14.04088306427002,9.247580528259277,16.887914657592773,9.819368362426758,-2.004582643508911,8.326994895935059,1.3244712352752686,9.6976900100708,2.7735114097595215,9.647851943969727,-3.9216625690460205,8.797150611877441,-5.648580551147461,8.812748908996582,0.4826182723045349,0.29166558384895325,0.1280485838651657,0.12213606387376785,0.0033456450950666754,0.1055442000141348,music/low_stream/Maitreya - Maitreya_64kb_mp3.mp3,0,,0,Maitreya,Maitreya_64kb_mp3,archive_low_download,944.0,low_stream,0.0
2389.324648526077,30.0,123.046875,G# major,1079.6050806677256,319.57437540708656,1892.6968884541893,1536.7443718899954,0.044728376547987614,0.014375225489556756,-314.2492980957031,141.63560485839844,144.89801025390625,41.58211135864258,-19.651357650756836,7.720059871673584,6.800352096557617,5.864408493041992,12.129932403564453,5.011415958404541,16.65765380859375,5.852378845214844,4.369185447692871,3.557023763656616,-1.560428261756897,3.577395439147949,-5.250016689300537,3.4615960121154785,-4.449132919311523,3.5444533824920654,-2.9253311157226562,3.131756544113159,4.722312927246094,3.3322107791900635,-0.5535798668861389,3.2245588302612305,0.5515816807746887,0.2635878622531891,0.030397217720746994,0.020714718848466873,0.02680093651854626,0.07416927747267009,music/low_stream/Tribe Of Astronauts - Missive_2.mp3,0,,0,Tribe Of Astronauts,Missive_2,archive_low_download,898.0,low_stream,0.0
226.6095238095238,30.0,95.703125,F# minor,2529.5965438302596,722.0099997173609,4804.52928100208,2250.2092155037376,0.12178157652863777,0.034526511831159,-292.2994384765625,72.7857437133789,56.225040435791016,33.78187561035156,-31.680055618286133,23.55950355529785,10.86182975769043,14.040637016296387,4.743844509124756,16.588226318359375,33.84729766845703,16.2696533203125,20.36860466003418,13.459820747375488,11.844306945800781,16.170427322387695,7.054908275604248,12.147958755493164,10.988390922546387,11.733744621276855,3.600719690322876,10.882702827453613,-2.0017623901367188,14.454517364501953,-15.324312210083008,11.856502532958984,0.18879033625125885,0.3111865222454071,0.057772114872932434,0.03239629417657852,0.011003800109590917,0.23028839780396543,music/low_stream/Captains of Industry - CofI_CaptainElectronic_08WeKnewSomething.mp3,0,,0,Captains of Industry,CofI_CaptainElectronic_08WeKnewSomething,archive_low_download,875.0,low_stream,0.0
2727.7302267573696,30.0,107.666015625,D minor,1003.5826029308305,391.2558968337777,1968.3047645970394,1597.8609602475462,0.037956308654218264,0.02271123359569084,-387.1358642578125,76.71437072753906,133.40943908691406,20.305559158325195,-1.6309046745300293,26.935585021972656,47.56770324707031,10.364545822143555,32.83043670654297,10.632246017456055,25.65708351135254,9.83513355255127,13.637701034545898,7.200348854064941,10.864847183227539,4.795839786529541,-1.2800347805023193,7.181644439697266,11.23612117767334,6.9642767906188965,10.335911750793457,6.188564777374268,0.9058187007904053,5.547791957855225,-17.70726203918457,7.302644729614258,0.4796798825263977,0.28002434968948364,0.022433269768953323,0.011279369704425335,-0.009980596290931426,0.11137284535064054,music/low_stream/Das Hertz - pzm38_160kb.mp3,0,,0,Das Hertz,pzm38_160kb,archive_low_download,767.0,low_stream,0.0
571.4349206349207,30.0,161.4990234375,E minor,855.3048410712711,787.4669771899718,1668.9065750169311,1464.5085771916376,0.028420085139318884,0.017227609923440718,-525.1992797851562,65.61317443847656,117.53707885742188,46.69011688232422,71.63167572021484,28.664812088012695,44.7460823059082,14.1314058303833,23.61217498779297,16.97054672241211,10.966462135314941,18.333600997924805,1.6440271139144897,16.15877342224121,4.429503440856934,11.254365921020508,3.9826035499572754,14.753469467163086,4.24234676361084,17.527507781982422,4.334810256958008,16.06685447692871,2.8620543479919434,12.06020736694336,-0.5127772092819214,7.910974502563477,0.3217814862728119,0.32580944895744324,0.02458147145807743,0.021256953477859497,0.008638613305751578,0.16988478106809823,music/low_stream/Alg-a Netlabel - 03-Fragments.mp3,0,,0,Alg-a Netlabel,03-Fragments,archive_low_download,828.0,low_stream,0.0
549.250612244898,30.0,117.45383522727273,B minor,1232.8027010743792,792.2805591247352,2282.061200688129,1934.482519636033,0.03952357053018576,0.05522970808811135,-231.775634765625,75.82073211669922,137.5940704345703,32.843475341796875,25.621015548706055,20.1224365234375,29.71060562133789,14.4375638961792,14.70887279510498,8.928471565246582,16.573802947998047,6.8293232917785645,1.8744245767593384,6.328326225280762,2.35715913772583,5.721627235412598,-3.282578706741333,4.430727958679199,2.975099802017212,4.741876602172852,-0.9888413548469543,4.714129447937012,2.776427745819092,4.135737419128418,-3.3186533451080322,3.758129835128784,0.4435003399848938,0.29094043374061584,0.06868741661310196,0.02260248363018036,-0.031531048308115504,0.0609585839602501,music/low_stream/ronald vonk - ms010n_2_roonan-mice_in_your_cabinet_vbr.mp3,0,,0,ronald vonk,ms010n_2_roonan-mice_in_your_cabinet_vbr,archive_low_download,991.0,low_stream,0.0
82.24546485260771,30.0,129.19921875,C major,2975.4295417781923,315.5485274702315,5068.861015957576,2309.7992011403444,0.19185825029024767,0.06515659418831345,-16.471294403076172,109.78883361816406,48.46891784667969,20.342636108398438,-16.261301040649414,18.609668731689453,60.35655212402344,11.681170463562012,-10.4246826171875,7.992472171783447,7.922506332397461,8.96882438659668,19.015098571777344,7.494534015655518,5.034958362579346,8.40340805053711,12.648777961730957,15.270574569702148,8.318695068359375,9.960029602050781,5.492692470550537,10.64172077178955,10.54357624053955,9.390779495239258,-5.242319107055664,5.78603982925415,0.5132485628128052,0.29610633850097656,0.29061955213546753,0.08442175388336182,0.059633917378273664,0.175856074404002,music/low_stream/BIOCIDIO - 04-PlataOPlomo.mp3,0,,0,BIOCIDIO,04-PlataOPlomo,archive_low_download,809.0,low_stream,0.0
258.5073922902494,30.0,95.703125,D# minor,1359.5598297618828,412.53167434673173,2917.7990231351587,1680.8884722387654,0.05682543113873839,0.03269315350183999,-313.5030212402344,99.5155029296875,106.89203643798828,34.074432373046875,1.9612829685211182,23.490985870361328,38.32841491699219,17.094552993774414,9.555754661560059,13.860816955566406,9.320820808410645,12.140891075134277,6.373813152313232,9.88223934173584,-0.6593217849731445,8.923896789550781,-5.584117412567139,9.991965293884277,-7.55294132232666,8.859969139099121,-6.045302867889404,10.213672637939453,-6.901048183441162,8.18535041809082,-5.268319606781006,8.9047269821167,0.26193198561668396,0.30337366461753845,0.06372794508934021,0.07621094584465027,0.011958325320462806,0.16073433943085508,music/low_stream/Struggleburger - AC04_64kb.mp3,0,,0,Struggleburger,AC04_64kb,archive_low_download,955.0,low_stream,0.0
148.87777777777777,30.0,143.5546875,A# major,1646.0572428929893,234.0995033324169,2940.3488867792184,1298.2051998567501,0.10903562185565016,0.01845466439898188,-58.60812759399414,24.59490966796875,168.89102172851562,25.44918441772461,-93.80210876464844,24.139636993408203,17.810667037963867,8.200864791870117,3.050222158432007,10.051355361938477,-43.71726989746094,14.041455268859863,0.4565260708332062,6.523031234741211,-8.45958137512207,10.061156272888184,-17.017396926879883,7.626739025115967,15.495719909667969,5.1973490715026855,1.2846485376358032,5.677463054656982,3.358297824859619,5.194772720336914,-4.255784034729004,5.348352432250977,0.3740280568599701,0.29790201783180237,0.24524492025375366,0.04937216639518738,-0.038432319226911434,0.10033024562675916,music/low_stream/Jab Lemur - 06YUPISGRUPIES.mp3,0,,0,Jab Lemur,06YUPISGRUPIES,archive_low_download,768.0,low_stream,0.0
456.5177777777778,30.0,129.19921875,E major,1776.9077069202954,1594.5381711839025,3901.15141027114,2074.2356575202193,0.05761643164667183,0.06745534085904616,-262.13946533203125,154.87197875976562,64.6916732788086,53.12652587890625,24.337919235229492,34.25446701049805,25.289770126342773,20.650989532470703,23.33031463623047,22.604351043701172,13.488438606262207,14.865850448608398,10.819833755493164,15.035770416259766,18.67074203491211,13.774209022521973,9.869243621826172,10.316852569580078,9.337011337280273,7.41070032119751,7.982039451599121,11.100872039794922,5.070153713226318,6.704167366027832,4.327757835388184,5.471094131469727,0.5484974384307861,0.30836552381515503,0.19128194451332092,0.15064425766468048,-0.011814908279392944,0.08983298133110065,music/low_stream/netwaves - 03WeLove.mp3,0,,0,netwaves,03WeLove...,archive_low_download,869.0,low_stream,0.0
118.46820861678005,30.0,129.19921875,A# minor,1601.0206156608153,530.832108119312,3061.2398224349363,1785.225092514927,0.07678562790247678,0.0398033644808827,-250.0343475341797,42.71015930175781,127.88219451904297,30.057588577270508,-22.76347541809082,19.59421157836914,15.370020866394043,11.6203031539917,-3.6434926986694336,12.651910781860352,-6.06326150894165,12.677806854248047,-11.762343406677246,7.098987102508545,-4.6416335105896,6.51099967956543,-14.143192291259766,7.761190414428711,-6.428091049194336,7.599665641784668,-7.512903690338135,7.398496627807617,-5.522431373596191,6.961033821105957,-5.778226375579834,11.227643013000488,0.311233788728714,0.3077488839626312,0.06356847286224365,0.04791496694087982,-0.014652746358706727,0.18336639685208014,music/low_stream/Lucas Darklord - 2019_08_16_00_24_33-32.551bpmStereoRough.mp3,0,,0,Lucas Darklord,2019_08_16_00_24_33-32.551bpmStereoRough,archive_low_download,854.0,low_stream,0.0
754.0502494331066,30.0,143.5546875,D minor,1933.9130260524125,391.4920518364996,3439.0042048120645,1767.6715695343373,0.11319546064725232,0.030759568442711993,-348.431640625,59.70705795288086,106.67639923095703,23.381301879882812,-46.88279342651367,23.380041122436523,10.265594482421875,16.491350173950195,-14.812368392944336,11.641474723815918,17.406049728393555,9.996600151062012,-4.757667541503906,7.833371639251709,25.12497329711914,8.47866153717041,6.3473052978515625,6.7842912673950195,9.929152488708496,6.9835357666015625,-14.311996459960938,7.052479267120361,-3.944031238555908,6.5873613357543945,-10.174491882324219,7.653594970703125,0.28467532992362976,0.30427268147468567,0.016055941581726074,0.006351517513394356,-0.017569211612126615,0.17429377758894668,music/low_stream/Mumford Babbs Creative Music Squad - pureftpd.4504a88b.7d_64kb.mp3,0,,0,Mumford Babbs Creative Music Squad,pureftpd.4504a88b.7d_64kb,archive_low_download,970.0,low_stream,0.0
173.33333333333334,30.0,89.10290948275862,G# minor,2546.6723310830016,1220.6201472117798,4610.605453632934,2118.8497537344742,0.15639361213235295,0.08480172271543451,-379.9428405761719,158.14398193359375,86.05591583251953,55.906864166259766,-34.397953033447266,34.15806579589844,0.8369155526161194,20.39771842956543,-6.918556213378906,15.954863548278809,1.0301645994186401,14.286857604980469,-4.503572463989258,12.673123359680176,3.2890474796295166,9.263266563415527,-0.5419298410415649,9.83487319946289,8.990386009216309,9.068134307861328,6.026846408843994,9.794648170471191,5.125114917755127,8.41076946258545,-3.770228862762451,10.414154052734375,0.3792515993118286,0.33933350443840027,0.029164858162403107,0.02816872112452984,0.03784426637538436,0.142431066845611,music/low_stream/Kakofonous A. Dischord - Kakofonous A. Dischord - Typographical Errors - 16 Explore.mp3,0,,0,Kakofonous A. Dischord,Kakofonous A. Dischord - Typographical Errors - 16 Explore,archive_low_download,805.0,low_stream,0.0
207.48,30.0,161.4990234375,D major,1844.6652483007138,750.7572896155075,4088.5836102276025,1952.3520657813433,0.07773233419601393,0.06714182502511125,-128.70571899414062,53.178558349609375,108.84333801269531,21.80632972717285,-22.214853286743164,16.70528793334961,59.8087272644043,13.251161575317383,-31.626178741455078,13.170305252075195,37.449562072753906,7.625409126281738,3.1209166049957275,8.623257637023926,16.440813064575195,8.190574645996094,17.46758270263672,6.68239164352417,11.600885391235352,6.165611743927002,16.697601318359375,5.5559258460998535,7.373356819152832,7.191624164581299,9.631524085998535,6.5964579582214355,0.5913709402084351,0.26570379734039307,0.20507723093032837,0.10964099317789078,-0.015500220373168014,0.08869330978840137,music/low_stream/ENE - 03-ene-d_form.mp3,0,,0,ENE,03-ene-d_form,archive_low_download,989.0,low_stream,0.0
110.58977324263039,30.0,151.99908088235293,C major,1193.8381119423825,433.7821120059628,2465.0017611382546,1499.0468972812507,0.050127814797794115,0.02724341938521054,-78.11880493164062,39.66956329345703,150.99603271484375,29.918325424194336,-33.68661117553711,20.820316314697266,44.47614669799805,16.271400451660156,6.475343227386475,14.277938842773438,10.401189804077148,12.915589332580566,1.0492650270462036,10.791230201721191,10.21540355682373,7.593240261077881,0.6242919564247131,8.694219589233398,8.75788688659668,7.346081733703613,3.6760590076446533,6.997320175170898,6.958536148071289,6.966246128082275,3.454256057739258,6.301162242889404,0.4469625949859619,0.28977087140083313,0.29144781827926636,0.07312916219234467,0.02432432822494385,0.06975029969233833,music/low_stream/Shit Devourer - 06HowToGetFreeCigarettes.mp3,0,,0,Shit Devourer,06HowToGetFreeCigarettes,archive_low_download,853.0,low_stream,0.0
300.01596371882084,30.0,103.359375,A major,4472.711419735697,729.8371602856479,7887.935636065693,2734.8653195181396,0.3583315444804567,0.10654035221791,-333.7331237792969,219.00234985351562,-18.737300872802734,41.55671691894531,-42.83163833618164,22.41269302368164,-15.78333568572998,14.368690490722656,-38.019100189208984,19.15817642211914,-20.39023780822754,9.284327507019043,-33.24687194824219,13.331693649291992,-18.395145416259766,8.687522888183594,-31.43046760559082,12.500659942626953,-24.46775245666504,10.009591102600098,-29.4215145111084,12.531536102294922,-10.938733100891113,6.3330559730529785,-21.445877075195312,9.51102352142334,0.5824049711227417,0.23328201472759247,0.03460563346743584,0.042790789157152176,0.0019238770647457288,0.06259313128599445,music/low_stream/the Beige Channel - 08Hornets1_64kb.mp3,0,,0,the Beige Channel,08Hornets1_64kb,archive_low_download,929.0,low_stream,0.0
261.68433106575964,30.0,99.38401442307692,F minor,2341.2285261729744,628.0244750923476,5670.099047020124,2753.26230560626,0.05895844923084365,0.032706703882490015,-38.455345153808594,34.708683013916016,74.96141815185547,21.78446388244629,18.06340980529785,15.60201358795166,18.440580368041992,18.71392822265625,-5.406050205230713,19.012807846069336,10.654289245605469,14.374303817749023,-10.403592109680176,12.314258575439453,-3.869349241256714,9.31753921508789,-6.952835559844971,11.31692123413086,1.2037715911865234,10.310155868530273,-11.044461250305176,9.565444946289062,2.65809965133667,9.670562744140625,-2.901365280151367,9.114346504211426,0.31689974665641785,0.3231301009654999,0.34389933943748474,0.15618100762367249,-0.04194166536628023,0.23687778167755322,music/low_stream/Evestus - Hyperdriver - dtrash156_01_dramakilljunkie.mp3,0,,0,Evestus / Hyperdriver,dtrash156_01_dramakilljunkie,archive_low_download,833.0,low_stream,0.0
431.2762811791383,30.0,107.666015625,A# minor,756.1088300329429,517.1231200287361,1314.0837205821886,1184.3612631440817,0.03167894676373839,0.037922837352352155,-368.4697265625,65.8953628540039,136.95005798339844,42.136043548583984,39.956729888916016,14.79863452911377,-5.519423007965088,15.755706787109375,-9.786857604980469,16.239944458007812,4.945958614349365,12.844935417175293,13.363713264465332,12.72327709197998,16.187488555908203,14.741828918457031,12.327021598815918,12.027161598205566,7.470528602600098,11.776276588439941,2.8226027488708496,10.341053009033203,0.20104148983955383,8.056120872497559,0.8029757738113403,5.830257892608643,0.5524765849113464,0.27614477276802063,0.0423189252614975,0.04276181384921074,-0.019680904781515414,0.09006706229355628,music/low_stream/Unknown - Eqq032_01_Oplen_feat_Edvard_Franza_-_3_30.mp3,0,,0,Unknown,Eqq032_01_Oplen_feat_Edvard_Franza_-_3_30,archive_low_download,978.0,low_stream,0.0
409.95251700680274,30.0,123.046875,A minor,3181.5844127770442,263.560918283124,6829.475369763448,2892.8027216785295,0.11550345878482972,0.04511195943342645,186.8163604736328,30.190702438354492,64.34184265136719,10.12085247039795,-7.995903968811035,7.84938383102417,13.12420654296875,6.855249881744385,2.1720359325408936,4.875870227813721,5.650311470031738,5.531881809234619,3.1876285076141357,3.647512435913086,14.529094696044922,4.797336578369141,2.377471685409546,3.660646677017212,1.7900207042694092,4.450366497039795,1.9856939315795898,3.7527871131896973,8.384114265441895,4.240690231323242,-1.1771544218063354,3.293241500854492,0.6318583488464355,0.2206731140613556,0.9516335129737854,0.052269548177719116,0.0019881262630885733,0.03783726423819857,music/low_stream/Neverberated - ffs107_02_neverberated_elpoepdeffutsym.mp3,0,,0,Neverberated,ffs107_02_neverberated_elpoepdeffutsym,archive_low_download,885.0,low_stream,0.0
52.89503401360544,30.0,143.5546875,A# minor,4205.075968216324,497.2661350670236,7910.502166275639,3075.5570572275064,0.25240021224361453,0.05798375974091601,-28.20017433166504,18.408445358276367,25.9622859954834,15.915881156921387,10.133034706115723,9.188389778137207,25.675485610961914,11.1497220993042,8.666605949401855,7.172491550445557,22.300064086914062,5.198301792144775,8.602537155151367,4.8332743644714355,12.996235847473145,5.789753437042236,3.9023165702819824,5.389689922332764,8.217669486999512,5.911993026733398,0.6223790049552917,5.209166526794434,4.661431312561035,4.1027326583862305,-3.272512435913086,4.677120685577393,0.6217483282089233,0.22180020809173584,0.131311297416687,0.014947480522096157,-0.029908320765024247,0.07980139929470217,music/low_stream/Lately Kind of Yeah - Lately Kind of Yeah - Espers - 46 The Deathly Duke.mp3,0,,0,Lately Kind of Yeah,Lately Kind of Yeah - Espers - 46 The Deathly Duke,archive_low_download,773.0,low_stream,0.0
314.1066666666667,30.0,117.45383522727273,G minor,1494.226038852496,972.326209802104,3295.955069810613,1835.1675772421129,0.05231109713622291,0.03195041798261906,-199.25491333007812,89.17877197265625,140.65736389160156,52.812339782714844,19.61326026916504,18.749061584472656,18.212900161743164,14.308505058288574,-1.8121179342269897,14.529187202453613,-9.56209945678711,21.60154151916504,-2.886009931564331,11.184527397155762,-1.0560028553009033,12.030329704284668,-11.897941589355469,12.357216835021973,-1.1428636312484741,10.3920259475708,-9.261796951293945,10.004798889160156,-8.719873428344727,11.634281158447266,-5.141441345214844,8.79389476776123,0.4230272173881531,0.29211506247520447,0.11115329712629318,0.04258820042014122,-0.07208912293117636,0.16964698578795942,music/low_stream/kowi - art005_kowi-no_name.mp3,0,,0,kowi,art005_kowi-no_name,archive_low_download,941.0,low_stream,0.0
94.65741496598639,30.0,129.19921875,B major,3724.2096244464065,1035.054069392855,7021.632541148655,2904.164303358694,0.2400616625145124,0.10393002759739639,-9.683487892150879,90.21295928955078,49.893653869628906,29.4459285736084,17.545621871948242,19.667160034179688,10.830400466918945,12.372672080993652,-8.354538917541504,12.23117446899414,21.564224243164062,12.939635276794434,-1.6467870473861694,8.316842079162598,2.827252149581909,8.179323196411133,-3.7710814476013184,7.981503486633301,-1.2970227003097534,7.933609962463379,2.418889045715332,9.167332649230957,2.9700753688812256,9.28834342956543,2.357720375061035,9.455820083618164,0.4451768696308136,0.3284098207950592,0.23358243703842163,0.07406740635633469,-0.029058084120491007,0.0969582173262343,music/low_stream/Atomi​-​chan - 03. I like neko lolis. I'm a pedo- or a zoophile.mp3,0,,0,Atomi​-​chan,03. I like neko lolis. I'm a pedo- or a zoophile,archive_low_download,780.0,low_stream,0.0
98.39378684807257,30.0,151.99908088235293,E minor,591.821466138749,226.22097804261367,1624.1401790465363,1106.3923951721645,0.013262580422794117,0.005483622637598239,-282.2729797363281,59.15375900268555,104.26368713378906,26.681116104125977,-8.453956604003906,11.60630989074707,50.98390197753906,15.043412208557129,59.76408767700195,14.681180000305176,7.697747707366943,10.440804481506348,14.501425743103027,13.262691497802734,36.90956497192383,10.178224563598633,22.16400146484375,14.054889678955078,9.041022300720215,6.5488457679748535,16.3570613861084,11.92780876159668,18.710124969482422,8.515846252441406,10.206002235412598,9.560322761535645,0.3460409939289093,0.3620311915874481,0.2809911072254181,0.12468235939741135,0.0007308358810079161,0.21448850495728058,music/low_stream/Dr. NoiseM Tapes - 04. Dr NoiseM - Tisch.mp3,0,,0,Dr. NoiseM Tapes,04. Dr NoiseM - Tisch,archive_low_download,836.0,low_stream,0.0
335.82984126984127,30.0,117.45383522727273,A minor,843.2916169007332,543.4369032303993,1430.5080165803986,1721.8924560500998,0.01505697622387771,0.01791226213088493,-400.2658996582031,125.9977035522461,93.96174621582031,40.19170379638672,34.03921127319336,28.566753387451172,38.96417999267578,13.027738571166992,13.83029842376709,10.971396446228027,29.35553550720215,11.094985008239746,11.187703132629395,6.496667861938477,18.891721725463867,6.800808429718018,10.34580135345459,6.365744590759277,12.630050659179688,5.210052013397217,11.8781099319458,5.985350131988525,11.086569786071777,5.424885272979736,3.2174665927886963,4.288744926452637,0.3651594817638397,0.3416409194469452,0.06320049613714218,0.045537617057561874,0.026538932846777306,0.21706418554503806,music/low_stream/Tim Walters - 03_under_64kb.mp3,0,,0,Tim Walters,03_under_64kb,archive_low_download,852.0,low_stream,0.0
389.04,30.0,92.28515625,B minor,1781.7012275275604,262.944076780218,3933.2928825827207,2103.7761286860987,0.07469909479005418,0.028454700582593057,-15.954693794250488,102.5138168334961,117.99915313720703,27.837581634521484,-11.910152435302734,14.117535591125488,38.722023010253906,12.28648853302002,-6.6214280128479,6.8397345542907715,4.93955135345459,5.671670436859131,-2.302057981491089,5.696324825286865,3.5207924842834473,4.833309173583984,-0.878400981426239,4.29240608215332,0.3138639032840729,4.371906280517578,-7.456459999084473,4.23494291305542,-2.087942361831665,4.158422946929932,-3.7153217792510986,4.609540939331055,0.5042804479598999,0.2669951319694519,0.2724078893661499,0.06579756736755371,-0.013558897433238267,0.06558164425310131,music/low_stream/Dweller - 02 - Subspecies.mp3,0,,0,Dweller,02 - Subspecies,archive_low_download,818.0,low_stream,0.0
762.4505215419501,30.0,123.046875,C major,650.8978384481401,62.33429249207891,1209.7260182856037,856.3314787818731,0.03430893841911765,0.006848013341452161,-346.5933532714844,35.4416389465332,223.18679809570312,13.928511619567871,-20.83168601989746,12.133075714111328,20.45757293701172,5.245151519775391,19.097457885742188,6.876675128936768,-3.04121732711792,4.617454528808594,3.7802820205688477,3.806084156036377,-0.7813825607299805,4.08241081237793,3.40808367729187,3.9975874423980713,-0.21175722777843475,4.349019527435303,-0.7822192907333374,3.6838278770446777,1.4051233530044556,3.8427658081054688,0.15135537087917328,3.760049819946289,0.2914987802505493,0.2821027934551239,0.033835507929325104,0.014125263318419456,0.14226726838660064,0.13222497307932107,music/low_stream/twoleggedzoo - Zimmer132.1_Twoleggedzoo_-_synapse_bath.mp3,0,,0,twoleggedzoo,Zimmer132.1_Twoleggedzoo_-_synapse_bath,archive_low_download,941.0,low_stream,0.0
167.20979591836735,30.0,89.10290948275862,E minor,978.9613099090354,666.9065614110377,1701.0647138943982,986.3682815219914,0.06135677184113777,0.04693539485940734,-270.0981750488281,110.06837463378906,167.35450744628906,44.37898635864258,7.431985378265381,47.04331588745117,0.34859880805015564,22.042343139648438,-15.697368621826172,15.96838665008545,-7.881128311157227,10.854690551757812,-4.203258037567139,8.870625495910645,-0.3541795015335083,8.003552436828613,-1.620247721672058,7.669139385223389,-5.77010440826416,9.232309341430664,-6.861145973205566,9.611654281616211,0.7217594981193542,8.644330024719238,-7.686783313751221,7.4628448486328125,0.3058933913707733,0.3099064826965332,0.08780627697706223,0.05648920685052872,-0.0029676337353193834,0.14722633566699764,music/low_stream/Marcus Burkhard - 18_vbr.mp3,0,,0,Marcus Burkhard,18_vbr,archive_low_download,926.0,low_stream,0.0
371.1357596371882,30.0,80.74951171875,G major,2859.723684552413,276.2938961463384,5126.285668718557,2030.411243747057,0.15914605202689627,0.038937098386117294,-69.28677368164062,48.08083724975586,44.9853515625,15.389602661132812,-71.44703674316406,8.308815956115723,32.61817932128906,6.15780782699585,-8.06545352935791,6.343081951141357,15.486231803894043,6.687215805053711,-21.674762725830078,5.255090713500977,23.097091674804688,8.683854103088379,-8.669361114501953,8.613530158996582,21.162521362304688,8.600297927856445,2.3823959827423096,7.0839409828186035,7.208656311035156,6.796430587768555,-24.48774528503418,9.159991264343262,0.20544911921024323,0.2805180847644806,0.1881723552942276,0.03779739513993263,0.005520103313287671,0.10422689374321024,music/low_stream/pH3 - 07_pH3_Sunrise_The_Seering_Paradox_Of_Eternity.mp3,0,,0,pH3,07_pH3_Sunrise_The_Seering_Paradox_Of_Eternity,archive_low_download,958.0,low_stream,0.0
96.9665306122449,30.0,151.99908088235293,F minor,3998.9262461321846,1029.2310100471764,8240.541837237568,3374.109912704261,0.20150785180437306,0.1263535773303148,-65.43292236328125,48.41630172729492,38.605716705322266,28.552265167236328,45.22086715698242,10.834893226623535,8.396197319030762,9.483377456665039,3.5020759105682373,6.0644378662109375,17.77670669555664,6.166494846343994,-2.340548515319824,5.862640857696533,7.810539245605469,5.045854568481445,3.303225040435791,5.545117378234863,7.655327796936035,5.253789901733398,0.49833229184150696,5.531861305236816,6.4863762855529785,6.308436393737793,-1.0809924602508545,6.606193542480469,0.3621387779712677,0.2978728115558624,0.16112565994262695,0.04065454378724098,0.014424516270668328,0.11704088058758871,music/low_stream/I Killed Techno! - Earth Dies Screaming - 02-I-Killed-Techno-Return-Of-The-Space-Dinosaurs.mp3,0,,0,I Killed Techno! / Earth Dies Screaming,02-I-Killed-Techno-Return-Of-The-Space-Dinosaurs,archive_low_download,804.0,low_stream,0.0
270.4106875,30.0,112.34714673913044,E major,1172.9020521661641,717.3484049824903,2711.825268630273,1828.5291704234678,0.030452196812113003,0.019281237869607438,-250.1768035888672,70.0965805053711,122.87976837158203,22.782617568969727,26.312488555908203,16.558015823364258,15.660425186157227,10.021382331848145,15.977505683898926,5.864715099334717,9.424283027648926,5.895550727844238,6.463325023651123,4.893676280975342,5.2068634033203125,4.382211685180664,7.762090682983398,6.618541240692139,11.504140853881836,5.314863681793213,16.651185989379883,7.744593143463135,22.2200927734375,8.589398384094238,20.989696502685547,7.719103813171387,0.43117719888687134,0.2966453433036804,0.09539653360843658,0.08257264643907547,-0.009765020918924104,0.08814676299695977,music/low_stream/Schizoidal - SCHIZOIDAL-Jam_sessions_01.mp3,0,,0,Schizoidal,SCHIZOIDAL-Jam_sessions_01,archive_low_download,937.0,low_stream,0.0
241.38897959183674,30.0,143.5546875,C minor,2736.642315259091,481.47835092222573,5385.450768249323,2415.6525850874787,0.15862413530379257,0.03770527385149803,-12.910567283630371,66.81917572021484,71.08946990966797,17.436424255371094,-21.916820526123047,8.831205368041992,52.44278335571289,11.814419746398926,5.418494701385498,9.391446113586426,20.988386154174805,10.226202964782715,-6.238158226013184,7.151242733001709,10.495258331298828,6.410758972167969,-17.39527702331543,6.098723888397217,6.617381572723389,5.560396194458008,-22.63165855407715,7.084405422210693,11.924004554748535,6.4869303703308105,-6.914495468139648,6.262325763702393,0.5220457911491394,0.26009172201156616,0.19247500598430634,0.03463481366634369,0.008817597864870233,0.04850926962061135,music/low_stream/Morbidium - 2.Fraility_In_Human_Endurance_64kb.mp3,0,,0,Morbidium,2.Fraility_In_Human_Endurance_64kb,archive_low_download,783.0,low_stream,0.0
303.624126984127,30.0,143.5546875,D major,2696.513312101927,1747.878142292493,5607.174427516689,2520.4496077281183,0.11789913590847523,0.11358934028437359,-308.1568603515625,172.21182250976562,46.497764587402344,47.2689323425293,12.23087215423584,21.289012908935547,14.379081726074219,16.316509246826172,10.017378807067871,13.402369499206543,7.062661170959473,12.63454818725586,-0.320846825838089,11.904260635375977,-6.9290971755981445,12.1892728805542,-3.7870919704437256,12.847672462463379,1.0769068002700806,10.870699882507324,0.2932531535625458,11.889520645141602,0.9618323445320129,9.832198143005371,1.9384561777114868,12.899374008178711,0.3126818537712097,0.31169214844703674,0.04328764230012894,0.02822704426944256,-0.033063635256727245,0.1679339320617298,music/low_stream/FamiCorp Virtual Enterprises - FamiCorp Virtual Enterprises - Hoe™ - 19 SuperMall.mp3,0,,0,FamiCorp Virtual Enterprises,FamiCorp Virtual Enterprises - Hoe™ - 19 SuperMall,archive_low_download,797.0,low_stream,0.0
259.19043083900226,30.0,143.5546875,B minor,1616.1250059384724,1105.3786687539305,3393.579479489164,1921.0743351483793,0.06772596991099071,0.057912328729870295,-564.6959228515625,65.52889251708984,36.30414962768555,52.77323532104492,9.8868989944458,19.006011962890625,0.33942270278930664,17.653066635131836,-1.2714647054672241,12.910527229309082,-0.15881913900375366,11.149333000183105,0.5023793578147888,12.591652870178223,0.1258726865053177,11.881755828857422,-0.04116937145590782,8.234821319580078,0.42379581928253174,6.925746917724609,1.4781526327133179,7.380252361297607,2.261584520339966,6.669970989227295,2.633525848388672,5.683774471282959,0.39626598358154297,0.3590829372406006,0.005557427182793617,0.019083142280578613,0.009396280557847088,0.10251792166179906,music/low_stream/the Beige Channel - 04YouPhthalate.mp3,0,,0,the Beige Channel,04YouPhthalate,archive_low_download,822.0,low_stream,0.0
327.60956916099775,30.0,123.046875,A minor,2066.4203614971193,1100.7889124608125,3804.726993336397,2014.4734108023697,0.10780547056404799,0.08993856122173137,-387.4126281738281,89.40675354003906,102.69963836669922,52.1260986328125,-3.4220855236053467,28.616233825683594,18.927270889282227,31.47936248779297,-13.06258487701416,26.692869186401367,-2.3185391426086426,16.780672073364258,-16.942712783813477,17.010311126708984,-0.5038774609565735,14.941829681396484,-13.149664878845215,13.86269760131836,-1.6810089349746704,13.660178184509277,-1.0063492059707642,13.172804832458496,0.32680824398994446,10.201220512390137,-4.023959636688232,9.599348068237305,0.3643299639225006,0.3181702792644501,0.013914704322814941,0.010026507079601288,0.006284639434269884,0.09684546132812888,music/low_stream/Spettro Records - 86-15 15.mp3,0,,0,Spettro Records,86-15 15,archive_low_download,825.0,low_stream,0.0
185.30589569160998,30.0,103.359375,G# minor,636.3350584326499,354.8758626225554,1042.1270317337462,824.4987967154747,0.037211037272639316,0.011379897595851379,-318.3420715332031,74.54739379882812,198.2746124267578,33.405487060546875,42.06071472167969,31.02727508544922,10.263053894042969,18.622692108154297,-11.904790878295898,12.648847579956055,-15.479011535644531,11.751909255981445,-5.80965518951416,13.798900604248047,-15.067609786987305,16.540325164794922,-5.735229015350342,12.116473197937012,-5.430150985717773,10.208903312683105,-13.0408296585083,10.41405963897705,-7.711640357971191,8.211081504821777,-5.542196750640869,8.25285816192627,0.24281878769397736,0.29902833700180054,0.11674806475639343,0.04247754439711571,0.06641511733933396,0.284000794814947,music/low_stream/Macramota+la ola que queria ser chau+Aceituna+Tengo un grupo musical - 04autobombo.mp3,0,,0,Macramota+la ola que queria ser chau+Aceituna+Tengo un grupo musical,04autobombo,archive_low_download,928.0,low_stream,0.0
61.309387755102044,30.0,143.5546875,C# major,2289.9610855096935,1269.0904856545092,3165.3391929602844,2221.89428042141,0.14022855492937306,0.12880971321064646,-853.6549072265625,22.360517501831055,21.92683982849121,14.559350967407227,-7.259209156036377,5.899413108825684,-4.9477128982543945,9.193009376525879,8.820520401000977,3.7483456134796143,10.345763206481934,5.185761451721191,-25.718496322631836,8.752473831176758,-45.21964645385742,18.115882873535156,-32.15834045410156,12.48047161102295,7.559355735778809,4.032979965209961,15.077659606933594,8.69626235961914,1.9744356870651245,3.3838841915130615,-9.828473091125488,4.442411422729492,0.24051539599895477,0.3419884741306305,0.0006463436293415725,0.00033139580045826733,0.041485524662069034,0.2768491536423087,music/low_stream/Bokor & Pablo Reche - Sample 10.mp3,0,,0,Bokor & Pablo Reche,Sample 10,archive_low_download,968.0,low_stream,0.0
128.80979591836734,30.0,135.99917763157896,G# major,1341.197971133859,436.23835429111625,3083.981351586687,1863.0488164412152,0.04466148352844427,0.016099025785440178,-183.94996643066406,71.51799774169922,130.57310485839844,25.749794006347656,-1.419000267982483,20.26103973388672,50.22138214111328,15.263723373413086,7.6417694091796875,10.94035530090332,2.856534242630005,10.114423751831055,-0.21321573853492737,8.213051795959473,3.837686538696289,9.023117065429688,-2.728879928588867,7.170225143432617,-11.27340316772461,10.3706693649292,-11.274044036865234,8.737910270690918,-3.999494791030884,7.8927202224731445,-4.837388515472412,7.050250053405762,0.32758060097694397,0.30261293053627014,0.11042700707912445,0.03927232325077057,0.04315788268936141,0.16396370064856416,music/low_stream/The Stutters - Stutters_01.mp3,0,,0,The Stutters,Stutters_01,archive_low_download,768.0,low_stream,0.0
121.8736507936508,30.0,107.666015625,F# minor,2946.1259292932864,491.7663054127031,6144.429512142028,2742.365806095048,0.1360090037248452,0.044966485605471895,9.345662117004395,59.64337921142578,64.2170181274414,17.232967376708984,-2.794125556945801,13.015111923217773,30.122962951660156,11.419825553894043,1.3524835109710693,11.952083587646484,16.989208221435547,7.125181674957275,-4.166948318481445,10.81587028503418,-1.7469240427017212,6.580451011657715,-5.835646152496338,8.261505126953125,0.7993770837783813,7.227790832519531,-1.5025634765625,5.950480937957764,4.801807403564453,6.126438617706299,1.4336998462677002,6.342466831207275,0.4596531093120575,0.2825023829936981,0.2759844660758972,0.10457754135131836,-0.010912463641366905,0.07604325205043161,music/low_stream/VIVA BAZOOKA - 03 Jeudi Gras.mp3,0,,0,VIVA BAZOOKA,03 Jeudi Gras,archive_low_download,865.0,low_stream,0.0
211.8906349206349,30.0,80.74951171875,G minor,3340.0169205546144,2057.663521212806,5411.933941442531,2067.1361665869076,0.21385698348006965,0.1896509561425222,-353.03851318359375,115.2822036743164,31.13882064819336,72.54426574707031,-47.67844009399414,54.14128875732422,-63.36647415161133,33.49832534790039,-5.861363887786865,18.495573043823242,18.33808135986328,15.488097190856934,-5.619554042816162,12.240774154663086,15.16395092010498,9.748377799987793,-6.147334575653076,13.983407974243164,1.7831743955612183,9.33687973022461,-3.38620924949646,10.766307830810547,-1.1052956581115723,13.7305269241333,-6.544776916503906,10.195135116577148,0.3653106391429901,0.3058544099330902,0.03284366801381111,0.028138482943177223,-0.04855418307922289,0.17181901824540022,music/low_stream/₦ihilis₮ - 07. VII.mp3,0,,0,₦ihilis₮,07. VII,archive_low_download,866.0,low_stream,0.0
1999.0737188208616,30.0,129.19921875,A# minor,2298.8674322905968,205.9089870351153,4799.9126422515965,2381.9123589135784,0.06088889863099845,0.021368015280338333,133.47872924804688,21.293142318725586,94.16644287109375,9.208967208862305,-23.26888656616211,6.901517391204834,21.265729904174805,7.875405311584473,3.863645553588867,4.771420001983643,16.538726806640625,4.429580211639404,3.88728404045105,4.977028846740723,11.382792472839355,3.879173755645752,0.913202702999115,4.454516410827637,5.531478404998779,4.658853054046631,-0.6273012161254883,4.394893646240234,4.718410015106201,3.94647216796875,-1.501113772392273,3.4257290363311768,0.5555413365364075,0.24439632892608643,0.7645173072814941,0.010675881989300251,-0.0032509599649307125,0.0531766403432863,music/low_stream/Dr. NoiseM Tapes - 11-1. Dr. NoiseM - Einen Ring mit zwei blutroten Steinen (Flexi-Terror Mix).mp3,0,,0,Dr. NoiseM Tapes,11-1. Dr. NoiseM - Einen Ring mit zwei blutroten Steinen (Flexi-Terror Mix),archive_low_download,805.0,low_stream,0.0
539.2774376417234,30.0,123.046875,C minor,432.20377756474414,474.42118119600036,786.7452426591525,674.6346799411959,0.015682822779605265,0.027905282072540834,-396.63385009765625,61.62007522583008,76.99356842041016,47.553531646728516,15.919591903686523,31.677013397216797,25.637855529785156,21.60199737548828,50.70112609863281,20.76904296875,37.245391845703125,14.810750961303711,14.551715850830078,12.017629623413086,19.442481994628906,9.100293159484863,28.335006713867188,9.07677173614502,19.06534194946289,8.076821327209473,11.083340644836426,7.715376853942871,15.906872749328613,7.5419511795043945,16.902667999267578,7.444050312042236,0.6838315725326538,0.22806444764137268,0.17687159776687622,0.15238742530345917,0.019180793667542263,0.0745398779319531,music/low_stream/Deep-X Recordings - deepx281-01_-_BKMZ_-_Spada.mp3,0,,0,Deep-X Recordings,deepx281-01_-_BKMZ_-_Spada,archive_low_download,772.0,low_stream,0.0
411.4780416666667,30.0,123.046875,C major,594.9068864865044,364.1043558568523,915.3944647349072,879.8799930548997,0.027386077786377708,0.02769483155289996,-335.65484619140625,99.32929229736328,152.7181854248047,61.08704376220703,25.371910095214844,44.574623107910156,0.38410085439682007,24.841575622558594,5.575749397277832,23.468421936035156,12.316648483276367,10.248427391052246,10.426090240478516,13.564774513244629,1.2979528903961182,12.582469940185547,-5.691882610321045,11.476773262023926,-1.6590198278427124,7.485024929046631,5.294162273406982,6.521925926208496,7.244083404541016,7.5548529624938965,2.8605833053588867,6.421117782592773,0.37951377034187317,0.3229939043521881,0.08390642702579498,0.08825527131557465,0.09773564653537727,0.17297947881264644,music/low_stream/Turb0slut - turb0slut_-_03_i_live_in_a_ghetto_64kb.mp3,0,,0,Turb0slut,turb0slut_-_03_i_live_in_a_ghetto_64kb,archive_low_download,916.0,low_stream,0.0
117.77160997732426,30.0,123.046875,G# minor,1704.644036513609,429.72033256766827,3868.8266057348105,2121.4873375826596,0.05485416565886223,0.021710858311020483,-13.2034912109375,61.09053039550781,115.6147232055664,20.897676467895508,-9.452102661132812,17.829530715942383,44.789329528808594,12.31021785736084,6.329649448394775,6.217637062072754,14.9823579788208,6.031431674957275,5.168148040771484,5.492120265960693,8.791585922241211,6.037356376647949,-0.25269731879234314,5.088432312011719,11.761215209960938,5.346360683441162,2.706493377685547,5.134195327758789,1.9016863107681274,4.6727681159973145,-2.509343385696411,4.551862716674805,0.45174646377563477,0.28732290863990784,0.38900813460350037,0.08995811641216278,0.05561235884314087,0.14587176470108046,music/low_stream/LA_MARAVILLOSA_CABEZA_PARLANTE - 04-LaMaravillosaCabezaParlante-MltiplesFormasDeAmar.mp3,0,,0,LA_MARAVILLOSA_CABEZA_PARLANTE,04-LaMaravillosaCabezaParlante-MltiplesFormasDeAmar,archive_low_download,768.0,low_stream,0.0
238.94204081632654,30.0,83.35433467741936,D major,2686.568188822057,728.5567054914615,5238.96832067531,2324.438131993465,0.14054072235390866,0.053377924933691936,-24.926952362060547,140.24925231933594,73.96835327148438,29.90868377685547,-21.37969207763672,13.003015518188477,28.807022094726562,9.501988410949707,-1.0010334253311157,11.987629890441895,-6.335600852966309,7.070119857788086,-10.184906959533691,7.547002792358398,12.703693389892578,5.464639186859131,1.0206516981124878,5.494821071624756,4.009129524230957,5.271811008453369,-1.937203288078308,5.252303600311279,-2.229098081588745,5.189897537231445,-5.411038398742676,4.73064661026001,0.4910893738269806,0.2748534083366394,0.20784416794776917,0.08384725451469421,-0.0015266103358650461,0.09833365550556007,music/low_stream/Struggleburger - GOV03_vbr.mp3,0,,0,Struggleburger,GOV03_vbr,archive_low_download,800.0,low_stream,0.0
247.6834693877551,30.0,129.19921875,B minor,1881.0833334127901,534.3668150539962,3599.244902525155,1954.7601755569326,0.0913225770365712,0.03863499778193943,-114.66691589355469,56.36318588256836,116.11377716064453,22.796146392822266,-41.006752014160156,27.554492950439453,8.496297836303711,12.02127456665039,-3.063507080078125,12.263947486877441,8.11784839630127,12.09415340423584,-0.18524698913097382,9.203195571899414,7.125455856323242,9.504985809326172,-3.537360429763794,8.412351608276367,4.397974014282227,8.36510181427002,-1.0284138917922974,7.429248809814453,3.937063455581665,7.449019908905029,-0.8913067579269409,6.618697643280029,0.4605337083339691,0.2875785827636719,0.12790411710739136,0.09152140468358994,-0.00029294042925528426,0.07289194937924252,music/low_stream/Modul - pass018a_-_01_modul_-_catch_the_noon.mp3,0,,0,Modul,pass018a_-_01_modul_-_catch_the_noon,archive_low_download,772.0,low_stream,0.0
161.33224489795919,30.0,123.046875,F major,2224.17092119756,651.8103068750578,4196.32462539909,1916.7634090268948,0.14165749564628483,0.0666780884813581,-120.97032165527344,78.86397552490234,110.76873016357422,37.819557189941406,-49.10163116455078,14.651169776916504,27.330015182495117,14.642698287963867,-27.46662712097168,7.887777328491211,16.709156036376953,6.96847677230835,-10.72065544128418,7.361254692077637,7.9955058097839355,5.974102020263672,-9.269143104553223,5.5462646484375,5.526121139526367,6.114518642425537,-5.84989070892334,4.558341979980469,4.011761665344238,4.413795471191406,-7.307742595672607,5.594985008239746,0.5516484379768372,0.2577824294567108,0.08953383564949036,0.05108705535531044,0.02280885630770933,0.06457783861582281,music/low_stream/Xenophobe - 006ClassofSecular1990Hymn_64kb.mp3,0,,0,Xenophobe,006ClassofSecular1990Hymn_64kb,archive_low_download,764.0,low_stream,0.0
410.1572789115646,30.0,73.828125,C# major,3378.8974434443917,648.8050868333556,6581.351870132305,2710.1628607755965,0.14638649199400156,0.10154710838783125,-16.747392654418945,54.40856170654297,41.746402740478516,23.40643310546875,0.8857888579368591,11.949963569641113,44.855899810791016,6.715002059936523,-3.4692533016204834,6.146711349487305,22.219480514526367,5.6387200355529785,-0.04783739149570465,5.483846664428711,14.313998222351074,5.35264778137207,-6.011030197143555,4.494419574737549,11.070232391357422,4.6296515464782715,-3.4877734184265137,4.350436210632324,9.740860939025879,4.467920303344727,-0.6430129408836365,4.356842517852783,0.463153600692749,0.299776554107666,0.257712721824646,0.08604636788368225,-0.01815683538592399,0.20528090877655564,music/low_stream/Light in Your Life - 10-Light_in_Your_Life-Psych_vbr.mp3,0,,0,Light in Your Life,10-Light_in_Your_Life-Psych_vbr,archive_low_download,964.0,low_stream,0.0
293.0933333333333,30.0,99.38401442307692,F major,690.6797588491371,426.836501443008,1351.0501637178309,876.0962614784404,0.03547597595781734,0.03594655605695732,-323.9719543457031,43.69769287109375,192.00003051757812,24.8662052154541,-22.539838790893555,17.735307693481445,33.81308364868164,16.720096588134766,30.280881881713867,15.859435081481934,-4.19158411026001,9.727603912353516,0.5877389907836914,10.253769874572754,-21.362770080566406,13.518468856811523,-17.229326248168945,8.785665512084961,0.49977126717567444,7.630185127258301,-8.955262184143066,7.907395362854004,-13.049318313598633,7.3669562339782715,-9.058290481567383,9.249489784240723,0.26402658224105835,0.2913418114185333,0.07594842463731766,0.021363744512200356,0.07044090496707858,0.3110078768449716,music/low_stream/Luca Crivellaro - 04RoundWindow.mp3,0,,0,Luca Crivellaro,04RoundWindow,archive_low_download,870.0,low_stream,0.0
306.1795918367347,30.0,161.4990234375,C major,1264.370345720444,544.6272541395116,2506.1848454431115,1753.2760165323573,0.04478015250096749,0.02155429856954795,-166.05821228027344,106.16062927246094,147.32717895507812,36.236392974853516,0.06990528106689453,17.385202407836914,25.426937103271484,16.59143829345703,8.858434677124023,11.736026763916016,1.3906339406967163,11.684819221496582,1.184852123260498,8.43769645690918,8.020991325378418,6.327092170715332,4.192416667938232,6.144270896911621,-1.4261293411254883,6.123197078704834,-6.85400390625,6.471256256103516,6.027557849884033,6.5552191734313965,-0.3029623031616211,5.809762954711914,0.46594682335853577,0.28631821274757385,0.12566423416137695,0.05676998943090439,0.030004677924988583,0.10797489006445199,music/low_stream/Unknown - Jupitter_Goes_Quattrocento_-_03_-_1000_Movements.mp3,0,,0,Unknown,Jupitter_Goes_Quattrocento_-_03_-_1000_Movements,archive_low_download,798.0,low_stream,0.0
46.02324263038549,30.0,103.359375,G# minor,2281.3505843535922,674.0153919011408,4392.990102856521,2035.7000074886093,0.13347765092879257,0.07497353819774971,-117.80020141601562,61.33280563354492,97.31383514404297,28.436786651611328,-29.721912384033203,13.195358276367188,37.38571548461914,15.040428161621094,-22.452608108520508,13.91066837310791,13.753324508666992,14.600920677185059,-13.581878662109375,8.635536193847656,-0.9919880628585815,9.413546562194824,-18.6920108795166,11.79914379119873,-3.920898914337158,8.175241470336914,-10.487255096435547,8.73963451385498,-5.272983074188232,8.282990455627441,-5.658066749572754,5.8995537757873535,0.4191652536392212,0.3057625889778137,0.11357858031988144,0.08440763503313065,0.040165193985686014,0.10019702208706331,music/low_stream/Andy N - 07sonnet2toni.mp3,0,,0,Andy N,07sonnet2toni,archive_low_download,837.0,low_stream,0.0
221.4218820861678,30.0,99.38401442307692,E minor,762.1947787170006,174.24462804808215,1404.283175158427,1241.1365368041265,0.02573604997097523,0.018537401280517084,-322.4956359863281,102.38917541503906,145.3650665283203,32.18439865112305,19.001724243164062,17.8419246673584,13.841277122497559,7.257901668548584,-3.381640911102295,6.686455249786377,-4.835001468658447,8.672751426696777,0.9109928011894226,7.884568214416504,-7.411419868469238,6.2921462059021,-19.836137771606445,11.790180206298828,2.2548303604125977,5.231755256652832,11.284956932067871,8.340568542480469,-3.194903612136841,6.8095550537109375,-11.278045654296875,13.130374908447266,0.24481868743896484,0.2935899496078491,0.0811411589384079,0.053866297006607056,0.010705992949746446,0.2017729377883733,music/low_stream/James Fahy - 048_seedGreen.mp3,0,,0,James Fahy,048_seedGreen,archive_low_download,769.0,low_stream,0.0
225.0,30.0,151.99908088235293,F minor,3211.2585970362998,605.7379062456558,6637.293198529412,2880.4132870823646,0.11049668633900929,0.052754806848774885,-95.1339111328125,79.90415954589844,45.189002990722656,19.171049118041992,22.04241943359375,15.227508544921875,43.41920852661133,12.936570167541504,-14.387981414794922,9.220211029052734,-3.612809658050537,9.153183937072754,3.7967660427093506,7.950270652770996,21.26818084716797,7.573742866516113,3.4422898292541504,7.857699394226074,2.3185102939605713,8.345488548278809,5.044291019439697,8.831783294677734,17.863990783691406,7.807584285736084,8.528520584106445,7.884039878845215,0.4957449734210968,0.2780165374279022,0.15214364230632782,0.05215058475732803,0.1205865892063901,0.21067273677924328,music/low_stream/Plagiat - 2021-04-05_Plagiat_J-ai-achet-r-un-Agno-Gastrik-chez-Wish-n-Lidl_PartI.mp3,0,,0,Plagiat,2021-04-05_Plagiat_J-ai-achet-r-un-Agno-Gastrik-chez-Wish-n-Lidl_PartI,archive_low_download,986.0,low_stream,0.0
47.30882086167801,30.0,143.5546875,B minor,1579.2971796925747,660.7707512173682,2447.068536244679,828.8464408781738,0.12626038542472912,0.07291445252838304,-283.0071716308594,107.42621612548828,136.49850463867188,78.22785949707031,-72.5970230102539,51.9835319519043,17.44111442565918,42.88836669921875,20.406570434570312,26.8834171295166,-46.461605072021484,27.001279830932617,-3.475494146347046,20.56798553466797,2.1697936058044434,17.720233917236328,-26.12278175354004,15.627914428710938,-6.098409175872803,14.375805854797363,-2.058190107345581,13.057931900024414,-8.591751098632812,9.458159446716309,-4.478578567504883,11.097397804260254,0.31701895594596863,0.3223778009414673,0.10921724140644073,0.08154506236314774,-0.0054075522970739535,0.10112955009374294,"music/low_stream/Гиф - 073. Я Тебя Раздавлю, Потрох Сучий.mp3",0,,0,Гиф,"073. Я Тебя Раздавлю, Потрох Сучий",archive_low_download,860.0,low_stream,0.0
184.10192743764173,30.0,161.4990234375,C minor,1340.26213647366,211.8224697005186,1822.1889814725232,920.4743329500906,0.09878209353231424,0.014111909502955124,-314.18743896484375,48.28356170654297,145.41331481933594,20.078994750976562,-73.97074890136719,15.066699981689453,-53.489219665527344,17.926700592041016,-44.95100402832031,12.066723823547363,-23.41842269897461,10.827570915222168,4.805912017822266,5.806588172912598,18.101825714111328,6.747193813323975,5.01027774810791,7.141026020050049,-14.524470329284668,6.883643627166748,-26.813720703125,8.032587051391602,-11.865828514099121,6.866673469543457,13.390966415405273,5.315099239349365,0.12650558352470398,0.27326300740242004,0.08581197261810303,0.022358745336532593,0.21930857267461726,0.23591607778297236,music/low_stream/Aortha - 5.mp3,0,,0,Aortha,5,archive_low_download,780.0,low_stream,0.0
396.16367346938773,30.0,161.4990234375,G# minor,1133.6934446088874,536.5734596396366,2001.387897881192,983.8845934359481,0.07510045290731424,0.0168349163700248,-382.7228698730469,122.10969543457031,163.33926391601562,42.48014831542969,-28.88237762451172,34.794288635253906,-24.545013427734375,28.331295013427734,-26.256271362304688,14.325519561767578,-10.920185089111328,10.84235954284668,-19.707637786865234,11.078526496887207,-29.8984317779541,18.372615814208984,-28.146406173706055,15.412796974182129,-7.917725563049316,12.772820472717285,-0.12042456120252609,13.846445083618164,-3.4471042156219482,12.908888816833496,-23.57939910888672,11.900794982910156,0.21039369702339172,0.29760026931762695,0.04813379794359207,0.011695229448378086,0.10641063162420841,0.3266943363849832,music/low_stream/Weldroid - weldroid-05-csillagok.mp3,0,,0,Weldroid,weldroid-05-csillagok,archive_low_download,915.0,low_stream,0.0
252.0708843537415,30.0,66.25600961538461,A# major,2682.2000426021204,636.8416233674592,5815.014837400832,2662.4876963699953,0.10315961808243033,0.04170440156766567,45.965576171875,148.2152862548828,77.17340850830078,24.34269142150879,5.5900702476501465,15.912338256835938,29.89859390258789,8.3060884475708,-1.0102648735046387,8.533368110656738,22.6712589263916,10.706526756286621,-1.7413849830627441,7.558751583099365,7.242258548736572,5.880832672119141,-6.785394191741943,8.043102264404297,-0.7832462191581726,6.764729976654053,-2.843095064163208,6.819002151489258,0.5764824151992798,6.053228378295898,-4.093386650085449,6.7053937911987305,0.3902978301048279,0.2982472777366638,0.6091430187225342,0.242270365357399,0.011110261217454051,0.14711142684081563,music/low_stream/Ego Revenio - 06 - Línea Editorial.mp3,0,,0,Ego Revenio,06 - Línea Editorial,archive_low_download,800.0,low_stream,0.0
285.03662131519275,30.0,80.74951171875,D# minor,3507.5815275334867,421.80448395638206,7973.451785627903,3299.000577859868,0.14788081402380032,0.04140725265936331,-191.06324768066406,106.43468475341797,66.30846405029297,11.914066314697266,23.226402282714844,11.207647323608398,-4.74489164352417,9.173497200012207,6.109649181365967,6.333777904510498,17.37013816833496,5.2133073806762695,-3.5460753440856934,6.562100410461426,0.5121901631355286,5.953906536102295,-13.682600975036621,8.29627799987793,8.206576347351074,8.21824836730957,-12.718140602111816,7.386796951293945,4.181652545928955,5.860507011413574,-8.571927070617676,6.094343662261963,0.28892895579338074,0.2803695499897003,0.053483277559280396,0.03595080226659775,0.04870615028911107,0.137400504446103,music/low_stream/Plumb & Plumber - alg006_05.mp3,0,,0,Plumb & Plumber,alg006_05,archive_low_download,890.0,low_stream,0.0
267.9751927437642,30.0,89.10290948275862,A major,2654.8096467550113,1052.6214751986245,5406.558973944224,2484.114708249408,0.10066908136609908,0.0823262879270636,-90.11983489990234,91.08280944824219,60.03762435913086,35.15476989746094,-5.420926094055176,22.3980770111084,33.7314338684082,16.15397071838379,-0.18490666151046753,15.165247917175293,27.054838180541992,12.776144981384277,7.118821620941162,10.681544303894043,21.409576416015625,10.339363098144531,2.321763515472412,7.168604373931885,18.802093505859375,11.091605186462402,0.8836544156074524,10.273086547851562,11.756999969482422,9.775491714477539,-0.9834185838699341,8.722368240356445,0.5289514660835266,0.2941049039363861,0.2227121889591217,0.08426274359226227,-0.02738983286714156,0.19143518716415972,music/low_stream/Akaratz - 04.Destvo_Moe_RxTx_64kb.mp3,0,,0,Akaratz,04.Destvo_Moe_RxTx_64kb,archive_low_download,983.0,low_stream,0.0
620.7441950113379,30.0,151.99908088235293,A# minor,2868.9430357196616,515.7559017882838,6526.727200440209,2926.079272738546,0.08334189967105263,0.05907853479063833,29.516414642333984,43.08958435058594,68.68653106689453,14.5775785446167,6.239334583282471,13.756752967834473,28.01032257080078,8.290731430053711,15.172941207885742,5.273799896240234,15.613718032836914,5.632373332977295,5.998815536499023,4.846798419952393,11.804975509643555,5.012139797210693,1.2703303098678589,4.450369834899902,8.846466064453125,3.881321430206299,2.2076058387756348,3.918384313583374,6.275574684143066,3.4514474868774414,1.1821919679641724,3.5810632705688477,0.6967304348945618,0.19417132437229156,0.31022459268569946,0.054952215403318405,0.0008274159519345358,0.036479173257610034,music/low_stream/Bee Spit - 04SaintMedicineIii.mp3,0,,0,Bee Spit,04SaintMedicineIii,archive_low_download,914.0,low_stream,0.0
314.7806575963719,30.0,92.28515625,D# minor,2137.2786600704526,1495.2121660165792,4586.2806007219915,2458.9215412174585,0.04482474784732972,0.041821615601518404,-188.5156707763672,96.51957702636719,96.65900421142578,55.94007873535156,39.722747802734375,19.971406936645508,30.36211395263672,7.35107946395874,12.580341339111328,9.821083068847656,19.657743453979492,8.96707820892334,7.243576526641846,6.711904525756836,11.124550819396973,9.050126075744629,4.37768030166626,7.895868301391602,6.046221733093262,9.154658317565918,1.6669666767120361,6.067015171051025,4.711278915405273,6.603287220001221,-5.760448455810547,7.945124626159668,0.4572209417819977,0.3073519170284271,0.12224908173084259,0.035907112061977386,0.0008266707931710859,0.04723363243374613,music/low_stream/Sascha Müller - 12. Sascha Muller - Escape To Tomorrow.mp3,0,,0,Sascha Müller,12. Sascha Muller - Escape To Tomorrow,archive_low_download,873.0,low_stream,0.0
315.8129931972789,30.0,117.45383522727273,G minor,335.34460308745867,101.96481874435236,507.2635993130805,853.2979380072356,0.016234595709171826,0.011589950615946226,-470.494384765625,16.958404541015625,194.11692810058594,17.511455535888672,73.01554107666016,11.585004806518555,9.833212852478027,8.64074420928955,8.828819274902344,6.493872165679932,15.908662796020508,6.043526649475098,16.433923721313477,6.859168529510498,20.293575286865234,4.819803237915039,24.15337562561035,7.629796981811523,23.002517700195312,8.177967071533203,17.422657012939453,6.310919761657715,6.1936774253845215,4.277560234069824,-5.85582160949707,7.812952041625977,0.4602753818035126,0.30361536145210266,0.044412948191165924,0.014268932864069939,-0.005072833045346369,0.06411900487015007,music/low_stream/Winjer3 - False Empiricism.mp3,0,,0,Winjer3,False Empiricism,archive_low_download,859.0,low_stream,0.0
202.8039909297052,30.0,64.599609375,A# major,1536.532851700109,549.6065757124599,3299.580047890867,1967.1456873201846,0.06534578778057276,0.03576338479626977,-140.95509338378906,54.61347579956055,120.82643127441406,36.02732849121094,-5.530638694763184,29.539134979248047,19.688295364379883,17.560134887695312,6.456478595733643,18.350404739379883,21.785539627075195,12.645930290222168,3.6784427165985107,10.45553970336914,7.65830135345459,10.75652027130127,-2.400014638900757,9.605006217956543,-1.3846983909606934,9.111671447753906,-2.78474497795105,10.358195304870605,-4.449018955230713,9.285794258117676,-9.782149314880371,8.52930736541748,0.36423614621162415,0.2896427810192108,0.14775055646896362,0.07926654070615768,0.04059018867245047,0.25372613704959013,music/low_stream/Unknown - 10-Libido-mortido-7-16.mp3,0,,0,Unknown,10-Libido-mortido-7-16,archive_low_download,809.0,low_stream,0.0
342.567,30.0,99.38401442307692,C major,1664.5516987283954,243.90957754072573,3232.0387896369484,1756.462095954674,0.11793088174825851,0.03761993345561232,-153.43869018554688,82.3677978515625,130.18560791015625,16.46981430053711,-27.535751342773438,20.279277801513672,19.788475036621094,9.634427070617676,-9.042237281799316,9.302057266235352,-0.30194148421287537,12.27513313293457,-6.11544132232666,10.66196346282959,-14.080589294433594,11.226677894592285,-5.054464817047119,9.552959442138672,0.3403301537036896,11.489479064941406,1.335015892982483,7.702641487121582,-4.735215187072754,7.477654933929443,0.5117402672767639,7.294027328491211,0.3375623822212219,0.28855547308921814,0.11948881298303604,0.06777801364660263,0.04462680567360215,0.20895473385046134,music/low_stream/Ruido de Fondo - 05_viaje_en_espacio_y_tiempo_64kb.mp3,0,,0,Ruido de Fondo,05_viaje_en_espacio_y_tiempo_64kb,archive_low_download,997.0,low_stream,0.0
811.7466666666667,30.0,112.34714673913044,G# major,663.6679386083124,317.4037443241821,1142.9180889306792,1045.454783082852,0.030521735318304953,0.019360297405708427,-379.9229736328125,112.31329345703125,171.240966796875,41.590576171875,21.948776245117188,44.918121337890625,42.07927322387695,26.04738426208496,14.213184356689453,17.637487411499023,6.958798408508301,8.237306594848633,9.875317573547363,7.458972454071045,0.5782110095024109,7.894629001617432,-0.18049484491348267,6.77786111831665,0.7167709469795227,7.230813026428223,-0.2949041724205017,5.888861179351807,0.539628803730011,6.1113600730896,-5.56220006942749,5.855128765106201,0.29875028133392334,0.31247633695602417,0.0513213649392128,0.02380523271858692,0.1372555690560129,0.3863780303593154,music/low_stream/Pulmón - Pulmon-02-175660180523140805.mp3,0,,0,Pulmón,Pulmon-02-175660180523140805,archive_low_download,817.0,low_stream,0.0
234.04,30.0,58.72691761363637,F major,1149.7103312449951,470.32117539361917,2335.752542690596,1211.801768056312,0.09771822997291021,0.061302940860295946,-148.02195739746094,70.08140563964844,173.9425048828125,29.745595932006836,-46.072025299072266,22.89676284790039,73.70014190673828,13.5997953414917,22.55678367614746,9.436944961547852,2.7762389183044434,9.423493385314941,23.615568161010742,8.19946002960205,10.63791275024414,8.378307342529297,4.69183874130249,7.561590671539307,-3.682847023010254,8.887581825256348,2.859161376953125,8.640700340270996,-0.173928365111351,8.531030654907227,-10.578757286071777,9.53928279876709,0.3704351484775543,0.2966092824935913,0.2721889913082123,0.10815665870904922,0.029317433449594248,0.09910736301341656,"music/low_stream/Unknown - 09.Jeritan, Jeliwan Tok Hudoq & Sabrina - Baung.mp3",0,,0,Unknown,"09.Jeritan, Jeliwan Tok Hudoq & Sabrina - Baung",archive_low_download,773.0,low_stream,0.0
207.27272108843536,30.0,143.5546875,G major,1933.417299877091,1040.659682435011,3900.5264140504064,1992.789062087254,0.08774550116099071,0.04215486835007163,-235.87103271484375,119.96475219726562,117.38868713378906,43.42466735839844,-7.719315528869629,42.69068145751953,-9.70147705078125,18.23834991455078,1.3185480833053589,13.51917552947998,5.639347076416016,13.409826278686523,-4.209249496459961,13.356350898742676,1.6312055587768555,11.883479118347168,0.9758108258247375,11.591285705566406,-3.9807167053222656,9.97032356262207,-12.210542678833008,10.843587875366211,-7.007543563842773,8.720542907714844,-6.1751708984375,9.377843856811523,0.3404655158519745,0.3133619725704193,0.07642386853694916,0.0627138763666153,0.01562085159511296,0.12813677591214934,music/low_stream/Roberto Massoni - 05_Ca1ip5Omp3.mp3,0,,0,Roberto Massoni,05_Ca1ip5Omp3,archive_low_download,759.0,low_stream,0.0
225.68213151927438,30.0,117.45383522727273,D# minor,1820.3827139408797,1039.7413286152455,3854.1016947743324,2175.3678242099436,0.07381436846942724,0.05961265908495342,-112.63524627685547,130.76805114746094,99.60831451416016,43.94874954223633,4.587951183319092,20.387184143066406,18.520885467529297,17.864593505859375,16.113317489624023,16.905948638916016,11.396617889404297,11.746607780456543,-1.8776155710220337,9.387492179870605,4.0887579917907715,9.670342445373535,-3.405616521835327,7.596409797668457,1.2370980978012085,7.5474934577941895,-8.72542667388916,8.218583106994629,-2.805199384689331,7.405268669128418,-3.4147186279296875,6.416134357452393,0.3638612926006317,0.30153071880340576,0.18866106867790222,0.08265204727649689,0.03594249518192598,0.11558852382799996,music/low_stream/netwaves - 06HowFar.mp3,0,,0,netwaves,06HowFar,archive_low_download,760.0,low_stream,0.0
4.781473922902494,4.781496598639456,99.38401442307692,C minor,1382.4040222358851,487.8894684603865,2368.077428132585,912.3981308616736,0.09756143810679611,0.0479818510453278,-238.56494140625,83.07645416259766,157.6182861328125,48.101036071777344,-71.300537109375,44.311336517333984,14.771201133728027,31.261533737182617,18.4280948638916,25.71265411376953,-39.325653076171875,18.58022117614746,6.144632816314697,18.77376365661621,-0.8459813594818115,13.781146049499512,-30.742923736572266,12.801691055297852,-5.418550491333008,16.11679458618164,-7.426950931549072,10.038033485412598,-16.04937171936035,9.400505065917969,-5.737043857574463,9.82889461517334,0.3123375475406647,0.3204679489135742,0.14835523068904877,0.09662911295890808,0.00530529983202835,0.09102342394559723,music/low_stream/Гиф - 005. Жуй Хуй.mp3,0,,0,Гиф,005. Жуй Хуй,archive_low_download,860.0,low_stream,0.0
292.10086167800455,30.0,92.28515625,B minor,1452.5562734349671,363.4918874342139,3194.9473472571594,1508.31404366548,0.06775658197078173,0.040201155154900844,-4.098331451416016,58.74639892578125,163.73428344726562,22.058883666992188,-68.21612548828125,10.98987102508545,73.59952545166016,10.357959747314453,-5.958567142486572,7.008885860443115,14.00057601928711,6.6901116371154785,11.101908683776855,6.677016735076904,-1.69765305519104,6.272631645202637,10.629578590393066,4.669399738311768,5.543091297149658,5.130667209625244,-1.395302176475525,5.4068193435668945,11.341651916503906,5.342213153839111,-4.919521808624268,4.719135761260986,0.739407479763031,0.16845890879631042,0.4853854477405548,0.07249446213245392,-0.010642176788156842,0.05036139917308134,music/low_stream/RedSK - 03Redsk-ThatIsNotASimpleCaseOfPoisonIvy_64kb.mp3,0,,0,RedSK,03Redsk-ThatIsNotASimpleCaseOfPoisonIvy_64kb,archive_low_download,994.0,low_stream,0.0
1232.0,30.0,107.666015625,C# minor,3923.2835644393995,839.4149704592497,7165.681670103279,2727.6799883305766,0.32692205942821206,0.12413702928657827,-382.6113586425781,137.27474975585938,22.11642074584961,21.967449188232422,-7.6234941482543945,20.039369583129883,38.35496520996094,12.79484748840332,16.68389129638672,8.87375545501709,27.060638427734375,10.077412605285645,-4.051531791687012,11.665936470031738,-4.474451541900635,8.572376251220703,2.373312473297119,7.7291131019592285,7.05639123916626,7.334199905395508,9.8087739944458,7.550660133361816,14.485726356506348,8.088391304016113,-4.224069118499756,7.412551403045654,0.3813368082046509,0.297560453414917,0.00912408996373415,0.006404371932148933,-0.0008729890732612379,0.07003765094214323,music/low_stream/Luís Antero - (sounds of) Lockdown.mp3,0,,0,Luís Antero,(sounds of) Lockdown,archive_low_download,915.0,low_stream,0.0
132.4207029478458,30.0,184.5703125,F major,2756.191638570392,350.64683558990424,5290.884673410894,2348.8447381968285,0.16061013992356812,0.03206793704902718,41.97768020629883,35.197322845458984,69.23973083496094,15.3474702835083,-29.42241859436035,18.015474319458008,45.87016296386719,10.784432411193848,14.615954399108887,9.119215965270996,15.458700180053711,6.452902317047119,-9.884856224060059,5.659724712371826,8.096709251403809,5.547771453857422,-1.3049674034118652,4.652230262756348,10.490400314331055,5.174755096435547,-1.7189934253692627,4.8746514320373535,1.5956223011016846,5.205363750457764,-11.701079368591309,5.392887592315674,0.5593149662017822,0.23931573331356049,0.294275164604187,0.04932485148310661,0.0012730861339047056,0.08120854012213265,music/low_stream/MAMUT - 02 Distroyer.mp3,0,,0,MAMUT,02 Distroyer,archive_low_download,970.0,low_stream,0.0
125.67510204081633,30.0,117.45383522727273,F major,1671.4896459805516,741.4200132472456,3305.3216798386707,1964.771313207813,0.07053547673181114,0.04055284025363739,-158.53773498535156,91.38423156738281,121.3436050415039,33.31412887573242,1.0703309774398804,25.799470901489258,16.681880950927734,21.450443267822266,-16.818958282470703,15.208195686340332,2.9619688987731934,13.077133178710938,-15.729378700256348,12.502705574035645,5.448441982269287,13.651175498962402,-1.8183706998825073,15.758151054382324,-6.571499347686768,10.96292781829834,-12.165592193603516,7.681556701660156,-2.337757110595703,8.911629676818848,-10.51833724975586,8.277383804321289,0.3167184293270111,0.30871227383613586,0.17778651416301727,0.12742839753627777,0.03523507929130268,0.13848893971408388,music/low_stream/Indu Mezu TV2 - 20_muslimgauze_vbr.mp3,0,,0,Indu Mezu TV2,20_muslimgauze_vbr,archive_low_download,786.0,low_stream,0.0
729.4084353741497,30.0,107.666015625,G# major,1617.2364434399442,587.2708400548024,3650.4362596446886,1799.841265361883,0.07143758767898607,0.016382956879369994,-77.99546813964844,103.76944732666016,132.98902893066406,31.909099578857422,-14.810982704162598,7.968934535980225,55.33652877807617,13.933510780334473,-37.53820037841797,9.812454223632812,12.69480037689209,6.006206512451172,-26.394289016723633,8.163265228271484,-5.3971476554870605,5.3613667488098145,-0.5180276036262512,6.594270706176758,16.217180252075195,6.9349846839904785,-6.089169979095459,7.11201810836792,-13.97722339630127,5.611412048339844,-20.21841812133789,6.542664527893066,0.3219262361526489,0.2921932339668274,0.2496185302734375,0.06422077119350433,0.030075817794232927,0.1374224853443311,music/low_stream/Der Hersteller - 02_--God.mp3,0,,0,Der Hersteller,02_--God,archive_low_download,795.0,low_stream,0.0
18.54718820861678,18.494693877551022,112.34714673913044,C minor,1519.9060958857156,752.2863172042311,3093.5404740432873,1841.7509682611226,0.05336111492314931,0.05552996708281901,-123.03915405273438,74.71199035644531,124.23086547851562,38.624027252197266,-7.345820903778076,17.443143844604492,42.3325309753418,18.296798706054688,5.669932842254639,19.816150665283203,13.133329391479492,11.644805908203125,-6.195116996765137,11.691908836364746,-3.329782724380493,8.195060729980469,-3.1655282974243164,10.950528144836426,-4.171707630157471,8.387750625610352,-9.060585975646973,8.9373779296875,-2.4410500526428223,8.416853904724121,-4.2752556800842285,6.519480228424072,0.3695431351661682,0.3267553448677063,0.23418335616588593,0.11415722221136093,0.00018050640465390658,0.18020796600564282,music/low_stream/'man met baard' - Twee ZC - 10 - Pretty Little Ditty - 15 October 1997.mp3,0,,0,'man met baard',Twee ZC - 10 - Pretty Little Ditty - 15 October 1997,archive_low_download,786.0,low_stream,0.0
239.34097505668933,30.0,143.5546875,E minor,3853.805306065081,845.90573464024,6655.2764231206465,2463.2470298338353,0.30100649429179566,0.10269820006584765,-376.46722412109375,150.9728240966797,20.85761260986328,35.98223114013672,-42.92740249633789,17.417179107666016,-2.3575730323791504,18.439712524414062,-26.434022903442383,8.968286514282227,1.6545920372009277,7.406414985656738,-14.562956809997559,6.728921413421631,-0.44678857922554016,9.273958206176758,-14.320436477661133,7.1099066734313965,10.08497142791748,9.644439697265625,-7.019378662109375,5.657715320587158,3.006882667541504,6.833691596984863,-0.13270781934261322,8.030909538269043,0.3306114673614502,0.28609970211982727,0.008772296831011772,0.006645227316766977,0.014675953041646286,0.103614085517593,music/low_stream/Miquel Parera Jaques - nx2013-01_02.mp3,0,,0,Miquel Parera Jaques,nx2013-01_02,archive_low_download,853.0,low_stream,0.0
270.61641723356007,30.0,49.69200721153846,D# minor,1528.5622587274206,619.1735040136269,3050.364888194176,1784.8391760195145,0.07718585223974458,0.04502009718155257,-159.68630981445312,61.67516326904297,118.76188659667969,28.689870834350586,-14.607566833496094,22.318756103515625,27.560504913330078,16.247440338134766,3.066943645477295,14.582090377807617,12.527416229248047,14.503824234008789,14.74502944946289,18.00335121154785,14.800104141235352,17.837778091430664,-1.612189769744873,13.833335876464844,-1.701136589050293,11.724248886108398,-4.745841979980469,10.976088523864746,-3.938359498977661,10.448111534118652,4.8191680908203125,17.023855209350586,0.32484304904937744,0.3094049394130707,0.18398705124855042,0.09590568393468857,0.00856090131716644,0.166899609989275,music/low_stream/C.Lehmann - pcr101_04_ohrchitekt_transmission.mp3,0,,0,C.Lehmann,pcr101_04_ohrchitekt_transmission,archive_low_download,933.0,low_stream,0.0
416.05224489795916,30.0,80.74951171875,G minor,1301.316041433455,1907.078166971342,2368.14401349047,1356.051825018426,0.06648221325948142,0.0825249559181083,-388.7190856933594,127.48422241210938,46.43570327758789,71.89035034179688,32.208683013916016,29.125625610351562,26.30228042602539,20.74692153930664,18.609479904174805,18.4156494140625,17.970104217529297,14.326501846313477,12.600107192993164,12.501955032348633,11.653971672058105,10.447962760925293,9.245796203613281,8.664278030395508,8.85378360748291,7.467940807342529,7.137598514556885,7.123708248138428,7.021884918212891,6.81583833694458,3.881408214569092,7.508516311645508,0.6879587769508362,0.2638155221939087,0.10104887187480927,0.09584847837686539,0.004254010624210947,0.02767217666987265,music/low_stream/Trujillo and 5053x - 02-data002-crucero-katrina_vbr.mp3,0,,0,Trujillo and 5053x,02-data002-crucero-katrina_vbr,archive_low_download,784.0,low_stream,0.0
326.8437188208617,30.0,123.046875,G major,1441.147932585527,476.03470622762865,2774.0332258005997,1641.9059596592567,0.0676099464251161,0.024742849735921717,-161.28086853027344,56.13888931274414,147.38243103027344,30.479644775390625,-30.255586624145508,14.467384338378906,14.3223295211792,11.234394073486328,-4.534543991088867,12.273136138916016,17.570772171020508,7.996278762817383,-16.221298217773438,7.386785984039307,-9.105758666992188,6.91710901260376,-14.336360931396484,6.616127967834473,-1.8182653188705444,5.901614189147949,-8.153703689575195,5.048131942749023,-1.0417333841323853,5.578000068664551,-6.221292495727539,5.669821739196777,0.3118806779384613,0.28837424516677856,0.11270682513713837,0.050639696419239044,-0.04803352327681656,0.17715422605252448,music/low_stream/drinking coffee from counselor troi's head - DCFromCTroisHead-ArchivesVol2-02-PhantomPower_64kb.mp3,0,,0,drinking coffee from counselor troi's head,DCFromCTroisHead-ArchivesVol2-02-PhantomPower_64kb,archive_low_download,821.0,low_stream,0.0
184.35256235827666,30.0,95.703125,A# major,1139.5973355947544,186.83833881260077,2260.85299559791,955.3114281089122,0.07118928986068111,0.022383691428234983,-80.01920318603516,63.70536804199219,229.6268310546875,33.237667083740234,-82.2601089477539,20.585325241088867,14.504589080810547,11.1742582321167,38.99433898925781,9.85185432434082,-38.985836029052734,11.167574882507324,5.525163650512695,8.56619930267334,8.206530570983887,5.879082202911377,-28.771224975585938,8.5679292678833,6.32273006439209,7.018076419830322,-0.0387190580368042,6.460900783538818,-19.936689376831055,6.681230068206787,4.666697978973389,6.1747941970825195,0.4233938753604889,0.2883166968822479,0.37255534529685974,0.12658379971981049,0.0058075439855019674,0.09281730888262633,music/low_stream/Хуиная Голова - 32. Виктор Цой Питается Мацой.mp3,0,,0,Хуиная Голова,32. Виктор Цой Питается Мацой,archive_low_download,842.0,low_stream,0.0
441.5506575963719,30.0,95.703125,B major,466.06850770118655,150.1765533336982,781.3036088973007,806.0649351052507,0.019142741389318884,0.0042724891356503035,-222.30538940429688,35.815879821777344,226.00399780273438,25.158388137817383,38.162967681884766,6.601383209228516,-1.3411730527877808,16.23040008544922,14.368614196777344,8.079108238220215,12.21208667755127,4.061892509460449,1.868443489074707,5.149441242218018,11.540719985961914,3.363490104675293,7.850500583648682,4.834574222564697,-7.799161434173584,4.4350714683532715,-7.342693328857422,3.2893242835998535,7.562439441680908,3.373920202255249,6.139670372009277,3.3199846744537354,0.3757559657096863,0.2844783067703247,0.2103249728679657,0.05844537168741226,-0.06585313175978895,0.12834274965437023,music/low_stream/audiophob - auphnet008_-_01_Zero_Degree_-_Aufgang_vbr.mp3,0,,0,audiophob,auphnet008_-_01_Zero_Degree_-_Aufgang_vbr,archive_low_download,816.0,low_stream,0.0
545.63,30.0,63.02400914634146,C major,583.6898878099014,206.06390341289136,1011.7605486890479,861.599514151244,0.021728137698335915,0.01148727498339934,-337.7859802246094,61.09080505371094,154.8966064453125,37.50436019897461,20.803009033203125,12.117642402648926,16.721546173095703,8.987772941589355,9.441298484802246,9.664168357849121,-2.776580810546875,5.519084930419922,16.042388916015625,8.367949485778809,5.67884635925293,6.510602951049805,-9.57919979095459,4.9075422286987305,1.8829129934310913,5.160009384155273,8.916229248046875,5.905655384063721,4.825026988983154,5.1709394454956055,0.06345067173242569,5.724308013916016,0.2521021366119385,0.3089783489704132,0.09830369800329208,0.07044195383787155,0.23585135488960898,0.22295488819122353,music/low_stream/Rusted Sun - 01SoGentlyWeGo-Tonepoet.mp3,0,,0,Rusted Sun,01SoGentlyWeGo-Tonepoet,archive_low_download,861.0,low_stream,0.0
350.0257823129252,30.0,66.25600961538461,D# minor,2192.3097504972357,1169.261140044591,4834.087435601296,2536.2472583527187,0.039099914739744585,0.0314301515625426,-194.22857666015625,143.11007690429688,60.65109634399414,45.241355895996094,34.57720947265625,30.23573875427246,51.08840560913086,27.740570068359375,15.435291290283203,18.84488296508789,22.230257034301758,14.113540649414062,11.969736099243164,10.782843589782715,12.471217155456543,9.770757675170898,5.551416397094727,9.294902801513672,9.454919815063477,9.306204795837402,5.531550407409668,9.025962829589844,8.780887603759766,7.308171272277832,2.7510154247283936,7.680023670196533,0.5307111740112305,0.2959781587123871,0.17372901737689972,0.05934548377990723,0.002647750746745936,0.06011307253133554,music/low_stream/Blastculture - 02-Blastculture-Mary_Quant_In_Grey_JMD_remix.mp3,0,,0,Blastculture,02-Blastculture-Mary_Quant_In_Grey_JMD_remix,archive_low_download,996.0,low_stream,0.0
351.2159637188209,30.0,103.359375,G# minor,1686.5537251931364,1028.631686018548,3591.1532847873937,1689.9020666210756,0.03879908511513158,0.05089277032869732,-304.31805419921875,156.62789916992188,120.25239562988281,68.17394256591797,-53.01597595214844,40.300697326660156,20.887100219726562,30.04593276977539,-25.697219848632812,21.68581771850586,20.708412170410156,24.819246292114258,-15.106492042541504,17.863393783569336,26.1187744140625,18.28453254699707,-11.295225143432617,15.20599365234375,14.435516357421875,18.229480743408203,-9.935880661010742,15.864381790161133,12.685141563415527,11.647700309753418,0.15150560438632965,10.718470573425293,0.6484979391098022,0.2295520305633545,0.05050492659211159,0.01499716006219387,0.0101131967052329,0.05946771655206444,music/low_stream/Polychromatic - 05_-_Plane-arium_64kb.mp3,0,,0,Polychromatic,05_-_Plane-arium_64kb,archive_low_download,967.0,low_stream,0.0
230.99555555555557,30.0,112.34714673913044,F minor,2428.750518927962,585.7752369363443,5343.667687572562,2595.932764335782,0.10517434512867647,0.04822095472652803,-226.79373168945312,66.4764633178711,78.65453338623047,22.65595054626465,-9.972981452941895,14.443792343139648,22.0696964263916,12.08561897277832,8.04448413848877,13.909687995910645,14.226112365722656,8.934269905090332,5.2644243240356445,11.257113456726074,-2.271057605743408,10.981812477111816,1.5937564373016357,8.113028526306152,10.77177619934082,7.734769821166992,14.209506034851074,8.763715744018555,13.665421485900879,7.759124279022217,-1.2149314880371094,7.357620716094971,0.3815641403198242,0.3110300600528717,0.04298556596040726,0.02091982774436474,0.007181355913606425,0.08706349855318882,music/low_stream/Drugpigs - BanjoThing.mp3,0,,0,Drugpigs,BanjoThing,archive_low_download,842.0,low_stream,0.0
74.68244897959184,30.0,129.19921875,A# minor,2526.0065409605263,818.278061170129,5510.266680171246,2562.9943311254888,0.09527871335623066,0.06227538088608756,-59.03604507446289,54.00539016723633,76.78700256347656,29.032209396362305,8.62513542175293,27.343318939208984,44.41854476928711,22.28119468688965,-1.528658390045166,16.408945083618164,21.782846450805664,16.78339385986328,-4.486367225646973,14.35384464263916,11.737091064453125,12.401026725769043,-10.45688247680664,11.089378356933594,7.653758525848389,17.40677261352539,-8.541414260864258,9.318610191345215,2.1572325229644775,10.32453727722168,-7.864859580993652,12.206700325012207,0.4484075903892517,0.3125280737876892,0.2849544584751129,0.11776415258646011,-0.011918141535308874,0.10913216965080387,music/low_stream/٩(｡•́‿•̀｡)۶ - 35.mp3,0,,0,٩(｡•́‿•̀｡)۶,35,archive_low_download,923.0,low_stream,0.0
17.026031746031745,17.026031746031745,129.19921875,C major,1373.0878759530315,885.6395985385786,2739.6160406377726,1978.0924233147455,0.047935381897138966,0.04286415980102936,-457.1733703613281,126.99622344970703,130.86563110351562,38.414859771728516,19.300491333007812,32.061424255371094,15.529970169067383,16.208301544189453,19.03917121887207,14.842926025390625,-3.4341819286346436,13.32565975189209,-4.705316066741943,10.796714782714844,5.596368312835693,8.854220390319824,0.8794881701469421,8.325525283813477,2.720282793045044,7.816900730133057,6.146609306335449,7.777618885040283,9.926535606384277,8.070505142211914,5.923858642578125,8.564220428466797,0.5095446705818176,0.28626352548599243,0.011702257208526134,0.015678413212299347,0.014984440903693524,0.06077358719376688,music/low_stream/GDS207 Class 2 - STE-028.mp3,0,,0,GDS207 Class 2,STE-028,archive_low_download,757.0,low_stream,0.0
140.6439909297052,30.0,117.45383522727273,C minor,2605.5794001993377,780.7275633534651,6147.8711579975325,2894.008719216781,0.07798667884094428,0.044858116902613154,25.258588790893555,38.91318893432617,71.98530578613281,20.319316864013672,14.793490409851074,16.360431671142578,34.61906814575195,9.121539115905762,13.716367721557617,4.543497562408447,19.154104232788086,6.149075031280518,7.093510627746582,4.998331546783447,10.51838493347168,5.1195478439331055,5.263801097869873,5.031271934509277,8.56116771697998,4.315333366394043,1.967109203338623,4.140364170074463,7.702175617218018,4.078640460968018,1.8383468389511108,3.9338533878326416,0.5407530665397644,0.2569611668586731,0.45750072598457336,0.0850597694516182,0.03419655765080384,0.06149135514318685,music/low_stream/Internet Daemon Netlabel - 15 - Δdren6kr6m6 - Ӄұѧȵd͡ȣ ɣѯѧs ѯł Ͼɪѯłȣ ѧr̥d͡ѯr̥.mp3,0,,0,Internet Daemon Netlabel,15 - Δdren6kr6m6 - Ӄұѧȵd͡ȣ ɣѯѧs ѯł Ͼɪѯłȣ ѧr̥d͡ѯr̥,archive_low_download,958.0,low_stream,0.0
407.56698412698415,30.0,117.45383522727273,G# major,696.3764082455781,367.91566336456816,1174.1678999673472,1091.5413186561457,0.033689516616679564,0.03220132022778559,-553.648193359375,70.39913177490234,136.4169158935547,55.619686126708984,41.72193145751953,12.430869102478027,23.197994232177734,6.305840969085693,16.951683044433594,7.759074687957764,-7.726154327392578,9.068371772766113,-5.721527099609375,7.363933563232422,9.997178077697754,4.700613975524902,8.903273582458496,3.902172803878784,5.016691207885742,3.843559503555298,3.880772829055786,4.017929553985596,-0.6877614855766296,3.903592109680176,0.6385717988014221,3.592315196990967,0.38058701157569885,0.295003741979599,0.0076600671745836735,0.009119429625570774,0.07826382234785109,0.20203691336093668,music/low_stream/Cousin Silas - 10_-_Cousin-Silas_Scott-Lawler_-_Freedom-Without-Movement.mp3,0,,0,Cousin Silas,10_-_Cousin-Silas_Scott-Lawler_-_Freedom-Without-Movement,archive_low_download,946.0,low_stream,0.0
188.5257142857143,30.0,95.703125,A# major,4451.1876614067905,851.5234654458658,8154.959021411813,3034.472796026079,0.26092094681211303,0.1540437410361584,-59.78474426269531,33.68854904174805,-6.7442827224731445,27.9083194732666,6.862516403198242,21.081417083740234,22.519893646240234,18.287267684936523,-2.3691091537475586,14.873682975769043,11.001072883605957,12.688307762145996,1.5570510625839233,11.740092277526855,3.344615936279297,10.280591011047363,-0.21667101979255676,9.42501163482666,8.732461929321289,9.365455627441406,2.167299747467041,9.045022964477539,9.01594066619873,7.992403984069824,6.440106391906738,6.890771865844727,0.5274437665939331,0.30292636156082153,0.19091281294822693,0.10073105245828629,-0.0017209673266709265,0.10888545144556526,music/low_stream/Buddhist on Fire - 08_Blood_and_Brain_Matter_on_the_Snow_vbr.mp3,0,,0,Buddhist on Fire,08_Blood_and_Brain_Matter_on_the_Snow_vbr,archive_low_download,966.0,low_stream,0.0
537.3913333333334,30.0,71.77734375,G major,558.0202457209716,364.4325065476872,883.152993028009,482.93050042313206,0.04786252237325851,0.008128076724743704,-372.9676208496094,75.44789123535156,218.64707946777344,66.27664947509766,47.045597076416016,13.899385452270508,-20.183269500732422,11.231507301330566,-8.200878143310547,6.93263578414917,8.899757385253906,5.413838863372803,10.790716171264648,5.759738922119141,-3.8456907272338867,4.313845634460449,-8.206103324890137,5.256950855255127,11.10059928894043,4.675140380859375,21.9655818939209,6.635416030883789,14.415785789489746,5.2421674728393555,1.1631686687469482,3.9524526596069336,0.19697217643260956,0.2926996648311615,0.07836365699768066,0.03991042077541351,-0.03925653076246844,0.12120576054336143,music/low_stream/Synthetic Mind Decay - 02 - Crawling Across Your Skin.mp3,0,,0,Synthetic Mind Decay,02 - Crawling Across Your Skin,archive_low_download,845.0,low_stream,0.0
223.5863492063492,30.0,123.046875,G# minor,1208.114139380601,978.7779974480229,2526.559722239019,1521.8370363477798,0.04453109882933436,0.05270958432212683,-208.65061950683594,97.55734252929688,130.01654052734375,48.9951286315918,3.1167147159576416,21.708667755126953,49.344669342041016,17.719615936279297,28.333152770996094,15.300840377807617,9.227762222290039,15.344099044799805,-7.432999610900879,16.048751831054688,0.033506978303194046,15.203291893005371,10.235404968261719,11.98817253112793,10.848870277404785,9.568696975708008,-5.343569278717041,9.755248069763184,0.10982265323400497,9.829251289367676,-1.8618628978729248,8.790412902832031,0.3992311358451843,0.32148635387420654,0.22627577185630798,0.11966560035943985,0.01861362842239051,0.1686042841476071,music/low_stream/Goldorak - 07AztecASteak.mp3,0,,0,Goldorak,07AztecASteak,archive_low_download,784.0,low_stream,0.0
235.71428571428572,30.0,92.28515625,D minor,2452.7586117353326,1263.6693819825975,5601.299463041796,2750.624613298778,0.08229315317821208,0.10085901628285496,-137.32254028320312,99.2512435913086,68.12309265136719,40.563472747802734,21.480661392211914,29.245588302612305,23.621789932250977,12.546215057373047,18.20855712890625,12.003729820251465,21.583755493164062,13.206574440002441,13.216034889221191,9.714786529541016,14.902997016906738,9.030399322509766,9.469918251037598,9.259378433227539,12.569281578063965,8.03103256225586,5.463923931121826,7.4785566329956055,8.821346282958984,7.944311618804932,2.6594464778900146,5.855903148651123,0.6256406903266907,0.27631163597106934,0.28249508142471313,0.19988875091075897,-0.020542859038561147,0.09566923166097042,music/low_stream/Wirewound vs. Datacrashrobot - 0010. Wirewound vs. Datacrashrobot - HDW Interrupt.mp3,0,,0,Wirewound vs. Datacrashrobot,0010. Wirewound vs. Datacrashrobot - HDW Interrupt,archive_low_download,873.0,low_stream,0.0
336.0391836734694,30.0,66.25600961538461,G# minor,901.3691411234223,338.9764388880668,2075.3624505671924,1061.3575425929648,0.03836446945143189,0.03733407968040393,-319.103515625,64.21656036376953,178.29537963867188,37.11808776855469,-44.727474212646484,21.036733627319336,41.289031982421875,22.436511993408203,27.821697235107422,10.664012908935547,-15.382351875305176,10.07652473449707,32.28867721557617,14.07690715789795,11.827163696289062,7.468542098999023,-0.9203447699546814,7.131114959716797,17.88751220703125,7.88414192199707,-0.11789292097091675,6.945189952850342,4.248983860015869,6.788934230804443,5.704292297363281,5.589925765991211,0.40661418437957764,0.32353734970092773,0.07388070225715637,0.03554188087582588,0.05819228828709855,0.27948137680920226,music/low_stream/Andy N - 15impftandyndontyouremember_vbr.mp3,0,,0,Andy N,15impftandyndontyouremember_vbr,archive_low_download,895.0,low_stream,0.0
245.42766439909298,30.0,95.703125,F# minor,2979.312273263451,1628.450662737036,6710.059425188661,3135.104248876316,0.0653219784007353,0.056226841405302035,-227.6165313720703,126.10041046142578,52.675262451171875,45.18021774291992,30.82692527770996,47.10258865356445,13.049402236938477,17.679264068603516,22.725217819213867,19.443096160888672,9.654730796813965,12.842164993286133,23.8493595123291,10.811044692993164,14.434185981750488,9.132615089416504,16.12639617919922,10.677983283996582,17.574167251586914,7.837689399719238,9.994619369506836,7.520900249481201,9.282353401184082,7.711254119873047,6.499510765075684,6.565108776092529,0.5795527100563049,0.30174675583839417,0.12551544606685638,0.0711679458618164,-0.007024495214923793,0.13339696184157238,music/low_stream/Nei Licis - 3-nei_licis-bombs_over_bagdad-NKSintl.mp3,0,,0,Nei Licis,3-nei_licis-bombs_over_bagdad-NKSintl,archive_low_download,911.0,low_stream,0.0
204.0,30.0,117.45383522727273,C# major,2812.041100342572,718.4883139743497,6324.545089674439,2871.207489814868,0.08418618783862229,0.052601094663687946,-29.431888580322266,46.02460479736328,61.664939880371094,21.53067398071289,12.58913803100586,23.81368064880371,42.76947021484375,6.598958969116211,17.620506286621094,6.479005336761475,14.524368286132812,6.175161361694336,-3.243715763092041,8.602540969848633,6.834143161773682,7.30233907699585,-2.783700942993164,8.405587196350098,-1.0413340330123901,8.905354499816895,-4.788605213165283,8.23511791229248,2.597583055496216,4.813091278076172,2.3804917335510254,4.494675159454346,0.41690412163734436,0.3107120096683502,0.28652429580688477,0.09166381508111954,-0.026020974117585232,0.13854806917704618,music/low_stream/Bashed Nursling - 12_bashed_nursling_-_librarian.mp3,0,,0,Bashed Nursling,12_bashed_nursling_-_librarian,archive_low_download,963.0,low_stream,0.0
696.8114285714286,30.0,80.74951171875,D# minor,1594.806824151719,368.24724052226355,3354.7047145595493,2344.513826116641,0.04195855202689629,0.006742530068174739,-348.4457702636719,36.95011901855469,62.31560134887695,18.94536018371582,24.178598403930664,8.56058120727539,40.65842056274414,6.7053751945495605,7.736814975738525,7.012468338012695,-28.321630477905273,7.076204299926758,-18.48539161682129,6.115421295166016,9.182491302490234,5.985093116760254,-25.544504165649414,5.312308311462402,-25.48565673828125,4.696268081665039,-6.510916233062744,3.4539215564727783,-6.31376314163208,3.6042165756225586,8.534021377563477,3.2839198112487793,0.126746267080307,0.2817743420600891,0.09875286370515823,0.04188617318868637,0.04942173404180009,0.38010745226207343,music/low_stream/Varias artistas - 16. Valentina Aguilera - Monocromático.mp3,0,,0,Varias artistas,16. Valentina Aguilera - Monocromático,archive_low_download,995.0,low_stream,0.0
432.0914285714286,30.0,129.19921875,E minor,1574.9233099103392,646.1478665596412,3558.3201499915344,1962.4161279249108,0.029039884868421052,0.019684090699736027,-134.9281463623047,51.8852653503418,116.66769409179688,41.7022705078125,-33.46894073486328,28.925968170166016,27.652536392211914,28.25283432006836,21.422840118408203,11.436664581298828,20.314834594726562,9.632506370544434,17.022558212280273,8.98403263092041,20.27573585510254,7.711913108825684,7.1602091789245605,7.570400714874268,14.773494720458984,5.949040412902832,5.7069244384765625,6.1936869621276855,9.120655059814453,5.285534858703613,0.5578176975250244,5.151679515838623,0.5140539407730103,0.28108155727386475,0.216265469789505,0.0524323470890522,0.09771443221100769,0.11557767534565494,music/low_stream/bleupulp - pertin-nce_004_bleupulp_03_it_was_peacefull_vbr.mp3,0,,0,bleupulp,pertin-nce_004_bleupulp_03_it_was_peacefull_vbr,archive_low_download,794.0,low_stream,0.0
180.51907029478457,30.0,151.99908088235293,F major,2205.836378581381,405.2398486251532,4639.796943782653,2391.2570256835475,0.04735307723006966,0.024182720029968182,-11.625478744506836,32.6900634765625,93.608154296875,22.893407821655273,-22.48398780822754,12.397578239440918,23.150184631347656,11.254922866821289,16.708019256591797,11.002318382263184,18.867666244506836,9.534465789794922,4.579122066497803,5.308551788330078,12.571504592895508,6.178339958190918,4.167321681976318,6.005417823791504,9.650118827819824,7.978460788726807,1.900376796722412,5.418324947357178,5.7961835861206055,4.479306221008301,2.780738592147827,4.492166996002197,0.654461145401001,0.20962902903556824,0.2815403938293457,0.038431283086538315,0.11828654667681894,0.16063193658677827,music/low_stream/Stpocold - 08_-_The_way_I_like_it.mp3,0,,0,Stpocold,08_-_The_way_I_like_it,archive_low_download,965.0,low_stream,0.0
297.9192063492064,30.0,99.38401442307692,C# major,2937.172863148568,267.4765696067035,7648.053753265286,3099.0391993998046,0.22213811254353716,0.049363344424214244,8.340171813964844,64.01748657226562,90.05884552001953,10.412303924560547,14.89130973815918,6.0131916999816895,16.02254867553711,16.204137802124023,4.11582088470459,8.353150367736816,8.630717277526855,4.804745197296143,6.178688049316406,4.620391845703125,2.6279940605163574,5.723367214202881,-1.3393211364746094,6.328765392303467,14.615699768066406,4.349614143371582,-14.78205680847168,5.73559045791626,16.485536575317383,6.872993469238281,-11.481354713439941,4.384252071380615,0.6072099804878235,0.21859148144721985,0.26196298003196716,0.041772376745939255,-0.01711962378143683,0.133261886292292,music/low_stream/Assholemouthead & Chav Stabber - 7.SmileWithoutYourFuckingTeeth-Assholemouthead.mp3,0,,0,Assholemouthead & Chav Stabber,7.SmileWithoutYourFuckingTeeth-Assholemouthead,archive_low_download,917.0,low_stream,0.0
171.10167800453516,30.0,103.359375,A major,3120.821776512434,897.5126653347653,5800.9482557928595,2429.381834330073,0.19905586360777863,0.11433212136066975,-117.75041198730469,46.39938735961914,57.65010452270508,31.392181396484375,-12.817317962646484,21.481033325195312,62.43507385253906,15.809330940246582,-4.486501693725586,11.272862434387207,13.618127822875977,10.800507545471191,-6.797740459442139,7.092326641082764,15.001948356628418,7.343104362487793,-5.310705184936523,6.480884075164795,15.660014152526855,6.16632080078125,-7.295733451843262,6.290283203125,9.40495491027832,7.167538642883301,-11.655181884765625,5.741296768188477,0.5859556198120117,0.23957686126232147,0.0818181112408638,0.04782722145318985,0.004341255802051768,0.0654618663493733,music/low_stream/EX.Zero - 05.HEY_JOHNNY_DEPP_64kb.mp3,0,,0,EX.Zero,05.HEY_JOHNNY_DEPP_64kb,archive_low_download,936.0,low_stream,0.0
230.53197278911566,30.0,184.5703125,E major,2154.821461200229,482.0235260274675,4547.422502358262,2178.2958144579034,0.10447707043343653,0.058248654776621396,-183.54324340820312,68.50642395019531,94.61954498291016,21.159494400024414,-18.340608596801758,15.64953899383545,62.18704605102539,18.937467575073242,-2.3482956886291504,10.504862785339355,17.958784103393555,10.300006866455078,-11.241399765014648,9.96184253692627,18.2721004486084,7.948615074157715,-5.473812580108643,7.909426689147949,2.617589235305786,6.369159698486328,-12.499212265014648,9.958948135375977,3.6968424320220947,6.523789405822754,-7.011402606964111,5.645910263061523,0.4639260172843933,0.29700610041618347,0.06610257178544998,0.035997722297906876,-0.007851872571242266,0.06619331247106129,music/low_stream/Peace & Anarchy - AudioTrack19.mp3,0,,0,Peace & Anarchy,AudioTrack19,archive_low_download,938.0,low_stream,0.0
82.27501133786848,30.0,83.35433467741936,A# minor,1194.8227130364805,172.3141731088936,1938.6882770172213,954.4869584044407,0.08319715375870743,0.018351768689432314,-273.4146728515625,42.226078033447266,165.45712280273438,20.821964263916016,-56.89487075805664,20.885128021240234,-31.98052406311035,16.383926391601562,4.077561378479004,14.192389488220215,-26.941953659057617,11.757301330566406,-18.609378814697266,10.505091667175293,-9.102653503417969,12.647506713867188,-18.678466796875,8.3677978515625,-10.690404891967773,7.943235397338867,-2.422929286956787,8.171283721923828,-5.689703464508057,7.571907043457031,-5.606618404388428,7.620736122131348,0.4067455530166626,0.3039504587650299,0.06112051010131836,0.06023604795336723,0.004058192016512546,0.1202841592493344,music/low_stream/Taped Rugs Productions - 02KnuckleChuckles.mp3,0,,0,Taped Rugs Productions,02KnuckleChuckles,archive_low_download,852.0,low_stream,0.0
504.2165759637188,30.0,117.45383522727273,B minor,3233.0338258051,687.5709268981137,6637.701529393624,2796.542252771714,0.15080180921052633,0.10419507127604957,96.3253173828125,33.37976837158203,58.730438232421875,25.869728088378906,-13.490595817565918,15.452898979187012,11.911128044128418,9.566442489624023,0.703630268573761,8.634622573852539,8.303174018859863,9.153573989868164,2.693682909011841,7.921206474304199,3.594679594039917,7.7576518058776855,-5.249756813049316,6.902947425842285,-1.3788877725601196,7.009522914886475,-2.078099012374878,7.638528823852539,4.13863468170166,6.119503974914551,-1.7523568868637085,5.860988616943359,0.5230516791343689,0.2691226601600647,0.4269033968448639,0.09043306857347488,0.001367151162770941,0.03837594444002402,"music/low_stream/Rio Nurkholis, Tanaya Pratama - 1.Detroak-Delinquents.mp3",0,,0,"Rio Nurkholis, Tanaya Pratama",1.Detroak-Delinquents,archive_low_download,975.0,low_stream,0.0
9.352947845804989,9.351836734693878,103.359375,C minor,3086.421995110179,260.50020236165295,6598.270357572115,2826.592322323744,0.11225743447580645,0.019159304842449116,145.30784606933594,37.17372512817383,59.000892639160156,11.040728569030762,-14.39306926727295,9.491085052490234,19.89577865600586,6.859833717346191,13.977181434631348,5.631647109985352,11.661280632019043,10.907570838928223,8.306495666503906,6.3233323097229,10.260213851928711,7.416523456573486,-3.5067553520202637,5.754565715789795,9.521051406860352,4.640976428985596,4.344903469085693,4.9102091789245605,-1.063016653060913,4.197506427764893,-2.4000654220581055,5.485649585723877,0.43736475706100464,0.2893752455711365,0.8349421620368958,0.05284443125128746,0.014269462795727784,0.05061282693586873,music/low_stream/Разрубленная Колыбель - 02. Между хуем и пиздой.mp3,0,,0,Разрубленная Колыбель,02. Между хуем и пиздой,archive_low_download,825.0,low_stream,0.0
283.4706349206349,30.0,57.421875,A# minor,422.4711947358859,501.2962861917364,763.462050116099,528.8178774662572,0.02463174825851393,0.019859262755790374,-471.10894775390625,88.47834014892578,134.77227783203125,71.12239837646484,57.676422119140625,29.816614151000977,36.555999755859375,23.102333068847656,28.091285705566406,19.400739669799805,12.748723030090332,17.319194793701172,8.574718475341797,13.543538093566895,5.826882362365723,10.505253791809082,0.8808877468109131,10.22138786315918,-1.1411527395248413,8.648923873901367,-1.9494332075119019,12.14171314239502,0.2084541916847229,7.799835681915283,0.9017996191978455,7.054012775421143,0.22661654651165009,0.31010672450065613,0.053528863936662674,0.04173552989959717,-0.04088481459301227,0.29673376336273577,music/low_stream/rr.gross - 03_-_TuM.mp3,0,,0,rr.gross,03_-_TuM,archive_low_download,963.0,low_stream,0.0
301.92326530612246,30.0,92.28515625,D# major,2857.7027855582114,1183.1961703483964,5536.141523709607,2452.45857324596,0.16734328137093654,0.10082780322936334,-218.51898193359375,127.65673065185547,75.87641143798828,47.02103805541992,-7.127645492553711,29.375356674194336,27.232585906982422,13.372030258178711,0.29733845591545105,9.441017150878906,2.2749154567718506,11.52224063873291,-6.433035373687744,8.087104797363281,0.3361707925796509,8.61511516571045,1.8766456842422485,8.43924617767334,-0.15372665226459503,7.004047393798828,-3.614201068878174,7.089988708496094,-1.5580735206604004,6.302219867706299,-3.604550361633301,6.197425365447998,0.43923625349998474,0.2909453809261322,0.050080809742212296,0.046217795461416245,0.007131831429577973,0.11322980647298418,music/low_stream/Struggleburger - GOV02_vbr.mp3,0,,0,Struggleburger,GOV02_vbr,archive_low_download,800.0,low_stream,0.0
2.1953968253968252,2.1942857142857144,99.38401442307692,F# minor,2992.8972779198734,440.6624950948507,6333.821700246711,2760.5498454925946,0.10394736842105264,0.031451318724169036,135.0899658203125,99.81705474853516,65.96232604980469,13.633870124816895,-12.893692016601562,8.087583541870117,15.69278335571289,7.773482322692871,0.490992933511734,6.9513397216796875,0.8878786563873291,4.446338653564453,7.788417339324951,5.028517246246338,13.6107759475708,4.759003639221191,-5.5928449630737305,5.400150775909424,2.5929620265960693,4.981363296508789,-0.11612308025360107,5.508373737335205,-1.681316614151001,3.678377628326416,-3.45725417137146,3.9106454849243164,0.39202359318733215,0.2858101427555084,0.828119695186615,0.15948106348514557,0.013926644670487364,0.062128628126074295,music/low_stream/Разрубленная Колыбель - 04. Абортированные яйца.mp3,0,,0,Разрубленная Колыбель,04. Абортированные яйца,archive_low_download,825.0,low_stream,0.0
127.98839002267573,30.0,129.19921875,A# major,3151.901844506713,443.48819537742827,7280.380976532266,3102.482972373457,0.09839093943498452,0.025157166687760947,-179.03880310058594,107.62007904052734,42.790611267089844,26.396196365356445,14.341768264770508,12.922064781188965,1.3117642402648926,10.909932136535645,-3.797621488571167,8.091813087463379,0.8949597477912903,10.219926834106445,-3.1688947677612305,12.01826286315918,-0.032698310911655426,11.004373550415039,-11.207820892333984,10.067716598510742,-6.369018077850342,9.827231407165527,-6.188616752624512,10.520142555236816,2.458106756210327,11.440755844116211,-1.6465669870376587,13.986489295959473,0.2604931592941284,0.2811205983161926,0.07484448701143265,0.04403524473309517,-0.002608127086359168,0.15947374904831316,music/low_stream/Beyond The Tempest Sky - 03_-_BTTS_-_1UP_-_Robotic-Operating-Buddy_vbr.mp3,0,,0,Beyond The Tempest Sky,03_-_BTTS_-_1UP_-_Robotic-Operating-Buddy_vbr,archive_low_download,777.0,low_stream,0.0
277.28979591836736,30.0,123.046875,G# major,1505.3635853025128,597.8537914616301,3270.3302247605457,1687.8443868746758,0.04759003724845201,0.027365962263636356,-302.06231689453125,85.59567260742188,148.50814819335938,49.62909698486328,-23.024005889892578,25.80250358581543,37.4063720703125,21.30208969116211,0.3851321339607239,15.379020690917969,15.254864692687988,19.470548629760742,1.4682366847991943,10.322265625,8.964083671569824,9.517830848693848,-3.7260401248931885,8.401906967163086,-0.11312181502580643,9.260936737060547,8.231199264526367,9.747557640075684,-0.20882394909858704,7.121052265167236,-4.247996807098389,6.314521789550781,0.4526611864566803,0.289463609457016,0.027012387290596962,0.013034962117671967,0.05624160394448116,0.20227657840822677,music/low_stream/Flash - FW009-01_Murder_vbr.mp3,0,,0,Flash,FW009-01_Murder_vbr,archive_low_download,934.0,low_stream,0.0
322.6,30.0,135.99917763157896,G# minor,1109.9397444321303,247.93249918875526,2266.9112922975523,1371.5871456763625,0.05033945372968266,0.01716389348944168,-134.546142578125,32.42329025268555,171.5358428955078,15.194121360778809,-40.186649322509766,8.251372337341309,47.579036712646484,10.54566764831543,1.4405665397644043,8.331650733947754,14.039361953735352,6.719754695892334,1.6766300201416016,7.307627201080322,10.087553977966309,9.305155754089355,1.651755690574646,9.449884414672852,11.86642074584961,8.020149230957031,0.5502753257751465,8.338346481323242,-1.962720513343811,8.025167465209961,-4.745962142944336,7.376788139343262,0.39592602849006653,0.2754806876182556,0.15866439044475555,0.042758677154779434,0.10401163253654346,0.2400518693172189,music/low_stream/The Songless Bird - TSLB-04-OctoberBereavement.mp3,0,,0,The Songless Bird,TSLB-04-OctoberBereavement,archive_low_download,915.0,low_stream,0.0
368.5239455782313,30.0,92.28515625,G# minor,3695.6546660385343,1959.8833702354439,6001.597042497097,2261.2909809915736,0.2615165592347136,0.19036927916353324,-462.0586853027344,123.65914916992188,30.62879753112793,88.29363250732422,18.220600128173828,20.040023803710938,38.45417022705078,9.598773002624512,-8.499571800231934,10.723309516906738,16.277414321899414,10.628543853759766,-4.076267719268799,7.595429420471191,9.791082382202148,7.226283550262451,-0.9659914970397949,8.217811584472656,7.285451889038086,5.95587682723999,-4.827445030212402,8.181368827819824,0.7777885794639587,9.431416511535645,-2.407130241394043,7.122100353240967,0.4965677857398987,0.30929771065711975,0.010025191120803356,0.014129608869552612,0.03260460967162269,0.11592289302829202,music/low_stream/The Sumo Project - 06Unmarked_Path_64kb.mp3,0,,0,The Sumo Project,06Unmarked_Path_64kb,archive_low_download,775.0,low_stream,0.0
25.053945578231293,25.053968253968254,103.359375,F# minor,2652.1082458045635,1610.4394756957583,4995.812886461712,2516.0187020618955,0.16322124435240964,0.13420440810708387,-392.583251953125,153.74798583984375,71.50040435791016,75.87667846679688,15.14926528930664,28.023021697998047,17.40260124206543,29.907014846801758,12.311962127685547,25.51015853881836,-8.178816795349121,17.783493041992188,0.03435232862830162,13.390462875366211,-1.711706280708313,12.499360084533691,-9.754332542419434,13.088676452636719,2.1445560455322266,13.240477561950684,-6.007823467254639,11.162108421325684,-4.381430625915527,9.838424682617188,-3.1877105236053467,9.015965461730957,0.45303410291671753,0.32476696372032166,0.0367124006152153,0.03971812501549721,-0.00419581864082027,0.11292963183307105,music/low_stream/Arzathon - Aphrodite.mp3,0,,0,Arzathon,Aphrodite,archive_low_download,800.0,low_stream,0.0
128.6393650793651,30.0,107.666015625,D# major,903.6973584855428,763.49425629466,2002.4545580979102,994.9166778594615,0.040245788385255415,0.03817948402119054,-284.6579284667969,131.9095001220703,155.45155334472656,44.555152893066406,9.362651824951172,46.989410400390625,53.03612518310547,19.427528381347656,42.653831481933594,19.804052352905273,-3.3725500106811523,16.228666305541992,-11.496734619140625,14.867003440856934,3.6242589950561523,8.889657974243164,-2.9198696613311768,6.404362678527832,-16.61040687561035,13.629940032958984,-5.18808650970459,11.004170417785645,-5.769312858581543,5.365421772003174,-9.300004005432129,8.051004409790039,0.34926921129226685,0.28694963455200195,0.10490522533655167,0.09752945601940155,0.05559720554515529,0.303192009272252,music/low_stream/Praying Gods - 13-NoSpeakingViolation.mp3,0,,0,Praying Gods,13-NoSpeakingViolation,archive_low_download,895.0,low_stream,0.0
410.4767346938776,30.0,0.0,G# minor,261.988177578601,293.73642917064456,446.0223029641544,398.7240694292614,0.018168824375967493,0.03127316350772954,-464.27679443359375,22.124176025390625,198.11727905273438,25.423913955688477,115.39511108398438,13.560790061950684,42.551551818847656,7.858987808227539,8.056612968444824,9.523037910461426,2.7881085872650146,6.052109718322754,5.553812026977539,4.141255855560303,4.801249980926514,4.2429986000061035,1.1415574550628662,3.121323347091675,-0.8070033192634583,2.9674978256225586,0.18657265603542328,2.9943220615386963,1.832284688949585,3.2333121299743652,2.386326313018799,3.051210880279541,0.5104311108589172,0.2698732614517212,0.04591396450996399,0.016979796811938286,0.07049801087323183,0.13288682003499921,music/low_stream/Anonymous - 01.ASecretEntrance.mp3,0,,0,Anonymous,01.ASecretEntrance,archive_low_download,907.0,low_stream,0.0
66.0,30.0,143.5546875,D# minor,3600.0838138681734,444.4356571194904,7430.330069810613,3035.725410667352,0.2152379275106424,0.05342810667534872,-12.544905662536621,28.840858459472656,54.60161209106445,14.722746849060059,1.7586156129837036,8.225598335266113,5.635202407836914,9.38723373413086,-6.9689040184021,8.625685691833496,2.010068655014038,7.885271072387695,-5.867491722106934,8.250664710998535,2.265563488006592,7.8571271896362305,-3.337132215499878,6.680978298187256,-1.664804220199585,6.741467475891113,-0.4755871295928955,6.015535354614258,2.843013048171997,6.014043807983398,1.0297141075134277,5.499791622161865,0.5322030186653137,0.24358554184436798,0.13455459475517273,0.0391007736325264,0.01802356601036076,0.059247648528374,music/low_stream/M.E.H - 05StupidPigFuckingBastard.mp3,0,,0,M.E.H.,05StupidPigFuckingBastard,archive_low_download,819.0,low_stream,0.0
143.56897959183672,30.0,258.3984375,G minor,1042.1556402099518,1120.1355357397097,2052.845920054905,1415.2333239167006,0.0460802202254257,0.06579261295696982,-316.4294128417969,109.57803344726562,159.5371551513672,69.83374786376953,51.16473388671875,44.20045471191406,15.328288078308105,15.883108139038086,6.191015243530273,15.14621353149414,23.039648056030273,11.4434175491333,5.574282646179199,13.309988975524902,10.776832580566406,9.977842330932617,1.775664210319519,8.375255584716797,1.2861696481704712,7.113160133361816,-1.3957812786102295,7.535578727722168,-1.822670340538025,7.46746301651001,4.3490400314331055,7.462775230407715,0.429392009973526,0.3021405339241028,0.09074704349040985,0.0532161109149456,0.05755351194698072,0.13766367730836016,music/low_stream/Filmy Ghost - 03 - Nightmares in a Skyscraper.mp3,0,,0,Filmy Ghost,03 - Nightmares in a Skyscraper,archive_low_download,837.0,low_stream,0.0
294.3996371882086,30.0,135.99917763157896,F# minor,2599.3864440588864,682.785502664809,4954.6700397881195,2218.6438940439257,0.15698884662828946,0.06413955170506616,-60.14598083496094,75.3754653930664,85.3056640625,30.065261840820312,-28.96382713317871,15.918476104736328,37.130733489990234,21.393388748168945,-15.983386039733887,12.613212585449219,8.904626846313477,9.223477363586426,-1.7522088289260864,11.624417304992676,4.013514518737793,7.738643646240234,-6.933130264282227,6.526155471801758,8.343038558959961,8.534838676452637,-4.148163318634033,8.715807914733887,7.841795444488525,9.563240051269531,-3.5876624584198,7.540875434875488,0.4238819181919098,0.2950379252433777,0.15289388597011566,0.07893452793359756,-0.0025157481669323507,0.05767781643317278,music/low_stream/astronuts - aztronuts_vol_2_64kb_mp3.mp3,0,,0,astronuts,aztronuts_vol_2_64kb_mp3,archive_low_download,886.0,low_stream,0.0
260.4266666666667,30.0,123.046875,C# major,1007.8946067707741,322.97835248908757,1999.4295763895607,1636.9558617845582,0.03068311000386997,0.016084868834068577,-276.793212890625,98.75334167480469,131.84132385253906,28.088172912597656,-2.1449012756347656,21.62081527709961,43.54972839355469,12.445327758789062,30.741329193115234,12.78809928894043,34.66873550415039,10.888408660888672,7.318626403808594,12.993988990783691,4.522330284118652,12.751136779785156,-1.0602214336395264,11.844914436340332,4.120657920837402,7.986023426055908,0.7012428045272827,6.816794395446777,-2.6970956325531006,8.807489395141602,-3.208850145339966,7.145123481750488,0.2895095646381378,0.3180153965950012,0.08815903216600418,0.04791061580181122,-0.022324657028368184,0.14425994834005526,music/low_stream/Wildness Records - 06-cosmoloco-Damns.mp3,0,,0,Wildness Records,06-cosmoloco-Damns,archive_low_download,896.0,low_stream,0.0
432.87510204081633,30.0,112.34714673913044,C major,1564.6489284526756,401.48374877253656,3214.0722316116003,1797.333090393963,0.06723466524767802,0.02080326133466622,-161.63156127929688,87.91600036621094,126.84955596923828,19.447269439697266,-24.984355926513672,9.955526351928711,33.125762939453125,15.952683448791504,-8.694327354431152,7.951425075531006,3.1393933296203613,10.548937797546387,-6.983518600463867,6.89300537109375,0.26123321056365967,6.21458625793457,-6.5191330909729,8.706924438476562,-3.792830467224121,7.410539627075195,-4.510123252868652,6.710987091064453,0.3125841021537781,10.39684772491455,-6.185006618499756,7.116948127746582,0.27807629108428955,0.29445770382881165,0.10041660070419312,0.042271435260772705,0.03978837757355805,0.12823377175675796,music/low_stream/Puppets Love Dreams - MDB06_09_Puppets_Love_Dreams_La_Melodie_des_Contrastes_vbr.mp3,0,,0,Puppets Love Dreams,MDB06_09_Puppets_Love_Dreams_La_Melodie_des_Contrastes_vbr,archive_low_download,965.0,low_stream,0.0
50.364,30.0,103.359375,F major,1585.5870591555745,337.53449743327906,2972.9653562185563,1885.3039598204425,0.0762996142124613,0.02214298510615489,-102.25111389160156,31.734907150268555,137.9610595703125,18.91349220275879,-31.202577590942383,17.084949493408203,-0.03808291256427765,16.344146728515625,1.5710948705673218,8.51016616821289,8.47218132019043,10.526180267333984,1.746786117553711,8.510904312133789,19.27298355102539,10.222274780273438,6.008086204528809,10.072470664978027,8.594351768493652,7.614046096801758,2.890599489212036,7.742366790771484,4.906589984893799,5.2845683097839355,-1.0500684976577759,5.626582145690918,0.3844626247882843,0.2965306341648102,0.12869106233119965,0.031809914857149124,0.01420574243787153,0.05773371401091128,music/low_stream/Quilluya - 05yacu_vbr.mp3,0,,0,Quilluya,05yacu_vbr,archive_low_download,960.0,low_stream,0.0
1576.5420408163266,30.0,135.99917763157896,C# major,2600.503113732274,484.4632069677846,5751.331889149575,2699.332614157465,0.10866336409152477,0.03369760219507581,-109.7986068725586,46.9902229309082,79.34626007080078,21.671499252319336,3.6241843700408936,6.327576637268066,33.97861862182617,5.601190567016602,9.687174797058105,5.698726654052734,24.29972267150879,5.490410804748535,-2.03877592086792,9.869065284729004,4.837793827056885,8.445984840393066,-5.178028106689453,6.839023113250732,-1.9699236154556274,6.06873893737793,-4.068199634552002,5.495830535888672,3.8474061489105225,4.090959072113037,-9.835211753845215,5.385027885437012,0.4595023989677429,0.2734575569629669,0.0920192301273346,0.04826941341161728,-0.002996963501826675,0.07003237045843073,music/low_stream/C Reider - JNN052-Steam_inspector_vbr.mp3,0,,0,C Reider,JNN052-Steam_inspector_vbr,archive_low_download,977.0,low_stream,0.0
117.31591836734694,30.0,129.19921875,C minor,2349.875350622889,1068.9897826326267,5421.433883997678,2412.3151823864278,0.10499067276993033,0.05904273947908534,-133.0852813720703,130.4869384765625,97.3689193725586,39.57831573486328,9.833405494689941,36.33725357055664,11.427568435668945,22.159854888916016,18.665353775024414,15.145247459411621,6.596744060516357,14.18598747253418,-1.604543924331665,11.526237487792969,7.0316081047058105,11.615713119506836,0.136585533618927,9.11534309387207,6.758562088012695,8.155274391174316,2.195815324783325,12.890851020812988,4.775134563446045,8.325658798217773,-5.21309757232666,7.98897123336792,0.4401823580265045,0.3048282861709595,0.193790465593338,0.1539389193058014,-0.002174596839207249,0.09961787672174412,music/low_stream/ВИА -ОАОАООАО МММ)))- & COWSHIT SQUAD - 09. Фурриёб Елисей (Audiobiba Remix).mp3,0,,0,"ВИА ""ОАОАООАО МММ)))"" & COWSHIT SQUAD",09. Фурриёб Елисей (Audiobiba Remix),archive_low_download,882.0,low_stream,0.0
578.117029478458,30.0,83.35433467741936,A# major,439.9327362664232,162.02223734000162,716.3706682045762,789.7634964628793,0.018553931646671826,0.012899323518117954,-439.9725341796875,43.00505828857422,147.22598266601562,27.762561798095703,51.6952018737793,14.33414363861084,15.315133094787598,9.539741516113281,9.791642189025879,12.603997230529785,2.1556997299194336,9.731945037841797,1.322666049003601,6.3649749755859375,6.810855388641357,6.2348151206970215,9.120732307434082,6.117089748382568,8.003092765808105,5.834474563598633,7.621575832366943,5.62632417678833,9.144108772277832,4.808320045471191,6.768626689910889,4.465834617614746,0.6157929301261902,0.23718973994255066,0.023039836436510086,0.024672290310263634,-0.0018999523819469804,0.0804677412758871,music/low_stream/TPK - 02_-_TPK_-_Adrift_in_a_sea_of_blood_part_II.mp3,0,,0,TPK,02_-_TPK_-_Adrift_in_a_sea_of_blood_part_II,archive_low_download,947.0,low_stream,0.0
146.60968253968255,30.0,117.45383522727273,D# minor,4121.69365938184,1148.4832842701435,7810.31110545061,3050.483231124354,0.24337645728521673,0.14950181300268015,-95.76163482666016,61.67815017700195,32.0600700378418,36.284969329833984,25.86412811279297,17.449384689331055,28.01457977294922,13.034719467163086,4.666531085968018,9.09701919555664,8.551393508911133,9.668267250061035,8.114893913269043,11.688780784606934,11.522500038146973,9.828154563903809,-7.326998233795166,8.301199913024902,11.776406288146973,7.173384666442871,-5.602532863616943,7.264310836791992,3.104609727859497,9.712718963623047,-3.7953708171844482,7.252182960510254,0.4187776446342468,0.2920933663845062,0.0981329083442688,0.026726653799414635,0.02435668223783699,0.11952429805794335,music/low_stream/Jean Nine - kahvi008_jeannine-bubblemaster_19100.mp3,0,,0,Jean Nine,kahvi008_jeannine-bubblemaster_19100,archive_low_download,775.0,low_stream,0.0
296.0,30.0,80.74951171875,G major,1633.0991551146444,1039.9384170301762,3214.6888945493906,1935.7438301362718,0.08059512867647059,0.07475956376606088,-537.5418090820312,128.8011016845703,138.14852905273438,55.413307189941406,8.757722854614258,21.613510131835938,12.021220207214355,10.156346321105957,-1.9921107292175293,13.477718353271484,-14.22693157196045,16.197702407836914,-12.351632118225098,6.484640121459961,-15.0804443359375,6.90204381942749,-9.428787231445312,7.159060478210449,-1.4769859313964844,13.394277572631836,-14.00841999053955,7.022628307342529,-12.528599739074707,8.057793617248535,-11.060978889465332,6.619962692260742,0.3707330524921417,0.28530368208885193,0.006251432467252016,0.006083943881094456,0.04295987156981118,0.12293574495546097,music/low_stream/Ephedrina's Crew - 00_ROY CLEVELAND - REFN.mp3,0,,0,Ephedrina's Crew,00_ROY CLEVELAND - REFN,archive_low_download,889.0,low_stream,0.0
220.54199546485262,30.0,99.38401442307692,D# major,962.0969871416033,123.49625114915925,2022.9877672697369,894.2182227582126,0.046365932783475235,0.01457691448413498,-129.2030487060547,21.406044006347656,252.1007843017578,12.63506031036377,-76.30680084228516,12.565710067749023,18.458311080932617,8.515120506286621,38.12357711791992,6.3763747215271,-45.8199462890625,6.104954719543457,5.2624430656433105,5.130801200866699,7.383211612701416,4.0933380126953125,-32.26607131958008,4.910210132598877,4.046433448791504,4.484907627105713,-2.5791385173797607,4.208244800567627,-22.528518676757812,4.223341464996338,5.32231330871582,4.553138256072998,0.3466337025165558,0.2885327637195587,0.2679099142551422,0.0336768664419651,0.008765878007258605,0.1282441930143616,music/low_stream/Хуиная Голова - 57. ЗХПХ хуже хуйни.mp3,0,,0,Хуиная Голова,57. ЗХПХ хуже хуйни,archive_low_download,810.0,low_stream,0.0
331.4040589569161,30.0,99.38401442307692,G minor,2270.191374546611,470.4691388169262,4584.713943528686,2234.5970347323882,0.09951035821400929,0.031818651327683634,-365.0141906738281,84.47478485107422,86.94464874267578,21.351436614990234,-32.77096939086914,9.375739097595215,4.507599353790283,7.261981010437012,-22.399803161621094,9.28309154510498,-10.985005378723145,7.0019211769104,-25.290172576904297,5.9495649337768555,-18.848236083984375,6.064964294433594,-20.365713119506836,7.088210582733154,-6.303525924682617,6.551660537719727,-17.549100875854492,5.848158359527588,-12.741864204406738,6.876999855041504,-9.632376670837402,8.317241668701172,0.3429819941520691,0.2925739884376526,0.010356762446463108,0.010740730911493301,0.007924815791857746,0.10942403431088786,music/low_stream/Straight Component - 08StraightComponent_ChinaTown.mp3,0,,0,Straight Component,08StraightComponent_ChinaTown,archive_low_download,779.0,low_stream,0.0
374.84460317460315,30.0,112.34714673913044,F major,847.3203519699075,1073.1233932434507,1697.5897349071208,860.4197919978689,0.03759992380998452,0.06228860584769669,-313.2596740722656,138.3912811279297,154.7104034423828,48.014678955078125,41.202632904052734,44.23122024536133,17.986364364624023,25.605552673339844,3.95212459564209,8.554508209228516,17.27621078491211,8.960522651672363,8.47916030883789,8.277067184448242,10.66296100616455,7.696847915649414,6.861581325531006,9.042363166809082,12.61329460144043,6.636991024017334,8.822063446044922,8.866668701171875,11.928385734558105,6.473873615264893,7.352290153503418,6.5602264404296875,0.5540903806686401,0.2806193232536316,0.08855069428682327,0.0490952804684639,0.17659045245753083,0.25172880454948604,music/low_stream/Love Torture Records - OxygenMuzzle.mp3,0,,0,Love Torture Records,OxygenMuzzle,archive_low_download,797.0,low_stream,0.0
202.814693877551,30.0,92.28515625,G# minor,1963.7018265077195,525.6575710533708,4056.692136404315,2177.340965787371,0.08356827774284056,0.0382967140168473,-40.761417388916016,54.0726203918457,104.1510009765625,21.760229110717773,-17.282257080078125,22.9354248046875,40.191165924072266,15.724895477294922,5.060841083526611,7.900480270385742,8.267437934875488,9.32548713684082,5.825601100921631,7.804149150848389,8.161677360534668,6.855788230895996,-0.5106310844421387,6.979788780212402,1.5948960781097412,6.974034786224365,-6.718050956726074,6.045871734619141,6.277431488037109,6.238286018371582,-7.144608497619629,5.843891620635986,0.5231853127479553,0.2737710773944855,0.23898380994796753,0.07900385558605194,-0.008085338736019625,0.07598989894142058,music/low_stream/Familia Mirandea - 03MeinblutistKalte_vbr.mp3,0,,0,Familia Mirandea,03MeinblutistKalte_vbr,archive_low_download,987.0,low_stream,0.0
442.36909297052154,30.0,161.4990234375,E minor,1989.8461601708193,369.7112710599861,4003.3341257195725,2182.509106402909,0.04893243275928793,0.03972243314172862,-136.0680694580078,44.608238220214844,99.43762969970703,17.91638946533203,-14.927105903625488,6.633302688598633,42.05083084106445,6.219900608062744,-9.445436477661133,9.573675155639648,-16.65741729736328,5.13956880569458,-12.152203559875488,4.862692832946777,2.9594974517822266,3.8439531326293945,-3.144418716430664,4.534246444702148,-14.392868041992188,4.1910223960876465,2.030651092529297,3.6356730461120605,-6.154942512512207,2.985538959503174,-13.22599983215332,3.067373275756836,0.3221369981765747,0.28347477316856384,0.08782462775707245,0.015585758723318577,0.00326011076732385,0.12279671488856307,music/low_stream/Electronic Phantom Orchestra - Electronic_Phantom_Orchestra_The_Mystical_Album_04_Cavalleria_Rusticana.mp3,0,,0,Electronic Phantom Orchestra,Electronic_Phantom_Orchestra_The_Mystical_Album_04_Cavalleria_Rusticana,archive_low_download,912.0,low_stream,0.0
246.89056689342402,30.0,143.5546875,D# minor,1369.3545354049254,608.0179253193653,2494.6599151327882,1404.9410899578913,0.07575124262287151,0.044902897019688456,-189.3770751953125,71.1913833618164,167.3349151611328,47.606597900390625,-32.50469970703125,25.093502044677734,-24.534650802612305,26.78947639465332,-9.057997703552246,12.139293670654297,6.522846221923828,14.341911315917969,-10.708710670471191,11.963156700134277,-5.306779861450195,15.630232810974121,1.7373313903808594,9.123486518859863,1.4943346977233887,10.108805656433105,-8.0086088180542,10.457846641540527,-0.9486434459686279,8.78679084777832,2.9669876098632812,7.131214618682861,0.4458790421485901,0.28270164132118225,0.10164615511894226,0.06289023905992508,0.06914488244473724,0.11778599193934854,music/low_stream/Mogwai - 9_netaudiocharts_122007.mp3,0,,0,Mogwai,9_netaudiocharts_122007,archive_low_download,813.0,low_stream,0.0
171.98031746031745,30.0,135.99917763157896,C# major,1094.2861894947534,774.9034998197653,2006.9545308871905,1347.078855089444,0.05002917593846749,0.035000817125907774,-325.3587951660156,103.05490112304688,143.24575805664062,55.81328582763672,26.379919052124023,50.75288009643555,4.821817874908447,14.825323104858398,-18.651874542236328,17.350704193115234,-7.476319789886475,15.451433181762695,-26.333187103271484,17.44241714477539,-13.908490180969238,8.157098770141602,-19.08169174194336,11.577293395996094,-11.742764472961426,10.712026596069336,-11.96652603149414,8.96281623840332,-19.53475570678711,9.511024475097656,-10.578445434570312,7.991340637207031,0.2983367443084717,0.3098851442337036,0.076505646109581,0.04560408741235733,0.011411064132207917,0.19203620772936253,music/low_stream/Internet Daemon - 13 - Terbeschikkingstelling - Silence for the Stones (ft. Paloma Brea Ledo).mp3,0,,0,Internet Daemon,13 - Terbeschikkingstelling - Silence for the Stones (ft. Paloma Brea Ledo),archive_low_download,805.0,low_stream,0.0
432.54115646258504,30.0,80.74951171875,F# minor,945.5528485430938,923.4597921242121,2184.3951245948624,1652.4583356508736,0.01838688806114551,0.02441944138346431,-261.0610046386719,85.97052764892578,102.53713989257812,53.12228012084961,45.60456085205078,37.52154541015625,34.48514175415039,25.02230453491211,47.8016471862793,18.38296127319336,34.310176849365234,17.512104034423828,17.193208694458008,15.445976257324219,31.79128074645996,12.299901962280273,22.424144744873047,11.193381309509277,20.91124725341797,8.517635345458984,15.648425102233887,8.336061477661133,19.12432098388672,9.733686447143555,4.121799945831299,11.664796829223633,0.4836771786212921,0.29350030422210693,0.3709445297718048,0.07049313932657242,0.018135229155236656,0.15197551561500416,music/low_stream/Ephedrina's Crew - 07 KRISTIAN FUMEI - U Ready.mp3,0,,0,Ephedrina's Crew,07 KRISTIAN FUMEI - U Ready,archive_low_download,825.0,low_stream,0.0
263.06875283446715,30.0,99.38401442307692,A major,2305.458926121788,562.9904191952812,4833.945769791264,2392.8281021664266,0.08929046536377709,0.05967609860200688,2.8470394611358643,93.34262084960938,75.18609619140625,20.354080200195312,-18.666648864746094,18.7202205657959,32.48206329345703,11.521130561828613,0.03062717616558075,11.274083137512207,19.62117576599121,9.717026710510254,10.133427619934082,6.326321601867676,14.302858352661133,8.149784088134766,2.7543270587921143,8.636926651000977,12.957971572875977,8.500885009765625,-3.4093308448791504,7.84324836730957,4.147306442260742,6.241677761077881,-0.579566478729248,6.092461585998535,0.5058700442314148,0.28916406631469727,0.44795164465904236,0.20211346447467804,-0.0055011001821835374,0.07764693172484481,"music/low_stream/Sar7, Sugar - 08. Sugar - エレクトロサチュレイタ(Sugar HexD).mp3",0,,0,"Sar7, Sugar",08. Sugar - エレクトロサチュレイタ(Sugar HexD),archive_low_download,870.0,low_stream,0.0
257.41061224489795,30.0,129.19921875,F minor,1961.6514503557669,543.8424129726222,4301.865653873597,2399.965896675863,0.05962775735294118,0.02710345345970671,-38.01364517211914,47.93915939331055,99.99076080322266,29.04018783569336,-2.6078925132751465,11.548026084899902,19.94721794128418,10.80086612701416,3.8602874279022217,9.286566734313965,9.650086402893066,7.930696964263916,12.797660827636719,8.638341903686523,11.837890625,8.587573051452637,9.172568321228027,8.79172420501709,15.926933288574219,8.391120910644531,-0.21026550233364105,7.683483123779297,7.204361438751221,9.663528442382812,7.456471920013428,10.776432037353516,0.5163344740867615,0.28260815143585205,0.37343689799308777,0.12399808317422867,0.0034579272167689374,0.03999151054380582,music/low_stream/Nenormalizm Records - 07 Pin.mp3,0,,0,Nenormalizm Records,07 Pin,archive_low_download,914.0,low_stream,0.0
214.5698185941043,30.0,123.046875,C major,941.8227539994372,772.5429499635104,1942.8049187911183,1262.3720752437384,0.03806212812016254,0.028738739724202707,-289.4962158203125,114.13247680664062,142.84776306152344,36.8702507019043,51.02637481689453,37.980045318603516,31.3015193939209,25.543306350708008,-1.487658977508545,12.388495445251465,7.7073163986206055,15.115311622619629,3.4791104793548584,11.922682762145996,6.803318023681641,11.148839950561523,2.0670132637023926,12.7437744140625,6.428220272064209,11.124521255493164,4.615255355834961,9.549198150634766,5.863059043884277,8.78637981414795,0.5954224467277527,9.290691375732422,0.3620452284812927,0.31153151392936707,0.08198946714401245,0.06579742580652237,0.17199744544418463,0.22386025051336422,music/low_stream/The X-Structure - The_X-Structure-The_Past-01_lost (2).mp3,0,,0,The X-Structure,The_X-Structure-The_Past-01_lost,archive_low_download,811.0,low_stream,0.0
484.92256235827665,30.0,123.046875,C minor,613.5738915505048,682.4495887368248,1030.9854324388061,1043.509082247257,0.019649163119195047,0.05502321010212609,-256.92047119140625,113.6925048828125,149.19149780273438,45.306190490722656,46.072566986083984,49.182926177978516,31.151683807373047,25.981382369995117,21.387537002563477,20.115196228027344,20.449506759643555,19.27167510986328,13.860127449035645,12.821640968322754,14.332817077636719,10.220775604248047,9.358839988708496,9.275094985961914,7.75408935546875,7.353091716766357,5.79925537109375,7.757778644561768,4.336176872253418,5.7401299476623535,2.183405637741089,5.242110252380371,0.5553948283195496,0.2870347797870636,0.2739402651786804,0.12631340324878693,0.025402042568201784,0.062494903743420926,music/low_stream/Deep-X Recordings - deepx143-04_-_Seamless_Plastic_-_Plastichero.mp3,0,,0,Deep-X Recordings,deepx143-04_-_Seamless_Plastic_-_Plastichero,archive_low_download,942.0,low_stream,0.0
316.83238095238096,30.0,95.703125,G minor,691.5620309292899,188.16129672147974,1273.9422966452205,1065.3102744038829,0.023177864381772446,0.01186215938695609,-186.98585510253906,49.10970687866211,192.0219268798828,24.227218627929688,-6.9530510902404785,15.51612663269043,32.85601806640625,13.56273365020752,12.102317810058594,10.773900032043457,9.56024169921875,9.219626426696777,4.245582580566406,6.388824939727783,4.3340163230896,6.455984592437744,3.800187587738037,4.786910057067871,4.956665515899658,4.674252510070801,1.8715654611587524,4.730138301849365,2.3142645359039307,4.654531478881836,1.4831463098526,4.583450794219971,0.3517315089702606,0.29281550645828247,0.19194471836090088,0.06802123785018921,0.005333240536414152,0.27927460009859667,music/low_stream/Pad - 11_-_Funeral_dos_Doces_Feat_Morsus_Ceti.mp3,0,,0,Pad,11_-_Funeral_dos_Doces_Feat_Morsus_Ceti,archive_low_download,987.0,low_stream,0.0
79.7649433106576,30.0,112.34714673913044,C minor,2059.924474620447,662.0247496674363,4439.906485826238,2434.9743179284355,0.0798283154750387,0.03604992807026406,-163.1614532470703,74.5466537475586,101.39379119873047,28.582948684692383,0.5585151314735413,29.163137435913086,13.658000946044922,13.705986022949219,3.372253656387329,12.77391242980957,-0.4503997564315796,12.914128303527832,-2.360006809234619,9.554558753967285,1.9426976442337036,9.841691970825195,-0.06930284202098846,9.328825950622559,6.237321376800537,11.996007919311523,-1.2291655540466309,9.195676803588867,2.3092873096466064,8.185556411743164,0.22712957859039307,9.908480644226074,0.42289483547210693,0.3311692476272583,0.11815306544303894,0.10383515805006027,0.03065929164656764,0.14402211021315645,music/low_stream/Ice Cream Sandwich Shit Head - 24KaagootaabaaIsAPussy.mp3,0,,0,Ice Cream Sandwich Shit Head,24KaagootaabaaIsAPussy,archive_low_download,992.0,low_stream,0.0
85.00208616780046,30.0,99.38401442307692,E major,1089.4686377789897,718.7665953037632,1987.0629845019835,1374.751482451468,0.04787574980650155,0.0318758010489228,-255.92564392089844,122.73562622070312,139.93788146972656,30.686830520629883,10.926244735717773,37.821128845214844,33.88624572753906,18.809022903442383,4.122037887573242,15.91401481628418,5.270772933959961,10.362473487854004,-7.5465922355651855,8.624309539794922,-10.853815078735352,9.019021034240723,-16.322509765625,7.368104934692383,-15.374194145202637,9.651611328125,-25.65987777709961,11.09363079071045,-12.401165962219238,11.159503936767578,-20.73821258544922,11.017654418945312,0.3853684067726135,0.29171454906463623,0.09433712810277939,0.05136692523956299,-0.021016992046442733,0.12338683034006177,music/low_stream/rubicante - kahvi217_Nova_Viator_Rudi_Rudi_64kb_mp3.mp3,0,,0,rubicante,kahvi217_Nova_Viator_Rudi_Rudi_64kb_mp3,archive_low_download,884.0,low_stream,0.0
209.83643990929704,30.0,135.99917763157896,C minor,317.17339662498756,195.75762652967308,492.83035325561144,444.469464139171,0.017033532677051082,0.006820097742328109,-354.57806396484375,53.34894561767578,188.2444610595703,31.861642837524414,77.33358764648438,26.839773178100586,26.606435775756836,13.633345603942871,11.309200286865234,6.972381114959717,5.8229570388793945,7.0493388175964355,1.6316953897476196,6.079532146453857,-3.1068880558013916,6.7146501541137695,-5.281994342803955,6.216134548187256,-4.347309112548828,5.798356533050537,-6.784255504608154,5.730358123779297,-8.972580909729004,7.067197799682617,-8.069583892822266,5.692569732666016,0.36283525824546814,0.28539392352104187,0.13880908489227295,0.035913705825805664,0.22128661302392832,0.23383571212257517,music/low_stream/Unknown - 03_Cloud.mp3,0,,0,Unknown,03_Cloud,archive_low_download,801.0,low_stream,0.0
575.0,30.0,129.19921875,C# major,4340.757426667108,358.8697035903468,7794.702866498162,2772.409646355924,0.34143973430243807,0.041369363713690134,-134.73101806640625,60.383365631103516,9.618690490722656,15.322497367858887,-26.46436882019043,10.158624649047852,7.1344404220581055,8.894665718078613,-8.911050796508789,8.358363151550293,4.237127780914307,7.9064435958862305,-1.739330530166626,6.8132500648498535,2.7627739906311035,5.980367660522461,-0.3572571575641632,6.1545186042785645,3.892806053161621,5.956221580505371,-5.379707336425781,5.90859317779541,3.5655128955841064,5.259992599487305,-6.707761287689209,5.0495781898498535,0.6227089166641235,0.22149258852005005,0.040142808109521866,0.018057072535157204,0.0025547728670039173,0.0308253068498763,music/low_stream/Henry Collins and Robin Foster - 027. Large dampened box of assorted objects. Sputnick Mic. Mono. Ben's studio (23.9.14).mp3,0,,0,Henry Collins and Robin Foster,027. Large dampened box of assorted objects. Sputnick Mic. Mono. Ben's studio (23.9.14),archive_low_download,974.0,low_stream,0.0
67.96616780045352,30.0,99.38401442307692,A# major,787.9925203463768,426.7482723831767,1030.893766326432,1435.5668350914734,0.035676277089783284,0.0059568648778491,-330.7629699707031,98.98590087890625,115.09194946289062,34.83258819580078,50.53730010986328,14.197623252868652,24.136558532714844,10.046936988830566,2.7509114742279053,6.244418621063232,-0.9010058045387268,6.088474273681641,-8.001250267028809,8.759374618530273,-8.230475425720215,10.265186309814453,-11.142948150634766,6.793251991271973,-7.213436126708984,8.204429626464844,-9.897610664367676,7.412506580352783,-4.6276021003723145,7.569888591766357,-11.928457260131836,12.682283401489258,0.17904916405677795,0.2881580889225006,0.12805728614330292,0.05687915161252022,0.07862273127762423,0.3808384340075773,music/low_stream/lpower - 04 Feb 14th 2016.mp3,0,,0,lpower,04 Feb 14th 2016,archive_low_download,767.0,low_stream,0.0
1525.9730158730158,30.0,112.34714673913044,D minor,2680.0914823427847,736.0229017467616,5863.822875598636,2694.2211098250314,0.15438190849941952,0.06966988558070714,-146.83718872070312,43.71372604370117,85.45337677001953,20.95709800720215,5.4661970138549805,18.27968406677246,17.767578125,11.028607368469238,-12.128543853759766,9.558045387268066,-0.14805267751216888,8.664677619934082,0.8631514310836792,8.468626022338867,12.918703079223633,7.774358749389648,0.6449166536331177,7.60086727142334,4.543950080871582,7.055341720581055,-6.035894393920898,7.2630743980407715,2.0320889949798584,7.529397487640381,-3.114279270172119,6.669727802276611,0.4769604504108429,0.2665223479270935,0.051382213830947876,0.02157476171851158,-0.004492459461460913,0.04029718905944261,music/low_stream/Phillip Wilkerson - 02-Conclusion.mp3,0,,0,Phillip Wilkerson,02-Conclusion,archive_low_download,979.0,low_stream,0.0
786.0,30.0,107.666015625,C major,3245.6114322542676,913.632389302207,5639.765897107198,2499.2885810527996,0.25312431973200467,0.10174215218062818,-147.0623779296875,51.4238166809082,22.64993667602539,43.54296112060547,-43.77770233154297,33.89234924316406,27.409067153930664,14.644242286682129,8.78615665435791,9.944527626037598,6.670044422149658,18.783876419067383,28.3463191986084,12.344346046447754,32.79106903076172,17.43966293334961,24.973691940307617,11.299605369567871,-6.4171977043151855,9.856855392456055,-2.7827348709106445,10.773835182189941,-0.2022045999765396,10.486143112182617,14.762805938720703,8.691548347473145,0.3155214488506317,0.29539141058921814,0.14224033057689667,0.1087101623415947,0.04837427660350794,0.09785116901715772,music/low_stream/Ephedrina's Crew - 02_rmssSystemsInc.-WhiteNightdedicatedToAnnaM.mp3,0,,0,Ephedrina's Crew,02_rmssSystemsInc.-WhiteNightdedicatedToAnnaM.,archive_low_download,912.0,low_stream,0.0
380.00290249433107,30.0,117.45383522727273,C major,890.2151645624729,434.7206332208197,1854.3721201988196,1626.3694960525315,0.015044882570626935,0.008368281241346148,-159.35911560058594,94.91334533691406,142.83224487304688,27.251007080078125,30.53049087524414,24.80433464050293,52.742794036865234,7.040532112121582,7.068779468536377,13.46378231048584,18.331008911132812,7.136814117431641,-12.687970161437988,11.042987823486328,12.127881050109863,7.973687171936035,0.18665635585784912,8.117880821228027,17.440710067749023,7.67092752456665,-2.283940553665161,5.369919300079346,10.181296348571777,8.499603271484375,-3.264178991317749,5.050092697143555,0.48336902260780334,0.2815060019493103,0.2768099308013916,0.04582568258047104,0.10005658125964115,0.08600999807191557,music/low_stream/One Thousand Pilots - 05NovayaZemlya_64kb.mp3,0,,0,One Thousand Pilots,05NovayaZemlya_64kb,archive_low_download,825.0,low_stream,0.0
283.4266666666667,30.0,99.38401442307692,F# minor,3637.494881910086,827.0828324234999,7986.093375852603,3318.101083865199,0.156136622000774,0.10379678813276652,-66.81959533691406,49.45749282836914,40.55584716796875,16.995643615722656,27.043624877929688,12.599258422851562,23.67974853515625,11.199971199035645,17.570314407348633,9.917819023132324,19.632999420166016,8.414161682128906,10.670631408691406,8.42502212524414,10.847209930419922,8.258658409118652,-3.8196775913238525,7.635665416717529,1.5391550064086914,6.128911972045898,0.6871811747550964,5.79451322555542,6.065545558929443,7.331945896148682,-3.0063059329986572,7.076108455657959,0.43544334173202515,0.29596805572509766,0.18681207299232483,0.08199499547481537,-0.005432924617066099,0.19491716644205312,music/low_stream/Light in Your Life - 09-Light_in_Your_Life-Christian.mp3,0,,0,Light in Your Life,09-Light_in_Your_Life-Christian,archive_low_download,964.0,low_stream,0.0
281.5037641723356,30.0,95.703125,E minor,2696.4228547578737,1408.458736097004,4957.5783555352655,2209.6121546206987,0.13704905790441177,0.15571361201689496,-123.43194580078125,105.6068115234375,47.83047866821289,55.240718841552734,-37.25844192504883,48.5189094543457,24.256437301635742,32.236846923828125,9.527615547180176,22.501272201538086,19.862653732299805,14.380508422851562,12.458498001098633,12.747915267944336,17.183298110961914,11.69709300994873,10.369850158691406,9.459192276000977,14.013531684875488,9.828598022460938,9.145174026489258,10.513325691223145,11.798760414123535,10.574416160583496,6.790060043334961,11.196825981140137,0.4990781247615814,0.26869437098503113,0.33964309096336365,0.21956869959831238,-0.035874573052883565,0.29085381501104374,music/low_stream/Ephedrina's Crew - 04_B8 - Gnit (ft MatchVill).mp3,0,,0,Ephedrina's Crew,04_B8 - Gnit (ft MatchVill),archive_low_download,802.0,low_stream,0.0
48.013061224489796,30.0,107.666015625,C minor,1613.7712501767426,1035.233299986981,3260.680283112423,1651.906868894791,0.08026935589202787,0.06559002783902357,-149.56088256835938,117.20674133300781,120.9066390991211,42.40198516845703,-1.2200347185134888,42.24186706542969,24.502824783325195,26.629905700683594,-7.74174165725708,20.40452003479004,-2.7396631240844727,17.435861587524414,3.79050612449646,14.809281349182129,2.438056230545044,11.885802268981934,-10.03622817993164,11.734345436096191,-0.3459981083869934,9.654947280883789,-1.7479780912399292,8.498957633972168,-0.4090297818183899,9.096776962280273,-1.9260677099227905,8.543475151062012,0.35511377453804016,0.3204798698425293,0.20509923994541168,0.10583840310573578,0.02906336486811313,0.21300617456725446,music/low_stream/Snow Monster - kzz014_-_snow_monster_-_03_-_green_old_pants.mp3,0,,0,Snow Monster,kzz014_-_snow_monster_-_03_-_green_old_pants,archive_low_download,902.0,low_stream,0.0
300.4660317460318,30.0,184.5703125,A minor,2263.8576694418575,1121.239104768693,5264.559832593605,2721.5870821290578,0.06753284938564241,0.06057868717119085,-245.181884765625,74.80928802490234,91.007568359375,32.73963928222656,33.36216354370117,18.032011032104492,21.693618774414062,11.403111457824707,4.384354114532471,8.818288803100586,16.493675231933594,7.260322570800781,11.526907920837402,6.861572265625,12.099104881286621,6.511240005493164,0.4816480576992035,5.578046798706055,2.467690944671631,6.336522579193115,-1.8566268682479858,5.994701385498047,1.3126345872879028,5.83547830581665,-2.627943754196167,5.367255687713623,0.42060011625289917,0.2978416979312897,0.04451243206858635,0.029994364827871323,0.03271981905149112,0.10635199787022669,music/low_stream/Winjer3 - 06_-_Winjer3_-_Haze_Obscures_the_Horizon.mp3,0,,0,Winjer3,06_-_Winjer3_-_Haze_Obscures_the_Horizon,archive_low_download,873.0,low_stream,0.0
223.26666666666668,30.0,103.359375,D# major,1542.3595684412219,303.90106495862557,2979.448650348297,1876.457782580222,0.0676012541118421,0.03837198923467646,-211.1194305419922,59.73591232299805,101.51126098632812,15.516458511352539,-17.598453521728516,20.752120971679688,32.74537658691406,15.810022354125977,3.7786102294921875,16.01112937927246,9.7599458694458,11.241942405700684,-5.798863410949707,9.735153198242188,5.760765075683594,9.169638633728027,-2.1994645595550537,8.226907730102539,-1.220950722694397,8.129152297973633,-11.70467758178711,8.47971248626709,-0.04053244739770889,6.490617275238037,-3.3156814575195312,7.89086389541626,0.2653528153896332,0.3024079203605652,0.09037506580352783,0.046353328973054886,0.06842317136177073,0.24383640761640954,music/low_stream/The Mystery Artist - 08_the_mystery_artist_-_the_end_part_2.mp3,0,,0,The Mystery Artist,08_the_mystery_artist_-_the_end_part_2,archive_low_download,836.0,low_stream,0.0
3728.0,30.0,95.703125,D# major,370.61774210478256,263.30265599076284,747.4038138847233,601.6171170847674,0.014362347015286377,0.00998165323594813,-333.85333251953125,78.37568664550781,186.84950256347656,61.970550537109375,37.563106536865234,27.483755111694336,1.8370780944824219,10.191510200500488,16.046125411987305,15.233531951904297,12.303009033203125,6.487451553344727,13.534812927246094,10.005033493041992,20.9888973236084,7.7872819900512695,16.65831184387207,6.671512126922607,8.212593078613281,4.524438858032227,4.8787007331848145,3.932553291320801,2.1851656436920166,3.8959503173828125,-0.031704697757959366,3.9087233543395996,0.4357157349586487,0.298659086227417,0.11269529908895493,0.06632177531719208,0.020275548119547848,0.2561077869117584,music/low_stream/C.P McDill - wh225_01_M-SR_Razor-Pluvia.mp3,0,,0,C.P McDill,wh225_01_M-SR_Razor-Pluvia,archive_low_download,881.0,low_stream,0.0
377.20414965986396,30.0,95.703125,A minor,1090.0377062309578,157.7411635637074,2479.301674668634,1877.7286958438922,0.023894413336880804,0.009455483475297094,-206.05226135253906,34.94844436645508,133.30955505371094,10.982888221740723,20.250253677368164,9.501704216003418,38.03479766845703,6.7673234939575195,-13.560770988464355,8.207681655883789,32.05089569091797,11.226123809814453,16.009502410888672,8.154476165771484,-0.28605514764785767,6.263121128082275,-8.166411399841309,6.786098957061768,-16.521547317504883,5.4011664390563965,5.538456916809082,5.503705978393555,20.50923728942871,5.529240131378174,15.948704719543457,5.854587078094482,0.4349668025970459,0.298877477645874,0.11912064254283905,0.037416934967041016,0.009939743047574163,0.08833291332582234,music/low_stream/Terra Engine - 4-As_Electrical_Impulses.mp3,0,,0,Terra Engine,4-As_Electrical_Impulses,archive_low_download,794.0,low_stream,0.0
141.52809523809523,30.0,107.666015625,A# major,1667.5420810368503,828.7068611208675,3961.951042624081,2320.3334402778537,0.047638789788119196,0.04909374195358015,-70.8115234375,54.537044525146484,104.05290985107422,33.338478088378906,31.678916931152344,16.968097686767578,47.44552993774414,15.910655975341797,2.736166000366211,13.518270492553711,18.88311195373535,11.409918785095215,8.680023193359375,9.255126953125,12.779539108276367,6.502787113189697,4.000448226928711,7.26931619644165,11.650639533996582,6.811000347137451,3.464087963104248,6.318889617919922,8.633807182312012,6.133024215698242,1.336822748184204,6.058473587036133,0.5279206037521362,0.27416127920150757,0.36175277829170227,0.0925011932849884,0.0438813018970127,0.15231311896688146,music/low_stream/A. Ripdae la Wise Escobar & Carl Yvan Prévil - Ripdae La Wise & Carl Yvan Prévil - with a moko jumbie & a persona of three. - 01 Fela (Somehow I don’t think Charlie P.mp3,0,,0,A. Ripdae la Wise Escobar & Carl Yvan Prévil,Ripdae La Wise & Carl Yvan Prévil - with a moko jumbie & a persona of three. - 01 Fela (Somehow I don’t think Charlie Parker would be quoting Goethe),archive_low_download,780.0,low_stream,0.0
1312.3080272108843,30.0,73.828125,G# major,2169.544185755225,476.35278178752594,5008.528047449448,2308.431235293854,0.09282370174632353,0.042951747041108074,-29.074254989624023,43.289634704589844,118.23164367675781,19.18334197998047,-23.397136688232422,19.976821899414062,40.36319351196289,10.018563270568848,-28.59553337097168,6.920438289642334,42.45101547241211,7.142813682556152,-18.6074275970459,6.923898220062256,31.33181381225586,6.755918025970459,-18.927030563354492,8.312944412231445,17.67911720275879,7.123391628265381,-15.165075302124023,6.372749328613281,13.972508430480957,5.1421380043029785,-8.360635757446289,4.43251895904541,0.4736582636833191,0.2787775993347168,0.23782901465892792,0.06344667822122574,0.062328151951238815,0.14475571160855233,music/low_stream/Andrew Johnson-Jesse Andersen - 01speedboat_part_one_64kb.mp3,0,,0,Andrew Johnson/Jesse Andersen,01speedboat_part_one_64kb,archive_low_download,826.0,low_stream,0.0
395.91183673469385,30.0,80.74951171875,D# minor,1505.6201890972482,1011.8164869033922,3148.339295756337,2413.9863455959853,0.040101042472910214,0.02872905267020915,-218.10548400878906,71.62849426269531,113.00218963623047,33.98674392700195,82.73269653320312,22.21029281616211,40.70549392700195,21.318763732910156,20.13576316833496,17.025800704956055,17.611743927001953,13.10241985321045,7.052338123321533,9.19701862335205,5.565918922424316,8.313530921936035,1.0205899477005005,6.939330577850342,-1.8743447065353394,7.890029430389404,-8.321979522705078,7.815905570983887,3.5584115982055664,7.257496356964111,-2.0053751468658447,6.814657211303711,0.3782445192337036,0.2860948443412781,0.16302873194217682,0.07931248843669891,0.05584891173458233,0.212540277671919,music/low_stream/Endless Void - Endless Void - We Are One - 04 Forest Rain.mp3,0,,0,Endless Void,Endless Void - We Are One - 04 Forest Rain,archive_low_download,811.0,low_stream,0.0
339.76238095238097,30.0,95.703125,C minor,3065.0581336267824,862.8764659026903,6171.687680648945,2660.6763601052344,0.22764941708591332,0.09972020518284126,102.11003875732422,65.03385162353516,61.48626708984375,32.089149475097656,-15.486534118652344,15.088664054870605,8.379526138305664,9.333504676818848,-10.777979850769043,10.454987525939941,-0.07173756510019302,10.29948902130127,-13.990169525146484,8.44076919555664,-7.595117568969727,7.669938564300537,-8.864289283752441,7.00238561630249,2.093693733215332,6.541758060455322,-1.9041173458099365,6.994232654571533,3.8260128498077393,6.529056072235107,-1.063666820526123,5.6929826736450195,0.45179712772369385,0.292851984500885,0.5669161081314087,0.12674348056316376,0.0020389481726637896,0.08274685249104421,music/low_stream/Vince Gauthier - 1_Skullfuck.mp3,0,,0,Vince Gauthier,1_Skullfuck,archive_low_download,761.0,low_stream,0.0
500.27916099773245,30.0,103.359375,C# minor,3365.821930573141,472.6461378971156,6130.204598158137,2508.4232113916373,0.2852273002128483,0.060799483694764116,-156.84593200683594,56.13999938964844,57.5734748840332,16.49888801574707,-7.763277530670166,29.200538635253906,38.79389572143555,9.279444694519043,-8.730130195617676,13.96272087097168,12.378303527832031,6.372971057891846,7.345301628112793,10.057646751403809,-13.051042556762695,11.402990341186523,-2.5928313732147217,5.676473140716553,14.370062828063965,7.45111083984375,-22.843366622924805,10.340571403503418,18.967458724975586,9.03092098236084,-24.015052795410156,7.771225452423096,0.3217616081237793,0.3111661672592163,0.05755345895886421,0.012625019066035748,-0.04553063591578823,0.10305138898035418,music/low_stream/Melcher Tschiemer - MT 1996 - 9 - Pope Bernard & Sitting Bull - 23 April 1996.mp3,0,,0,Melcher Tschiemer,MT 1996 - 9 - Pope Bernard & Sitting Bull - 23 April 1996,archive_low_download,813.0,low_stream,0.0
288.52351473922903,30.0,103.359375,G# minor,4414.14851268895,995.8417068521632,8124.492538971797,3073.6624933396224,0.26510799632352944,0.15253493453254227,-41.604732513427734,53.70560073852539,19.55613899230957,28.378602981567383,23.637489318847656,17.151607513427734,26.003854751586914,13.363702774047852,2.2044832706451416,11.296327590942383,6.004901885986328,9.999520301818848,-6.476990222930908,9.571516990661621,2.957685947418213,7.307833671569824,-6.53606653213501,8.273637771606445,2.0374624729156494,8.47434139251709,-3.0824103355407715,8.110169410705566,5.30727481842041,6.9837870597839355,-1.428314208984375,6.642621994018555,0.47323253750801086,0.2806772291660309,0.1588888317346573,0.04653972014784813,-0.005282793223301733,0.07035959095231098,music/low_stream/Ultramerda - 11 - Odia! (Faster bootleg).mp3,0,,0,Ultramerda,11 - Odia! (Faster bootleg),archive_low_download,937.0,low_stream,0.0
253.30972789115646,30.0,151.99908088235293,F minor,1353.3061773942354,1225.4612106240263,2942.9155379256968,1928.374815469179,0.0350681930872678,0.059900213361337794,-274.42633056640625,113.3528060913086,79.72676849365234,46.5421028137207,25.73610496520996,36.696800231933594,34.909969329833984,25.281564712524414,21.792037963867188,17.652345657348633,20.611492156982422,9.166519165039062,23.83403968811035,9.179652214050293,16.28400993347168,8.069173812866211,12.423219680786133,8.673064231872559,10.52111530303955,6.894923210144043,8.737204551696777,6.870862007141113,6.6899094581604,6.652309417724609,8.36306095123291,6.54976749420166,0.48498502373695374,0.31145578622817993,0.1869921088218689,0.11037168651819229,0.06592069162284747,0.1331182063217686,music/low_stream/Chtin Mara - 02_chtin_mara_-_black_cat_spell.mp3,0,,0,Chtin Mara,02_chtin_mara_-_black_cat_spell,archive_low_download,945.0,low_stream,0.0
118.08979591836734,30.0,129.19921875,F# minor,1709.0019184310777,883.9042971975172,3975.3842947283765,2443.724261800219,0.03859953983649381,0.036666541528874136,-200.23046875,150.03787231445312,86.8360595703125,46.911041259765625,16.519418716430664,18.428329467773438,31.9228515625,21.21616554260254,26.477378845214844,17.558223724365234,0.22326111793518066,13.409647941589355,14.68220329284668,9.930238723754883,12.520207405090332,11.730387687683105,-0.29133298993110657,10.306357383728027,15.937906265258789,14.478660583496094,10.455370903015137,9.889450073242188,-4.321631908416748,10.4575777053833,6.395482063293457,9.653279304504395,0.5697323083877563,0.2742053270339966,0.1769619882106781,0.08390089869499207,0.0017319130065618143,0.0811705185099231,music/low_stream/Load Runner - load_runner_04_bad_news.mp3,0,,0,Load Runner,load_runner_04_bad_news,archive_low_download,802.0,low_stream,0.0
207.04375,30.0,123.046875,G# major,1528.2766580718198,534.3955178867201,2644.575675279363,1675.2954355130526,0.07225806646671827,0.04187874787943343,-181.5461883544922,94.67691802978516,137.017578125,32.60506820678711,-30.299964904785156,18.14849281311035,7.956765174865723,40.43317794799805,-11.754100799560547,27.692829132080078,-6.873733043670654,21.59786033630371,-12.464960098266602,11.26629638671875,0.6470773220062256,16.68648910522461,-11.760398864746094,11.508835792541504,0.744573175907135,12.921985626220703,-7.042341232299805,12.338265419006348,6.184599876403809,8.59296703338623,9.73630428314209,11.967780113220215,0.3671726882457733,0.3018280863761902,0.08822333812713623,0.03140544518828392,0.07765088971512107,0.17212060906900728,music/low_stream/DJ RedSkeye - 03_DJ_RedSkeye__Digital_Cabaret_64kb.mp3,0,,0,DJ RedSkeye,03_DJ_RedSkeye__Digital_Cabaret_64kb,archive_low_download,885.0,low_stream,0.0
1155.6394166666666,30.0,71.77734375,C major,1149.1684048723978,511.17414178333587,2449.485188298181,1854.5650407064659,0.0323826462122678,0.03331685560273194,-454.5024719238281,92.22779083251953,128.25120544433594,30.035728454589844,21.074493408203125,14.318473815917969,46.90876388549805,15.748112678527832,7.598280429840088,6.592688083648682,10.413664817810059,6.532929420471191,1.1585865020751953,6.569269180297852,1.1929923295974731,5.662868499755859,-5.540009021759033,6.530281066894531,8.480801582336426,5.733367919921875,5.2727484703063965,7.367912769317627,5.105626583099365,7.492433071136475,3.840383768081665,5.05015230178833,0.49392378330230713,0.27948108315467834,0.010120382532477379,0.006113817449659109,0.09161706279659053,0.11252697145918376,music/low_stream/bivouacmusic - 05_AVANT-_GROUP_vbr.mp3,0,,0,bivouacmusic,05_AVANT-_GROUP_vbr,archive_low_download,799.0,low_stream,0.0
218.2018820861678,30.0,143.5546875,A major,1000.9284967139924,791.3620075079933,1585.157081438661,704.0783684282466,0.06328722124129257,0.016501827783999546,-399.2254638671875,94.59496307373047,139.99778747558594,52.066139221191406,1.3794617652893066,31.454906463623047,-30.42552375793457,42.17334747314453,-39.29395294189453,27.088619232177734,-18.63092803955078,20.240711212158203,-10.729960441589355,15.692456245422363,-12.391519546508789,14.440478324890137,-11.969050407409668,14.3242826461792,-4.6233320236206055,17.901573181152344,5.180544376373291,17.101381301879883,10.072245597839355,18.092933654785156,10.800631523132324,17.319395065307617,0.20253631472587585,0.3026368021965027,0.05410001426935196,0.024449922144412994,0.06667137102352051,0.2915184399355633,music/low_stream/Resonanz Kreis - 02 My Silence.mp3,0,,0,Resonanz Kreis,02 My Silence,archive_low_download,999.0,low_stream,0.0
356.7539229024943,30.0,89.10290948275862,A major,1193.040592329904,1155.3822254938357,1789.9141766338525,1627.2819996049855,0.05968709183920279,0.08409860815067749,-359.2008361816406,115.46533203125,114.02951049804688,73.91676330566406,46.21662139892578,56.390438079833984,32.65681076049805,25.65951919555664,14.328657150268555,25.260467529296875,9.680279731750488,12.42165470123291,3.591076135635376,14.622550964355469,6.927303314208984,9.488358497619629,-1.0174731016159058,9.549235343933105,2.923980951309204,9.987921714782715,0.15755006670951843,11.193379402160645,4.533038139343262,9.20527458190918,-6.41583251953125,10.662007331848145,0.38289952278137207,0.31214001774787903,0.06360971182584763,0.04633035138249397,0.018138034274312865,0.12332858131618668,music/low_stream/the Beige Channel - 08CranfordPermeable_64kb.mp3,0,,0,the Beige Channel,08CranfordPermeable_64kb,archive_low_download,822.0,low_stream,0.0
471.61433106575964,30.0,112.34714673913044,D# minor,1312.2330101029818,1461.7084028443019,2406.20211669166,1334.3718276001673,0.07985590412151702,0.11491977833016624,-379.8275451660156,123.51268768310547,75.29962921142578,72.10100555419922,23.982723236083984,36.699981689453125,17.452333450317383,22.368194580078125,10.557428359985352,20.37286949157715,8.234478950500488,18.93364143371582,8.956756591796875,15.659770011901855,10.875800132751465,15.61861515045166,6.685693740844727,12.493759155273438,2.4230904579162598,10.262882232666016,-0.04558645933866501,8.806983947753906,0.7346699833869934,8.548171997070312,2.281867265701294,7.31511116027832,0.36243611574172974,0.3335578143596649,0.10127449780702591,0.12298174947500229,0.015695385307784318,0.20409990567477385,music/low_stream/rubicante - kahvi206d_atmogat-iai_do_64kb.mp3,0,,0,rubicante,kahvi206d_atmogat-iai_do_64kb,archive_low_download,827.0,low_stream,0.0
151.81739229024944,30.0,69.83741554054055,G# major,3245.4539181486707,856.1504044596956,6654.584760636368,2828.2307742307694,0.16239319792472912,0.09544391006472357,-41.72738265991211,76.119140625,47.82782745361328,34.44093704223633,-6.939880847930908,23.062463760375977,25.825536727905273,19.477558135986328,9.026756286621094,15.711714744567871,12.844829559326172,9.951644897460938,8.862113952636719,12.581475257873535,11.065391540527344,9.000848770141602,-0.9434349536895752,7.391657829284668,6.3680853843688965,7.245237827301025,1.6988778114318848,7.733062744140625,5.116208553314209,7.9800214767456055,-3.3772759437561035,6.264637470245361,0.5502983331680298,0.2657964825630188,0.19096359610557556,0.08557537943124771,0.008734200586493017,0.1325053751384306,music/low_stream/Beyond The Borders - 05 - Beyond The Borders - Biomotor.mp3,0,,0,Beyond The Borders,05 - Beyond The Borders - Biomotor,archive_low_download,881.0,low_stream,0.0
376.99401360544215,30.0,78.30255681818181,A# major,1007.5670849182014,364.7527041784092,1998.846246583543,1519.5661310165835,0.03472579152960526,0.014631804836817492,-284.7814025878906,75.20071411132812,159.95074462890625,29.63484764099121,0.27700361609458923,15.393321990966797,40.49616622924805,12.660587310791016,3.357961654663086,10.558629989624023,10.852203369140625,10.24104118347168,-3.982663631439209,8.766566276550293,-1.0836111307144165,9.03726577758789,-5.08056640625,8.612229347229004,-2.911903142929077,7.436792373657227,-5.48172664642334,6.970517158508301,-4.4426589012146,7.3677897453308105,-7.897536754608154,7.121956825256348,0.4278787672519684,0.29552972316741943,0.056782595813274384,0.02437867596745491,-0.0008699400087862207,0.1291542075692925,music/low_stream/Mill Run Band - 07PaperPlaneWar.mp3,0,,0,Mill Run Band,07PaperPlaneWar,archive_low_download,840.0,low_stream,0.0
1927.743401360544,30.0,75.99954044117646,A# minor,486.0629279044566,254.18028067664054,1057.3519396708107,679.4536357919754,0.017823021478328174,0.012434888126509449,-370.40301513671875,75.56619262695312,167.72547912597656,56.02661895751953,0.9333922863006592,18.6931095123291,-3.733950138092041,10.527389526367188,21.835935592651367,12.221282005310059,9.89285659790039,7.101114749908447,8.51900577545166,6.911904335021973,7.723950386047363,6.1440019607543945,4.558568954467773,4.708105564117432,10.074874877929688,5.727540969848633,7.301794052124023,5.536191940307617,0.4301038682460785,4.373694896697998,4.485950946807861,4.528331279754639,0.5624849796295166,0.2975141108036041,0.039705581963062286,0.02499917522072792,-0.0004232419241315599,0.06011824465226469,music/low_stream/litmus0001 - 04anu017_litmus0001_san_francisco_ca.mp3,0,,0,litmus0001,04anu017_litmus0001_san_francisco_ca,archive_low_download,899.0,low_stream,0.0
277.1863945578231,30.0,184.5703125,G minor,842.0061644656099,183.52182430851457,1388.0999396829045,1056.4189332726705,0.0464691067627709,0.00784149007441872,-147.10205078125,54.317989349365234,205.1295166015625,20.71094512939453,-16.31095314025879,17.603500366210938,-0.29112598299980164,13.72280502319336,1.734473466873169,10.278009414672852,-3.6957085132598877,6.192447185516357,-10.328634262084961,5.007856369018555,-3.843709945678711,7.646290302276611,-9.731757164001465,6.602616310119629,-2.5819129943847656,8.23350715637207,-13.263199806213379,6.244100093841553,-7.225451469421387,6.151467323303223,-0.4382503628730774,6.3533782958984375,0.35778945684432983,0.2915264666080475,0.24716702103614807,0.08671417087316513,-0.00262810151552135,0.1834678057936199,music/low_stream/Otpei - 01 - OTPEI - Syred Nok.mp3,0,,0,Otpei,01 - OTPEI - Syred Nok,archive_low_download,892.0,low_stream,0.0
149.2174149659864,30.0,95.703125,G# major,1791.2428141173748,239.97304975423725,3061.064823493131,1290.2190902075395,0.137734616873065,0.026701450164701067,-50.45909881591797,19.147661209106445,162.38677978515625,20.768388748168945,-101.32628631591797,18.42259407043457,29.311628341674805,9.55664348602295,-3.4013516902923584,9.630500793457031,-47.18980026245117,11.02796459197998,3.839205741882324,6.2968220710754395,-12.854464530944824,9.36917781829834,-15.083030700683594,6.589427947998047,13.197089195251465,4.977020263671875,-7.230931282043457,5.7006516456604,0.9264684319496155,4.9264936447143555,-5.8493146896362305,5.015973091125488,0.4526054263114929,0.2773219347000122,0.24100728332996368,0.03856449946761131,0.028593290591220982,0.07981227001101873,music/low_stream/Jab Lemur - 12TETALMORALDO.mp3,0,,0,Jab Lemur,12TETALMORALDO,archive_low_download,768.0,low_stream,0.0
330.80018140589567,30.0,99.38401442307692,D# major,2934.719275083356,1199.0782774570964,6513.310614901799,2823.5426141253765,0.1181243802002709,0.06462492776630205,19.577800750732422,101.99238586425781,74.19963836669922,55.16230773925781,34.19266891479492,22.200958251953125,36.022613525390625,13.464722633361816,10.67674446105957,11.25883960723877,11.664485931396484,7.87040376663208,5.505404472351074,6.5555644035339355,7.629066467285156,5.5758795738220215,3.298734426498413,6.939976215362549,10.467479705810547,6.017335414886475,-1.4120770692825317,5.7459917068481445,6.4788994789123535,5.598527908325195,-0.8802059292793274,5.793228626251221,0.587704062461853,0.2522086203098297,0.49805623292922974,0.08640287816524506,-0.012265165712023789,0.046450726502764925,music/low_stream/Buben - buben-5-veil-NKSintl.mp3,0,,0,Buben,buben-5-veil-NKSintl,archive_low_download,823.0,low_stream,0.0
78.43675736961451,30.0,107.666015625,F# minor,3380.054076441155,390.89108802943133,6698.842826347233,2743.352895218242,0.17486024271962075,0.04827195686047142,38.51506423950195,122.6414566040039,32.37873077392578,12.093634605407715,-25.983402252197266,15.346963882446289,17.735820770263672,10.277791023254395,-1.7862199544906616,13.86960220336914,-3.200857400894165,14.542858123779297,-5.2536940574646,8.397795677185059,9.335658073425293,8.689264297485352,5.3857197761535645,10.367304801940918,16.959232330322266,9.811002731323242,12.125029563903809,7.774229526519775,9.96286678314209,7.208683967590332,-2.833674907684326,7.651785850524902,0.36741286516189575,0.30765947699546814,0.41081666946411133,0.14092634618282318,-0.018206330941278718,0.06720998656459197,music/low_stream/Praying Gods - 02-DevoursItself.mp3,0,,0,Praying Gods,02-DevoursItself,archive_low_download,895.0,low_stream,0.0
323.28113378684805,30.0,107.666015625,G# major,1949.114830361526,231.25427971638936,3602.3698836288218,2031.9148374420238,0.0873173102505805,0.018871264311985277,-232.068115234375,49.9699592590332,41.798980712890625,10.876924514770508,-31.225698471069336,7.486722946166992,6.799929618835449,4.270984172821045,-0.35361194610595703,4.581762790679932,17.36536407470703,7.934238433837891,-18.56281089782715,5.551135540008545,-9.507651329040527,5.698544502258301,5.598280429840088,4.445999622344971,20.859670639038086,4.2572736740112305,34.97163391113281,7.797018051147461,39.37627410888672,5.614531993865967,8.182417869567871,4.419497013092041,0.1217692419886589,0.27954375743865967,0.20095057785511017,0.06308497488498688,0.15251385166509518,0.3645072776315123,music/low_stream/Túlio Falcão - 08_Orfeu_Em_3_MIDI-Movimentos.mp3,0,,0,Túlio Falcão,08_Orfeu_Em_3_MIDI-Movimentos,archive_low_download,761.0,low_stream,0.0
171.64190476190475,30.0,123.046875,F minor,1785.7299090012307,462.55305079939995,3798.2520324895995,2002.1575934624125,0.06573543017124613,0.02700778252969417,-107.04007720947266,96.79383850097656,110.56206512451172,26.433000564575195,-15.942068099975586,19.25368881225586,47.927886962890625,11.430933952331543,-2.371891736984253,8.250605583190918,-3.276270866394043,10.751774787902832,-5.687473773956299,5.111056327819824,-4.908387660980225,10.973323822021484,-3.1291589736938477,4.811234474182129,0.08468127250671387,9.573739051818848,1.701331377029419,5.672938346862793,6.376054286956787,6.346169948577881,-5.401226997375488,5.251659870147705,0.3570096790790558,0.29407840967178345,0.16256871819496155,0.08848225325345993,0.07635282156721143,0.1658259063443446,music/low_stream/Greater Gods - 01-SlaveToTheMonolith.mp3,0,,0,Greater Gods,01-SlaveToTheMonolith,archive_low_download,863.0,low_stream,0.0
381.53514739229024,30.0,143.5546875,C minor,1200.0741133478004,659.8015625279002,2496.5515703608744,1830.4598332510302,0.03610484592685759,0.026749963445096763,-242.02696228027344,120.37799835205078,125.83296203613281,40.384281158447266,21.30021858215332,27.26980209350586,33.554229736328125,19.243303298950195,9.793806076049805,14.561612129211426,16.541179656982422,9.42885971069336,3.3172755241394043,10.504105567932129,10.144204139709473,7.974092960357666,-1.354430913925171,8.646689414978027,3.2911746501922607,7.807906627655029,0.35018137097358704,9.053547859191895,2.943479537963867,8.058499336242676,2.430208683013916,6.9603800773620605,0.4968227744102478,0.2875554859638214,0.07822590321302414,0.04686247929930687,0.016740355443987536,0.07222113116398461,music/low_stream/Moan - 10_moan_-_live_at_aoia_17_11_2006__excerpt_.mp3,0,,0,Moan,10_moan_-_live_at_aoia_17_11_2006__excerpt_,archive_low_download,992.0,low_stream,0.0
3027.971678004535,30.0,143.5546875,F minor,1565.2107292888538,192.46012839928454,3287.180122871517,1849.696310338701,0.03786107113486842,0.014691828419433093,48.6459846496582,24.739482879638672,122.73344421386719,8.333357810974121,-35.94224548339844,6.901381969451904,54.582672119140625,4.8667683601379395,11.837581634521484,4.823734760284424,17.04134750366211,5.051645278930664,7.842217922210693,5.081357479095459,16.210962295532227,4.64752197265625,-0.6228134632110596,4.955327987670898,13.145096778869629,4.65471076965332,-0.2553318738937378,4.6077961921691895,7.247593402862549,4.171656608581543,1.2477728128433228,4.387079238891602,0.7285048365592957,0.18438215553760529,0.7017841339111328,0.037432413548231125,0.0411037671878974,0.06584819103352632,music/low_stream/Rusty Sleep Karter - 01.TaintIi.mp3,0,,0,Rusty Sleep Karter,01.TaintIi,archive_low_download,952.0,low_stream,0.0
82.74562358276644,30.0,99.38401442307692,G# minor,1169.8707115093473,476.63254734310686,2077.4124381711977,1666.3972774295507,0.04299936205979102,0.037015979009271185,-252.70130920410156,130.3059539794922,152.6742401123047,27.63938331604004,8.148344993591309,45.265174865722656,23.82466697692871,19.048723220825195,-3.5522234439849854,17.695955276489258,-2.7618041038513184,10.933701515197754,-3.894618272781372,8.08564567565918,2.1065571308135986,8.483154296875,0.8423947691917419,9.202451705932617,7.3011064529418945,8.310436248779297,5.686234951019287,8.309103965759277,7.109201908111572,8.812909126281738,3.028193235397339,12.099853515625,0.4733753502368927,0.3076029419898987,0.05976319685578346,0.02568306215107441,0.11174096817653498,0.16308730550664824,"music/low_stream/Charles Monroe-Kane - 3 Oklahoma, 2016.mp3",0,,0,Charles Monroe-Kane,"3 Oklahoma, 2016",archive_low_download,767.0,low_stream,0.0
231.49054421768707,30.0,161.4990234375,G minor,1884.633551168337,1146.4940088195024,3686.119377207092,2246.768641038798,0.05444298144833591,0.05869546099142961,-188.18177795410156,84.84420776367188,75.76570129394531,37.277809143066406,12.307714462280273,25.920738220214844,48.05518341064453,15.264777183532715,25.8245792388916,12.655881881713867,30.698097229003906,9.234195709228516,12.699681282043457,8.559647560119629,4.590759754180908,6.7593674659729,3.564901351928711,8.139488220214844,1.5801531076431274,8.593337059020996,-6.107950210571289,6.105962753295898,-5.217114448547363,7.648440837860107,-4.923198699951172,6.560019016265869,0.3602485954761505,0.3324551582336426,0.21360117197036743,0.12391816079616547,-0.0032248351106444564,0.1540805070431751,music/low_stream/Melcher Tschiemer - OdesInA-Ode3ahmedAbdullah-RichieEvans-14July1996.mp3,0,,0,Melcher Tschiemer,OdesInA-Ode3ahmedAbdullah-RichieEvans-14July1996,archive_low_download,863.0,low_stream,0.0
1387.8013832199547,30.0,0.0,C# minor,156.659515779967,28.527177922733678,256.44844929131193,288.87591126716535,0.0057320137142027865,0.0022091632273681344,-547.29931640625,55.480342864990234,131.81103515625,55.58725357055664,73.62256622314453,20.610240936279297,34.06924819946289,10.987077713012695,18.320980072021484,8.292856216430664,16.776866912841797,4.448554515838623,17.39606285095215,6.759714603424072,8.950969696044922,4.836556911468506,2.170297622680664,7.399075508117676,7.859700679779053,5.347702980041504,12.39806842803955,5.034433841705322,10.320838928222656,5.9792680740356445,11.882209777832031,7.767997741699219,0.6304696202278137,0.23391349613666534,0.024782711640000343,0.021809406578540802,-0.020433939236231782,0.1374836320700906,music/low_stream/Meho - 02.Kloniranje.mp3,0,,0,Meho,02.Kloniranje,archive_low_download,869.0,low_stream,0.0
277.33913832199545,30.0,135.99917763157896,A minor,3031.543697614071,1297.5543379169287,6457.394286353521,2951.8776241910546,0.07632947041892414,0.06504757427438632,-50.53643798828125,83.68062591552734,57.12416076660156,36.75814437866211,26.77212905883789,41.64195251464844,12.616449356079102,12.176389694213867,3.657510280609131,13.582202911376953,28.20398712158203,9.9287748336792,15.068212509155273,9.313060760498047,16.945768356323242,9.019954681396484,6.849084854125977,9.376564979553223,11.134664535522461,6.637522220611572,5.348241806030273,6.678150177001953,14.067253112792969,5.8990960121154785,7.245603084564209,6.494254112243652,0.6636756062507629,0.23253004252910614,0.4245097041130066,0.10426884889602661,0.005618733828451042,0.08742287925165605,music/low_stream/Slew52 - 04.New_Glands_vbr.mp3,0,,0,Slew52,04.New_Glands_vbr,archive_low_download,947.0,low_stream,0.0
162.32886621315194,30.0,103.359375,F# minor,2292.6871220749504,1012.7608061189943,4818.012532804035,2384.264155801866,0.10446308714686532,0.07462017917442929,-55.484840393066406,105.20695495605469,97.79161071777344,42.774658203125,8.5143461227417,24.93726348876953,26.899314880371094,17.577531814575195,3.866969347000122,15.946735382080078,13.29021167755127,9.002922058105469,-1.104322075843811,8.889354705810547,6.961965560913086,7.823343276977539,-4.030374526977539,7.214151382446289,0.318264365196228,7.417366981506348,-3.1036946773529053,5.857459545135498,1.849090814590454,5.995330810546875,-2.368415594100952,6.528794288635254,0.5477490425109863,0.25813114643096924,0.20161773264408112,0.09846238046884537,0.008247544046214972,0.08080871916308444,music/low_stream/Persefone - 05 - לוציפר.mp3,0,,0,Persefone,05 - לוציפר,archive_low_download,796.0,low_stream,0.0
316.05551020408166,30.0,129.19921875,G major,4031.5663957703114,1720.2659847342475,7520.146193371469,3111.406183390631,0.17391467020607584,0.16035599127613637,-299.96551513671875,100.08297729492188,12.985346794128418,34.591121673583984,19.996469497680664,25.323326110839844,26.594505310058594,17.774349212646484,34.85979080200195,11.908215522766113,24.92026710510254,7.284520626068115,24.580888748168945,5.952511787414551,30.319799423217773,7.610604286193848,7.875002861022949,6.088586807250977,11.543909072875977,7.155013084411621,2.0750701427459717,5.676299571990967,17.64568519592285,5.823263645172119,4.095888614654541,5.336537837982178,0.5246502161026001,0.2813338041305542,0.04171271622180939,0.02916186861693859,-0.009060461301588227,0.06273761026492916,music/low_stream/Bill and John Storch - LN04_3.Prayer_vbr.mp3,0,,0,Bill and John Storch,LN04_3.Prayer_vbr,archive_low_download,892.0,low_stream,0.0
190.49650793650792,30.0,151.99908088235293,F minor,2533.0849953709567,883.3825231066429,5257.134877491292,2512.7785551223765,0.11028996045375387,0.04473926603701456,-119.39627075195312,102.76589965820312,72.59425354003906,43.880428314208984,9.01339340209961,21.25350570678711,60.845054626464844,19.926700592041016,15.937013626098633,12.903295516967773,10.702816009521484,7.741485595703125,5.24127721786499,8.370896339416504,4.319193363189697,7.6061015129089355,-0.8723694682121277,8.410560607910156,-2.9256961345672607,9.360491752624512,9.128936767578125,7.794412612915039,-0.308688223361969,10.022147178649902,-5.355392932891846,8.570110321044922,0.43863362073898315,0.2869955897331238,0.11718723922967911,0.03545895591378212,0.037786473014945365,0.08497018516729705,music/low_stream/Triptome - instinto_vbr.mp3,0,,0,Triptome,instinto_vbr,archive_low_download,968.0,low_stream,0.0
43.241950113378685,30.0,151.99908088235293,A minor,1925.553522239832,717.3203205387982,3684.0193899054275,1997.38271507311,0.09816304965654024,0.05646134271898668,-49.677555084228516,79.09828186035156,114.02629089355469,28.859514236450195,-23.54465675354004,23.722942352294922,13.242790222167969,16.976484298706055,-11.223041534423828,16.71574592590332,2.6557745933532715,11.55710220336914,-18.13743019104004,10.585638999938965,-1.9643566608428955,8.914626121520996,-10.312736511230469,9.45921516418457,-4.169283390045166,7.778415679931641,-3.5930557250976562,7.508633136749268,6.3193864822387695,8.358668327331543,-8.459120750427246,8.12293815612793,0.32526832818984985,0.2997078001499176,0.24790717661380768,0.08055427670478821,-0.012320560416534645,0.11019695453508589,music/low_stream/Phloby Vs. C. Goff III - 01WhatIsThisProduct.mp3,0,,0,Phloby Vs. C. Goff III,01WhatIsThisProduct,archive_low_download,865.0,low_stream,0.0
141.312,30.0,86.1328125,D minor,3390.289168320436,533.5516200281504,6800.975542098007,2823.907390006048,0.18930648945433437,0.05318338502782102,-121.94415283203125,58.961341857910156,29.32795524597168,16.03644561767578,11.624011039733887,14.038915634155273,35.23219680786133,13.649715423583984,-6.736539840698242,8.943922996520996,-0.8910133242607117,10.204758644104004,-11.753077507019043,8.247425079345703,-1.7484015226364136,9.05826187133789,-11.0540189743042,8.450136184692383,-4.3674516677856445,9.052563667297363,-7.479604244232178,7.0286946296691895,-0.5903315544128418,7.516355514526367,-11.450838088989258,8.986150741577148,0.21604180335998535,0.2707468569278717,0.0933171957731247,0.019856834784150124,-0.062076337435911934,0.17556184685833254,music/low_stream/And - 04.Chicken_Soup_vbr.mp3,0,,0,And.,04.Chicken_Soup_vbr,archive_low_download,872.0,low_stream,0.0
416.0,30.0,80.74951171875,F minor,1405.9027903321605,1877.172722038859,2606.1592409116197,1603.7349892899415,0.0837005520752709,0.08827450808555827,-388.34906005859375,127.21116638183594,46.443729400634766,71.6449203491211,32.17597579956055,28.95937156677246,26.149734497070312,20.76612663269043,18.635101318359375,18.36689567565918,17.87359046936035,14.397859573364258,12.544914245605469,12.489148139953613,11.69580078125,10.411602020263672,9.240660667419434,8.655804634094238,8.782705307006836,7.480812072753906,7.16138219833374,7.098244667053223,7.016148090362549,6.738930702209473,3.9347124099731445,7.391670227050781,0.6931570768356323,0.2644478380680084,0.10092522948980331,0.09594409167766571,0.0033679266590399453,0.0278251171035817,music/low_stream/Trujillo and 5053x - 02-data002-crucero-katrina.mp3,0,,0,Trujillo and 5053x,02-data002-crucero-katrina,archive_low_download,784.0,low_stream,0.0
196.63773242630384,30.0,135.99917763157896,G# minor,449.12093699361964,178.7893377683059,582.8548088900445,613.8449968489207,0.025410277186532507,0.016901013672074437,-317.52984619140625,94.11917114257812,164.73779296875,47.57344055175781,5.222613334655762,31.67989158630371,40.2592887878418,10.662727355957031,14.215791702270508,6.398819923400879,-16.24466323852539,13.97944450378418,-0.04976972937583923,7.588709354400635,-16.116783142089844,11.500923156738281,-10.436814308166504,9.678051948547363,1.4077171087265015,6.515865325927734,-1.7137900590896606,8.559202194213867,7.6411452293396,4.6569108963012695,4.66021203994751,5.37776517868042,0.30915218591690063,0.35731855034828186,0.1673738956451416,0.08125247806310654,0.07212567717288489,0.34051679355732034,music/low_stream/Mutex - Mutex--EgyptianSong.mp3,0,,0,Mutex,Mutex--EgyptianSong,archive_low_download,811.0,low_stream,0.0
15.323809523809524,15.323809523809524,117.45383522727273,A major,1522.1265225916038,839.7362933896624,3065.2025257457385,1687.1800081545844,0.0684955018939394,0.04423584411685608,-268.3672180175781,134.83656311035156,125.84256744384766,50.90363311767578,-17.32355308532715,28.08987045288086,25.16046905517578,15.757414817810059,-8.477165222167969,21.499549865722656,2.1905603408813477,20.366851806640625,2.5491864681243896,10.619547843933105,6.835816860198975,9.609293937683105,2.3309576511383057,11.359445571899414,5.067152976989746,7.703108310699463,1.105012059211731,8.853927612304688,2.9689478874206543,7.417991638183594,-1.2016459703445435,7.9968109130859375,0.43782445788383484,0.31788885593414307,0.05995628982782364,0.03986814618110657,0.002889377863920389,0.10154352370632508,music/low_stream/Binky Vonsopwith - 02_funkslap_64kb.mp3,0,,0,Binky Vonsopwith,02_funkslap_64kb,archive_low_download,974.0,low_stream,0.0
136.01922902494331,30.0,95.703125,G# major,2645.2422067869993,737.4441029830045,4988.8031667231035,2194.830298522978,0.17029186520414086,0.056017395152260833,11.524667739868164,144.7026824951172,72.47453308105469,23.270980834960938,-33.30606460571289,13.95297908782959,40.95353698730469,13.265765190124512,-12.521442413330078,7.776895523071289,17.600936889648438,7.432373046875,-7.651656150817871,5.7921857833862305,12.458436012268066,6.082088470458984,-13.90948486328125,6.779078483581543,8.62807559967041,6.6087212562561035,-13.97516918182373,6.25099515914917,8.187129974365234,5.431573390960693,-14.075942039489746,6.776834487915039,0.4930863678455353,0.26981058716773987,0.28771474957466125,0.08992499113082886,0.019169389850554185,0.13376647066767525,music/low_stream/Cumshot records - 10_Penelope_64kb.mp3,0,,0,Cumshot records,10_Penelope_64kb,archive_low_download,985.0,low_stream,0.0
69.56662131519275,30.0,117.45383522727273,A# major,2765.140012081698,409.6339290936842,5571.84964112084,2506.350524704341,0.13606871613777088,0.037249327399273925,-154.22579956054688,103.22001647949219,66.80457305908203,19.823392868041992,-38.013710021972656,13.6343994140625,-5.175018787384033,9.501692771911621,-6.4886322021484375,8.528342247009277,5.080741882324219,5.119726657867432,-7.758081436157227,7.010612487792969,-6.145552158355713,7.494480133056641,-15.399967193603516,6.5761308670043945,-17.02699851989746,5.090034008026123,-22.74687385559082,6.210886478424072,-8.6900634765625,5.871810436248779,5.728514194488525,4.634296894073486,0.2942385971546173,0.29522940516471863,0.06459497660398483,0.031882431358098984,-0.039599677239300024,0.11661901986709272,"music/low_stream/Daron Key, Randy Lee Sutherland - 8_movements5.mp3",0,,0,"Daron Key, Randy Lee Sutherland",8_movements5,archive_low_download,940.0,low_stream,0.0
10.711269841269841,10.711292517006802,107.666015625,D# minor,1461.33262803949,547.9439193077013,2185.6201171875,761.753011002896,0.12005588812229437,0.05856880534940213,-354.44622802734375,93.84095001220703,117.54813385009766,64.15135192871094,-67.06802368164062,61.624427795410156,-5.492489814758301,35.87815475463867,29.83201026916504,20.88737678527832,-13.505852699279785,20.315059661865234,-7.122374534606934,16.04727554321289,-7.390178680419922,13.477102279663086,-17.958200454711914,16.62119483947754,-2.243246555328369,16.310365676879883,-5.778284072875977,11.730962753295898,-13.895544052124023,10.54550838470459,-3.856576442718506,12.431066513061523,0.3221142590045929,0.3202570974826813,0.046691183000802994,0.045441992580890656,0.00714441202945294,0.07848667077617415,"music/low_stream/Гиф - 036. Ах, Ты Ублюдок Вшивый.mp3",0,,0,Гиф,"036. Ах, Ты Ублюдок Вшивый",archive_low_download,860.0,low_stream,0.0
479.08306122448977,30.0,86.1328125,A# minor,2713.6449717742876,587.1257650759318,5725.290379952351,2562.5272895137423,0.1488316775106424,0.053539275175770625,-92.93489074707031,64.52410125732422,83.13115692138672,24.952016830444336,-20.741477966308594,26.491104125976562,11.024559020996094,15.850923538208008,-4.104028701782227,10.652159690856934,-4.973715305328369,16.840801239013672,-6.781630039215088,10.49594497680664,-0.4707573652267456,8.69780158996582,-4.707630634307861,7.794183731079102,3.509843111038208,6.71124267578125,-4.59219217300415,6.215906620025635,-4.607476234436035,8.099777221679688,-5.0204243659973145,8.051416397094727,0.426738977432251,0.2951258420944214,0.09258786588907242,0.046601250767707825,0.010906849100260605,0.099130810757635,music/low_stream/Deep-X Recordings - deepx264-01_-_Samosad_Bend_-_Veter__Micronoise_Paranoic_Sound_Dub_Vision_.mp3,0,,0,Deep-X Recordings,deepx264-01_-_Samosad_Bend_-_Veter__Micronoise_Paranoic_Sound_Dub_Vision_,archive_low_download,997.0,low_stream,0.0
154.2,30.0,117.45383522727273,A# minor,1937.9938697333437,1466.7529195832856,4021.975679663313,2350.7333435772734,0.058962606424148606,0.10566412222084377,-303.6335754394531,105.53307342529297,90.6693344116211,54.02511978149414,33.38779067993164,22.74671173095703,32.86628723144531,20.85930824279785,11.419233322143555,13.371709823608398,9.553204536437988,15.294920921325684,10.47742748260498,9.674527168273926,0.09079928696155548,13.57390308380127,0.865402340888977,13.710596084594727,15.605083465576172,9.073769569396973,5.745558261871338,9.748924255371094,9.029901504516602,9.165635108947754,4.981817245483398,7.5728068351745605,0.4777137041091919,0.31223756074905396,0.07858504354953766,0.04954902082681656,0.01635828695688492,0.1858117604014663,music/low_stream/like plankton for the elephant - like_plankton_for_the_elephant-passage-11-imitation_imitation.mp3,0,,0,like plankton for the elephant,like_plankton_for_the_elephant-passage-11-imitation_imitation,archive_low_download,874.0,low_stream,0.0
160.0,30.0,123.046875,D# minor,2778.802116324973,1715.2069148932594,5474.81689453125,2651.430926848331,0.10467321437209752,0.08428020934672943,-269.6939697265625,103.63386535644531,73.27782440185547,67.99502563476562,43.32881546020508,29.83251953125,36.52988815307617,19.168180465698242,12.786524772644043,12.47241497039795,20.85053253173828,9.481321334838867,4.971379280090332,8.070877075195312,12.202880859375,7.875727653503418,3.8567075729370117,8.850465774536133,1.5164368152618408,10.056316375732422,3.7984063625335693,10.158835411071777,4.3706955909729,8.325997352600098,7.3907551765441895,11.379935264587402,0.45612773299217224,0.2969292402267456,0.04886391758918762,0.02165253274142742,0.0017324490694729212,0.12367456860041577,music/low_stream/Thomas Park - Track20210521111553322404.44.mp3,0,,0,Thomas Park,Track20210521111553322404.44,archive_low_download,874.0,low_stream,0.0
173.87102040816328,30.0,117.45383522727273,A# major,1960.7710031482438,819.9429419920634,4443.381464813516,2354.1990945885896,0.0764670357246517,0.06936464452751193,-109.8421630859375,76.32974243164062,102.18498229980469,39.961204528808594,24.228200912475586,17.769824981689453,44.66035842895508,12.952564239501953,-5.3935980796813965,10.648392677307129,3.3612608909606934,8.071372985839844,2.40332293510437,11.51474666595459,-3.923337936401367,8.743831634521484,-19.47542953491211,7.042673110961914,9.978102684020996,6.379479885101318,-11.623558044433594,7.672215938568115,10.86478042602539,5.987032413482666,-22.526920318603516,8.064713478088379,0.28985410928726196,0.2939488887786865,0.2089216411113739,0.06369622051715851,0.0709570111145056,0.24832362113650608,music/low_stream/Captain Pepere - 09_-_captain_pepere_-_elle_nest_pas_dici_bonus.mp3,0,,0,Captain Pepere,09_-_captain_pepere_-_elle_nest_pas_dici_bonus,archive_low_download,788.0,low_stream,0.0
45.09664399092971,30.0,123.046875,D major,3903.4567666886715,639.4711344004875,7632.387181332237,3044.279005211231,0.24810923289957432,0.10122609317468108,65.13026428222656,54.59246826171875,36.55237579345703,22.77687644958496,9.346593856811523,15.301362991333008,18.258987426757812,11.352692604064941,0.027382440865039825,10.42628288269043,13.796161651611328,10.526073455810547,1.512646198272705,8.709945678710938,11.605071067810059,8.819121360778809,0.6102990508079529,7.972304821014404,11.999998092651367,7.567633152008057,6.480989456176758,7.6637864112854,3.830994129180908,7.245203018188477,-3.715719699859619,6.618176460266113,0.48103809356689453,0.2749231457710266,0.39540573954582214,0.10334780812263489,0.004843122088613402,0.07195322228837152,music/low_stream/CyberHex - Pi-Rat0003-CyberHex-06-The_Force.mp3,0,,0,CyberHex,Pi-Rat0003-CyberHex-06-The_Force,archive_low_download,797.0,low_stream,0.0
8.241904761904761,8.241904761904761,75.99954044117646,D minor,2775.023337324982,779.8374962842138,5034.6751898107395,2252.886281059443,0.16723701584507042,0.07055223336437964,-45.73994445800781,67.92558288574219,66.6592788696289,34.32415008544922,-22.043174743652344,25.092573165893555,52.54662322998047,20.5851993560791,-5.677763938903809,20.48517417907715,1.6687651872634888,14.44242000579834,0.508987307548523,9.922757148742676,0.35302236676216125,12.938304901123047,-9.053624153137207,11.979350090026855,-5.818325042724609,12.795820236206055,-7.223189830780029,10.90046501159668,-1.73766028881073,10.483528137207031,-4.667473793029785,8.841017723083496,0.4473804831504822,0.30419716238975525,0.21316519379615784,0.08586607873439789,-0.009314895261199465,0.10527430808037658,music/low_stream/٩(｡•́‿•̀｡)۶ - 09.mp3,0,,0,٩(｡•́‿•̀｡)۶,09,archive_low_download,923.0,low_stream,0.0
223.59655328798186,30.0,99.38401442307692,F# minor,2246.3369223912305,402.28741987695537,4970.04494681816,2495.459977405226,0.1069676071497678,0.03435082086002115,-293.4732360839844,82.91626739501953,100.79084014892578,17.958820343017578,-4.990550518035889,9.432567596435547,8.972533226013184,5.996366500854492,-6.695777893066406,5.8585615158081055,-16.514240264892578,9.512821197509766,-19.84766387939453,7.693737030029297,11.425920486450195,5.233832836151123,-0.9078908562660217,5.296754360198975,-3.263939380645752,10.652297019958496,-4.470149993896484,5.645668983459473,-0.477826863527298,8.103358268737793,-15.454171180725098,5.185617446899414,0.4254603981971741,0.2907160520553589,0.01800769753754139,0.01318505872040987,-0.00988874193742125,0.1726797680194762,music/low_stream/From the Horror - 01DesdeElHorror.mp3,0,,0,From the Horror,01DesdeElHorror,archive_low_download,871.0,low_stream,0.0
67.72836734693878,30.0,123.046875,G minor,2053.259856008783,1019.9591615040881,4489.189521151799,2182.9633197527082,0.0733926023123065,0.05304606813067153,-114.45382690429688,95.32283020019531,85.2931900024414,45.11702346801758,-30.153274536132812,15.344162940979004,6.9630045890808105,10.44688606262207,24.625396728515625,8.602801322937012,34.946861267089844,12.385778427124023,9.630818367004395,11.584731101989746,16.777929306030273,6.3977131843566895,15.646158218383789,8.379700660705566,14.021883010864258,5.282261371612549,9.807415962219238,7.313642501831055,11.948552131652832,6.236851215362549,5.944356918334961,7.576350212097168,0.6432461142539978,0.2266572266817093,0.1856764256954193,0.07934340089559555,0.006319303606858412,0.10001004523285868,music/low_stream/THE TURD GURGLERS & STEM CELL REDUCTION - 15-StemCellReduction-NewAgeHouseCleaner.mp3,0,,0,THE TURD GURGLERS & STEM CELL REDUCTION,15-StemCellReduction-NewAgeHouseCleaner,archive_low_download,976.0,low_stream,0.0
297.50820861678005,30.0,123.046875,C# major,2934.7965094096903,268.58610162017357,7607.2623332587555,3093.056550101472,0.2214215635884288,0.049171927548325424,4.11068868637085,63.99267578125,89.37672424316406,10.197501182556152,14.974116325378418,6.294069290161133,16.219074249267578,16.35708236694336,3.9033353328704834,8.529629707336426,8.865017890930176,4.859280109405518,5.838425636291504,4.624481678009033,2.930112361907959,5.672878265380859,-1.4541022777557373,6.609896183013916,14.482763290405273,4.3375444412231445,-14.401211738586426,5.53479528427124,15.961448669433594,6.651235103607178,-10.8837890625,4.576723098754883,0.6082420945167542,0.218222975730896,0.24898281693458557,0.03978706896305084,-0.017073277969504166,0.1329456904181643,music/low_stream/Assholemouthead & Chav Stabber - 7.SmileWithoutYourFuckingTeeth-Assholemouthead_64kb.mp3,0,,0,Assholemouthead & Chav Stabber,7.SmileWithoutYourFuckingTeeth-Assholemouthead_64kb,archive_low_download,917.0,low_stream,0.0
88.0,30.0,89.10290948275862,F major,3138.928781025952,1002.5074933709559,6840.625302341331,2997.385916963475,0.15773185044988391,0.1105195062433541,-71.30731201171875,115.84907531738281,74.25048065185547,31.217897415161133,21.28389549255371,15.431718826293945,7.730617046356201,9.367149353027344,-9.426169395446777,6.039196014404297,7.816270351409912,7.324320316314697,-1.6505478620529175,8.540694236755371,-1.8168354034423828,5.867063522338867,0.6605203747749329,6.852472305297852,-0.9579519629478455,5.175652980804443,0.48602667450904846,6.129416465759277,0.07696861773729324,4.386104106903076,0.39246293902397156,5.543341159820557,0.4872114062309265,0.28029385209083557,0.1350075751543045,0.05226951092481613,0.043223032335353496,0.09850572008817021,music/low_stream/M.E.H - 03IHateMyFuckingNeighbors.mp3,0,,0,M.E.H.,03IHateMyFuckingNeighbors,archive_low_download,819.0,low_stream,0.0
367.7771201814059,30.0,99.38401442307692,E major,1011.6038972070708,95.05900854308409,1723.0479142983263,962.0288550844059,0.07591866413506192,0.00951599368982986,-305.7875671386719,126.48970031738281,189.74996948242188,38.15251541137695,-37.3730354309082,33.55113220214844,11.744973182678223,8.366334915161133,-11.55893325805664,11.759657859802246,-6.515937805175781,6.050125598907471,-5.445719242095947,6.260048866271973,-3.0041427612304688,4.692201614379883,-7.865029335021973,4.10134220123291,-12.165802001953125,6.800242900848389,-3.3038387298583984,3.739093542098999,-1.246216893196106,6.844423294067383,-4.424721717834473,5.618707656860352,0.2842755913734436,0.28829556703567505,0.04954822361469269,0.03721173480153084,0.035058853479008625,0.09266833489835452,music/low_stream/Paul Minesweeper - 09PaulMinesweeper-Northreach.mp3,0,,0,Paul Minesweeper,09PaulMinesweeper-Northreach,archive_low_download,828.0,low_stream,0.0
328.93888888888887,30.0,129.19921875,A major,1179.8249190772794,1082.701811318488,2571.201118965267,1811.9341260228075,0.05160777561435759,0.06460623108150144,-206.129638671875,83.75967407226562,141.38790893554688,55.66631317138672,50.503028869628906,27.865583419799805,25.58135986328125,25.832508087158203,33.32280349731445,25.660490036010742,0.8034860491752625,18.110811233520508,4.001044273376465,11.90494441986084,0.028581082820892334,10.114874839782715,-3.8352174758911133,9.41405963897705,3.0158181190490723,12.175628662109375,-14.796216011047363,13.527915954589844,0.30775758624076843,10.554879188537598,-8.311783790588379,8.35857105255127,0.42389848828315735,0.3204532563686371,0.3017938733100891,0.21988458931446075,-0.020035518286565166,0.09605540215682563,music/low_stream/electronical - adm006-02-chriszanf_quarnkremix.mp3,0,,0,electronical,adm006-02-chriszanf_quarnkremix,archive_low_download,956.0,low_stream,0.0
289.3322448979592,30.0,103.359375,D major,1900.4605978557781,763.1613229830206,3951.059441817434,2331.1833111870797,0.0678907459365325,0.03789100484147357,-449.1175537109375,43.44766616821289,96.50814819335938,25.874431610107422,6.652042388916016,12.458117485046387,15.754931449890137,7.436931610107422,1.4402499198913574,8.152281761169434,-9.114347457885742,10.4882230758667,-0.3092668354511261,8.250422477722168,-1.9218897819519043,7.644669532775879,-8.400446891784668,8.183780670166016,-2.4927821159362793,7.621738433837891,-6.829818248748779,7.963708400726318,-4.531059741973877,6.944501876831055,2.039503812789917,5.607119083404541,0.272879421710968,0.3325042426586151,0.016502784565091133,0.022206677123904228,-0.037380967200160306,0.2296626121064148,music/low_stream/Jimmy Ghaphery - 03PhoneAsOx_vbr.mp3,0,,0,Jimmy Ghaphery,03PhoneAsOx_vbr,archive_low_download,823.0,low_stream,0.0
181.24480725623582,30.0,258.3984375,C major,883.2386192827711,921.434358688391,1600.5236551857586,1294.8213954986313,0.03650620404411765,0.019545032235450226,-297.8049011230469,76.18276977539062,149.29994201660156,41.93650436401367,36.45693588256836,17.27250099182129,50.069358825683594,16.39617156982422,26.23292350769043,11.673235893249512,11.486675262451172,9.24753189086914,1.8774402141571045,12.101324081420898,5.011347770690918,13.943758010864258,2.3889715671539307,8.410632133483887,6.831173896789551,11.830415725708008,-16.875267028808594,14.873254776000977,-12.645611763000488,9.128527641296387,-1.0681922435760498,11.628938674926758,0.2653467059135437,0.30043095350265503,0.15316565334796906,0.05296613276004791,0.2783316743729341,0.2628009114609056,music/low_stream/precocious mouse + d0x10 - 02-bt_11_varB.mp3,0,,0,precocious mouse + d0x10,02-bt_11_varB,archive_low_download,776.0,low_stream,0.0
436.64444444444445,30.0,117.45383522727273,A# minor,896.946758360319,194.52243492441028,1783.9392127636415,1618.2196329970063,0.022491171633126934,0.007374825248979266,-285.80126953125,81.30144500732422,134.75831604003906,23.413833618164062,11.813518524169922,14.033702850341797,43.03282165527344,14.021132469177246,23.147981643676758,8.743704795837402,33.81031036376953,8.102412223815918,11.083307266235352,8.762067794799805,7.84429407119751,6.338653087615967,-2.4914140701293945,5.786407947540283,3.767793893814087,6.0697808265686035,-2.903170347213745,6.123047828674316,-1.8239613771438599,4.2536139488220215,-6.118042945861816,4.438077926635742,0.39613258838653564,0.29874205589294434,0.07342700660228729,0.045106034725904465,-0.005418945413448136,0.0754760412086255,music/low_stream/cosmomachia - 03_Cosmomachia_-_Grammatica_Alba.mp3,0,,0,cosmomachia,03_Cosmomachia_-_Grammatica_Alba,archive_low_download,966.0,low_stream,0.0
326.8433560090703,30.0,123.046875,G major,1458.6433792743276,488.06194992078485,2790.8414574968556,1703.0850260892184,0.06648750423277863,0.024117238062513837,-156.49876403808594,55.99213790893555,144.99256896972656,30.77814292907715,-27.42015838623047,14.52950668334961,11.269354820251465,10.670002937316895,-0.41910114884376526,11.599855422973633,14.866646766662598,7.336683750152588,-12.66659927368164,6.923573970794678,-12.02591609954834,6.679173946380615,-11.180556297302246,5.807951927185059,-4.245508670806885,5.612375259399414,-5.26686954498291,4.551137924194336,-3.0465760231018066,5.138800144195557,-3.6072402000427246,5.436736583709717,0.3097524046897888,0.2879137396812439,0.1183924749493599,0.053169410675764084,-0.05613736616870457,0.15271964499156385,music/low_stream/drinking coffee from counselor troi's head - DCFromCTroisHead-ArchivesVol2-02-PhantomPower.mp3,0,,0,drinking coffee from counselor troi's head,DCFromCTroisHead-ArchivesVol2-02-PhantomPower,archive_low_download,821.0,low_stream,0.0
300.4600453514739,30.0,129.19921875,A major,2507.7402344804996,1050.513029275115,5300.317949702496,2364.9613567482897,0.12350265455688854,0.07865070618378138,-44.032386779785156,109.4635238647461,80.43958282470703,35.500091552734375,-14.829715728759766,19.841978073120117,32.09906005859375,16.616397857666016,4.200786590576172,9.754446983337402,8.584510803222656,13.27440357208252,-11.099035263061523,10.270088195800781,11.656295776367188,7.413369178771973,-10.8995361328125,9.483932495117188,11.245695114135742,9.019647598266602,-8.300182342529297,8.855774879455566,11.283452033996582,6.620684623718262,-3.480694055557251,6.142093658447266,0.4344525933265686,0.29179418087005615,0.2217196524143219,0.07596336305141449,0.04283259725198719,0.11684270095971157,music/low_stream/Mike Mayz - In_The_Dark_Rmx___Michael_Mayz_64kb.mp3,0,,0,Mike Mayz,In_The_Dark_Rmx___Michael_Mayz_64kb,archive_low_download,960.0,low_stream,0.0
152.01022675736962,30.0,95.703125,D# major,2813.80991065141,1272.2675334120686,6761.642446606521,3183.69661067639,0.10192795508417182,0.07490776328702457,-208.83619689941406,104.95215606689453,82.6923599243164,37.92258071899414,62.910194396972656,28.317832946777344,20.265117645263672,18.051273345947266,15.786247253417969,9.136560440063477,12.844043731689453,7.481816291809082,2.8553061485290527,5.724275588989258,3.1163530349731445,5.703348636627197,-3.1437528133392334,4.717587471008301,-0.7977257370948792,5.333979606628418,-6.432180881500244,5.525223255157471,-1.5320696830749512,5.397923469543457,-6.834364414215088,5.1027960777282715,0.47596678137779236,0.29895561933517456,0.09493134170770645,0.06615408509969711,0.02402171555708833,0.04815349418852538,music/low_stream/Not Ensemble - TPZ03_03_Not_Ensemble_-_Waiting_for_cookies_-_Rush_for_snack.mp3,0,,0,Not Ensemble,TPZ03_03_Not_Ensemble_-_Waiting_for_cookies_-_Rush_for_snack,archive_low_download,997.0,low_stream,0.0
253.98149659863947,30.0,95.703125,C major,2256.3178163136877,306.3811431623264,4103.791851598781,1745.0318109473976,0.15405084474167957,0.03722240428492208,-135.67599487304688,33.51160430908203,99.84403228759766,18.980762481689453,-80.74498748779297,13.884095191955566,31.2613582611084,9.659236907958984,-23.08757209777832,8.0618257522583,7.051236152648926,6.876089096069336,-7.313215255737305,5.992419719696045,-20.79517364501953,8.020997047424316,1.088905930519104,10.40591049194336,-3.15871524810791,6.2234039306640625,-1.7570652961730957,8.461416244506836,6.295574188232422,9.431325912475586,-8.822402000427246,7.352318286895752,0.5374684929847717,0.25550368428230286,0.0702512264251709,0.029023747891187668,0.009038344024657663,0.06032118774196463,music/low_stream/Yoshiwaku - YOSHIWAKU - Vakra Râgas - 03 Gat I.mp3,0,,0,Yoshiwaku,YOSHIWAKU - Vakra Râgas - 03 Gat I,archive_low_download,784.0,low_stream,0.0
80.22854875283447,30.0,123.046875,B minor,1215.9675966551924,409.31737866258203,2646.9756607669797,1905.8731426229929,0.03894080761416409,0.03215572001200344,18.693384170532227,60.92391586303711,137.09242248535156,22.206287384033203,1.477256417274475,11.933712005615234,32.60047912597656,9.592995643615723,5.170596122741699,6.7926788330078125,14.570878028869629,5.480220794677734,2.610398054122925,5.803284645080566,12.318801879882812,5.807568550109863,2.868192195892334,4.833253383636475,7.0153021812438965,5.517493724822998,2.8322112560272217,5.411188125610352,6.604058265686035,4.839478015899658,0.18809011578559875,4.221025466918945,0.7120845317840576,0.2013261765241623,0.7828857898712158,0.11878693103790283,0.0020925945809971347,0.04277488717493522,music/low_stream/e yard - 18e_yard-needed_to_quit.mp3,0,,0,e yard,18e_yard-needed_to_quit,archive_low_download,935.0,low_stream,0.0
176.74473922902493,30.0,89.10290948275862,F# minor,2632.62769904241,1011.7526949598838,5704.740504214638,2580.4729665474497,0.12839907241679566,0.12122597809512078,-240.5963134765625,139.3402099609375,77.7772445678711,38.688865661621094,0.4128890335559845,27.812707901000977,34.450504302978516,22.590261459350586,-0.2834608852863312,18.636125564575195,19.95073699951172,17.246816635131836,-0.641696035861969,17.96284294128418,15.663956642150879,13.67439079284668,-6.931934833526611,13.105685234069824,11.03905963897705,10.995626449584961,-13.399453163146973,12.583873748779297,9.31740665435791,9.833502769470215,-14.22168254852295,11.004965782165527,0.40057462453842163,0.3206977844238281,0.06789657473564148,0.049859169870615005,-0.03154457032908155,0.13303175047546237,music/low_stream/Charles Rice Goff III - 08ForTheLoveOfMarie.mp3,0,,0,Charles Rice Goff III,08ForTheLoveOfMarie,archive_low_download,834.0,low_stream,0.0
186.024,30.0,58.72691761363637,F major,709.0877184363891,606.1906378967999,1299.5588084123451,1176.8045252509453,0.022892529750386997,0.023043581138304178,-263.8953552246094,45.835262298583984,174.48486328125,35.04308319091797,53.12989807128906,23.845762252807617,20.72614288330078,21.728164672851562,1.9898991584777832,18.962308883666992,38.041770935058594,19.131834030151367,-6.858153343200684,17.576154708862305,11.525940895080566,11.92813491821289,5.259466171264648,7.95086145401001,-3.596635103225708,9.423823356628418,8.429952621459961,8.390409469604492,0.9227945804595947,7.265522003173828,1.6225045919418335,7.149823188781738,0.39147627353668213,0.323898583650589,0.18870307505130768,0.07425476610660553,0.030042192943823896,0.213410042350954,music/low_stream/Dawn of Darkness Netlabel - 03 - KΔDΔBRΔ - Separacion de la Realidad (feat Humanfobia) 1.mp3,0,,0,Dawn of Darkness Netlabel,03 - KΔDΔBRΔ - Separacion de la Realidad (feat Humanfobia) 1,archive_low_download,983.0,low_stream,0.0
109.71392290249433,30.0,123.046875,E minor,1492.1101987044476,556.8236377390742,3169.889165447223,1979.0703485038227,0.04493207901993034,0.03234491233341661,-67.62813568115234,66.73629760742188,134.47752380371094,35.66999053955078,-4.424363613128662,18.50011444091797,21.93631362915039,13.854337692260742,1.8137513399124146,5.9718098640441895,15.164122581481934,4.757911205291748,-2.6151516437530518,5.2556471824646,6.104488372802734,4.514855861663818,-2.3365285396575928,9.673877716064453,7.308394908905029,7.261196613311768,-3.6886372566223145,7.832840442657471,8.368809700012207,5.491687774658203,-1.2557835578918457,5.468811988830566,0.31554242968559265,0.3161216676235199,0.29497987031936646,0.07115119695663452,0.03538731891653263,0.15364557866712383,music/low_stream/H5N1 - SRmp3_117_64kb_mp3.mp3,0,,0,H5N1,SRmp3_117_64kb_mp3,archive_low_download,964.0,low_stream,0.0
11.343673469387754,11.343673469387754,80.74951171875,D minor,1643.564786167154,863.7088148230579,3097.4565938937885,1660.2957934263754,0.0887383771088957,0.05617619907904457,-522.6983032226562,92.31571197509766,47.59223175048828,53.954627990722656,-13.452841758728027,31.880905151367188,-2.8810195922851562,8.31527042388916,5.33734655380249,10.048585891723633,-10.039318084716797,13.453768730163574,-12.501801490783691,12.417380332946777,-17.526994705200195,15.431992530822754,-27.442880630493164,27.845722198486328,-19.53972816467285,19.70493507385254,-8.197565078735352,8.677315711975098,-6.988272666931152,8.831920623779297,-2.713977098464966,5.3654704093933105,0.3135501742362976,0.31875312328338623,0.019164975732564926,0.03270202875137329,-0.059435559308022655,0.14702125389635778,music/low_stream/Microloop - 04.mp3,0,,0,Microloop,04,archive_low_download,813.0,low_stream,0.0
441.4281179138322,30.0,143.5546875,D# minor,1072.4160061221394,835.5277400988017,1709.4563298181115,1185.288900847754,0.07223690257352941,0.06437187041110332,-330.0740966796875,108.94213104248047,157.76942443847656,53.54180145263672,24.340173721313477,72.85136413574219,28.309606552124023,34.944984436035156,4.445970058441162,22.19212532043457,-2.809354066848755,17.240663528442383,-12.009708404541016,12.34145450592041,-13.331287384033203,9.609648704528809,-12.973064422607422,7.060844421386719,-11.817380905151367,6.0240797996521,-10.951804161071777,6.229279518127441,-10.935992240905762,5.641794204711914,-8.95899486541748,6.456039905548096,0.3785080313682556,0.2888997495174408,0.06646838039159775,0.04930179566144943,0.007446162307621551,0.09426460573574502,music/low_stream/Sudamérica Electronica - 04_neukln.mp3,0,,0,Sudamérica Electronica,04_neukln,archive_low_download,762.0,low_stream,0.0
344.25102040816324,30.0,66.25600961538461,G# major,1003.5531139844346,1077.4458846967586,1898.1551887819273,1215.2942838607275,0.04286444224071207,0.0445627090737704,-361.8440856933594,179.08184814453125,132.62916564941406,63.39334487915039,23.961143493652344,39.099361419677734,24.303436279296875,19.39752769470215,10.924569129943848,20.182931900024414,9.716153144836426,17.37253761291504,-2.480745315551758,19.859975814819336,-1.6923484802246094,15.193325996398926,-2.761046886444092,14.757438659667969,2.2675819396972656,10.831625938415527,0.5906757712364197,8.57585334777832,1.9672598838806152,7.178689002990723,1.5102777481079102,6.831384181976318,0.34802141785621643,0.3173661231994629,0.04848374053835869,0.03213008865714073,0.02545493409225082,0.11471751579277012,music/low_stream/xCEAN - 08_reboot_retractable_gear_groove.mp3,0,,0,xCEAN,08_reboot_retractable_gear_groove,archive_low_download,994.0,low_stream,0.0
183.00002267573697,30.0,129.19921875,D# major,2219.074871672885,1205.9982953691429,5059.561072193063,2564.75560647618,0.07522138943982198,0.11536057768860233,-162.93846130371094,88.59929656982422,78.16437530517578,54.021507263183594,27.105758666992188,23.097848892211914,29.505657196044922,13.574628829956055,8.860159873962402,14.385265350341797,21.60742950439453,10.477431297302246,8.64260482788086,9.43821907043457,16.371734619140625,7.329425811767578,6.462109088897705,5.960201263427734,8.682839393615723,6.222866058349609,2.527292490005493,6.1247944831848145,8.506061553955078,5.773573398590088,2.449237823486328,5.900371074676514,0.44504061341285706,0.30236726999282837,0.20400145649909973,0.11315980553627014,-0.009082574172859853,0.06817769397925878,music/low_stream/Nickolay Fedorenko - 07.Nickolay Fedorenko - Journey to the Moon.mp3,0,,0,Nickolay Fedorenko,07.Nickolay Fedorenko - Journey to the Moon,archive_low_download,789.0,low_stream,0.0
417.0492063492064,30.0,123.046875,G# minor,564.2367780394044,388.5611732847527,578.0548379148123,1688.9451607974202,0.00860879148123065,0.005366331376851612,-506.902099609375,39.46725845336914,93.97468566894531,18.805824279785156,34.16249465942383,13.986233711242676,20.7050838470459,13.468682289123535,55.862701416015625,13.78052043914795,45.648292541503906,16.426300048828125,33.04512023925781,9.149396896362305,24.542272567749023,8.61577033996582,22.430116653442383,8.564218521118164,13.570725440979004,8.5448637008667,14.071454048156738,8.941516876220703,9.709587097167969,9.158705711364746,8.464198112487793,7.6237592697143555,0.5713160037994385,0.2882137596607208,0.03631396219134331,0.015030255541205406,0.01773640357044639,0.1418574403699322,music/low_stream/Mogwai - 06086_ccrecmp301102bidasoa.mp3,0,,0,Mogwai,06086_ccrecmp301102bidasoa,archive_low_download,902.0,low_stream,0.0
186.4562358276644,30.0,143.5546875,G# major,2045.9915397152336,804.1117777807567,4654.955185456172,2474.7610800760517,0.06889338537635449,0.057912121288662806,-102.84407806396484,94.77225494384766,94.6378402709961,25.35270118713379,16.506847381591797,20.113540649414062,35.10535430908203,17.20368003845215,11.252614974975586,11.671422958374023,15.286031723022461,11.129487991333008,-2.160600423812866,9.059972763061523,10.943284034729004,7.339089393615723,0.6415729522705078,6.397359371185303,5.741981029510498,6.563162326812744,2.4256956577301025,7.493370532989502,2.2703871726989746,6.013247489929199,-3.9469122886657715,6.529997825622559,0.40848007798194885,0.29548925161361694,0.1789880096912384,0.05281880497932434,0.026995227169812844,0.17871959542875893,music/low_stream/The PepiBand - 05Sicily.mp3,0,,0,The PepiBand,05Sicily,archive_low_download,786.0,low_stream,0.0
106.27789115646259,30.0,117.45383522727273,G major,622.1904120375806,159.40278144356716,1143.284753380176,731.2465819047885,0.039646774622678016,0.012254151396475347,-346.38922119140625,71.17606353759766,235.75662231445312,26.531742095947266,-1.798439621925354,31.712411880493164,-2.178154706954956,25.056217193603516,6.693055629730225,8.29839038848877,-0.3274235725402832,7.165374279022217,11.725698471069336,9.880329132080078,5.323702812194824,10.901449203491211,-0.1233426034450531,11.68687629699707,-0.01767714135348797,6.13358211517334,4.818245887756348,9.836438179016113,0.4793793261051178,5.263675689697266,-0.08921733498573303,6.239142417907715,0.38195908069610596,0.28320303559303284,0.04336775839328766,0.02324823848903179,-0.013142027292382728,0.1274974135373895,music/low_stream/various artists - 17BingSatellites-TheBay.mp3,0,,0,various artists,17BingSatellites-TheBay,archive_low_download,792.0,low_stream,0.0
345.40054421768707,30.0,135.99917763157896,D minor,1296.2237631618555,676.4322032235924,2674.983824738777,1792.8870440685462,0.04317245247194272,0.037358848551681256,-159.21958923339844,78.83092498779297,123.32485961914062,34.42640686035156,-13.622166633605957,27.009214401245117,23.043447494506836,21.034442901611328,19.535524368286133,16.734296798706055,21.42231559753418,14.771732330322266,14.413237571716309,9.923487663269043,16.708585739135742,9.752732276916504,9.451752662658691,11.168554306030273,11.406059265136719,8.448442459106445,7.68024206161499,9.868868827819824,8.011820793151855,8.522823333740234,5.040923595428467,8.015487670898438,0.5766772031784058,0.26927387714385986,0.22138017416000366,0.13014286756515503,-0.009771692233866201,0.05612744893377385,music/low_stream/Bouwakanja - 13 Bouwakanja - Rhino.mp3,0,,0,Bouwakanja,13 Bouwakanja - Rhino,archive_low_download,915.0,low_stream,0.0
794.56,30.0,143.5546875,C major,1433.3672128136618,446.8080899999566,2442.9602277537247,894.0404669228046,0.1108625193498452,0.05348223651114943,-394.566650390625,93.67933654785156,156.8636932373047,31.097179412841797,-86.17845153808594,61.700462341308594,-9.043929100036621,19.666282653808594,18.029062271118164,9.918731689453125,-35.125431060791016,28.923004150390625,1.174858808517456,8.785465240478516,6.611586570739746,7.8502197265625,-7.063007831573486,10.532571792602539,24.016462326049805,16.391605377197266,11.564506530761719,6.237821578979492,-6.35220193862915,7.569777011871338,10.368035316467285,9.349458694458008,0.5353286266326904,0.25941362977027893,0.019467756152153015,0.020741509273648262,0.024077314772116623,0.0691058719671975,music/low_stream/Top Of The Flops Netlabel - 3.MusicaFuturista.mp3,0,,0,Top Of The Flops Netlabel,3.MusicaFuturista,archive_low_download,1000.0,low_stream,0.0
207.56757369614513,30.0,112.34714673913044,G# minor,1255.4081519344477,496.13027372815964,2376.9689601272253,1657.8853903762022,0.05719239792956656,0.03346835433221529,-176.77955627441406,79.91400909423828,149.7111358642578,35.35206985473633,-4.687683582305908,24.909442901611328,21.033475875854492,15.45393180847168,-7.852519512176514,20.68133544921875,-0.31066250801086426,14.059094429016113,10.363421440124512,15.467412948608398,17.28247833251953,10.428539276123047,9.915671348571777,11.546957015991211,1.2431566715240479,11.384403228759766,-1.913325548171997,7.523386001586914,0.1544637233018875,7.634546756744385,-3.21606707572937,6.62690544128418,0.41583749651908875,0.29953283071517944,0.12644991278648376,0.06499180197715759,0.037609454282768164,0.06013323888990926,music/low_stream/Below Bangkok - 04.Hid_K_-_Broken_Note_mix.mp3,0,,0,Below Bangkok,04.Hid_K_-_Broken_Note_mix,archive_low_download,948.0,low_stream,0.0
300.0,30.0,95.703125,G# major,2532.0506092646724,478.34191401155357,4995.719791565886,2266.810851461905,0.13392549402573528,0.03546658614035398,26.438011169433594,40.90153884887695,89.85909271240234,23.663406372070312,-25.38658905029297,22.604154586791992,44.4562873840332,10.628470420837402,-13.854177474975586,8.486924171447754,2.351741075515747,5.3264875411987305,-2.90171480178833,4.6564555168151855,2.6856894493103027,4.803723335266113,2.2885994911193848,4.741243839263916,-0.8720554113388062,6.892275810241699,3.915470600128174,5.148634433746338,-0.4230964481830597,6.392435073852539,-6.064094066619873,5.136281967163086,0.3861900866031647,0.2686106264591217,0.28866392374038696,0.05434224382042885,0.05304094601418156,0.18073778832868642,music/low_stream/The Slides - 05.mp3,0,,0,The Slides,05,archive_low_download,889.0,low_stream,0.0
345.296462585034,30.0,135.99917763157896,D# minor,1786.5138872834023,1083.1501963179453,4163.183159134336,2417.8430014885776,0.036454050164473686,0.0355109161667919,-137.76734924316406,61.751163482666016,113.18038940429688,42.51215362548828,28.29496192932129,20.57636833190918,32.626956939697266,16.671489715576172,17.233226776123047,11.113507270812988,12.953779220581055,9.163484573364258,4.605885028839111,7.536620616912842,10.806897163391113,6.3628082275390625,4.927115440368652,6.4579854011535645,9.02576732635498,5.567290306091309,2.7601852416992188,4.954473972320557,6.122995853424072,4.633337497711182,2.8080530166625977,5.505502700805664,0.4885009229183197,0.2954808473587036,0.21824860572814941,0.0828758031129837,0.02103628642918025,0.05000602880625558,music/low_stream/Acidfloor - P011_09_Acidfloor_808 109_808 Acid Vol1.mp3,0,,0,Acidfloor,P011_09_Acidfloor_808 109_808 Acid Vol1,archive_low_download,774.0,low_stream,0.0
339.8986394557823,30.0,143.5546875,G major,516.4801146138435,362.8788352884091,529.0218010775445,1093.3624094786023,0.019809026098103717,0.012840355422003742,-353.2557067871094,85.16443634033203,152.6774444580078,47.78623962402344,32.34165954589844,12.174068450927734,42.819480895996094,13.295103073120117,32.264320373535156,10.065778732299805,20.725679397583008,7.009123802185059,6.8802080154418945,4.314615726470947,2.264228105545044,4.079843044281006,-1.0973427295684814,3.626469850540161,-2.669762372970581,3.8427834510803223,-8.923497200012207,4.484753131866455,-5.549360752105713,3.8756744861602783,-6.737800598144531,3.970085620880127,0.31922590732574463,0.30023130774497986,0.08103936910629272,0.044928014278411865,0.03160174791570322,0.10173944363649333,music/low_stream/Mystified - 08FromElsewhere.mp3,0,,0,Mystified,08FromElsewhere,archive_low_download,860.0,low_stream,0.0
314.03392290249434,30.0,112.34714673913044,D# minor,1317.3695670251116,236.8099830519698,2712.075267118566,1828.1042085723407,0.041402243977360684,0.017000847812228024,-28.1848087310791,23.73987579345703,143.55938720703125,14.03789234161377,-10.399786949157715,7.764979839324951,30.702531814575195,8.123899459838867,3.0410664081573486,6.104234218597412,15.315139770507812,5.269174575805664,-1.0987558364868164,5.311856269836426,2.5158944129943848,4.434839725494385,-1.6541932821273804,4.441094875335693,4.814903736114502,4.3514723777771,-3.142446279525757,4.2788801193237305,3.388173818588257,4.2393879890441895,-0.3419739007949829,4.410676002502441,0.4968095123767853,0.2711125910282135,0.3343273401260376,0.0956345871090889,0.0138725925137672,0.06893078810516336,music/low_stream/Stpocold - 09_-_sickness.mp3,0,,0,Stpocold,09_-_sickness,archive_low_download,965.0,low_stream,0.0
231.52324263038548,30.0,135.99917763157896,B minor,2647.4416750781697,1173.756080859573,5603.391117060517,2654.4223355719246,0.09688036655863003,0.07535688755020971,-64.77696990966797,94.30168151855469,75.66043090820312,44.4065055847168,10.408672332763672,24.683780670166016,21.862985610961914,17.175247192382812,-2.534348726272583,11.53804874420166,13.174750328063965,11.003273010253906,-2.4957406520843506,12.087469100952148,8.233338356018066,9.085046768188477,0.46858322620391846,10.043973922729492,9.96446418762207,8.193110466003418,7.954899787902832,8.083924293518066,10.24767017364502,9.297242164611816,4.383328437805176,9.078927993774414,0.4924793243408203,0.3070296049118042,0.2508082389831543,0.1302802860736847,-0.013646549850296067,0.06880188746801977,music/low_stream/Rodent Tapes 2015-001 (Various Artists) - 06 - WHITE BOY IDTAL SAMPLES DIGTAL SKUNK.mp3,0,,0,Rodent Tapes 2015-001 (Various Artists),06 - WHITE BOY IDTAL SAMPLES DIGTAL SKUNK,archive_low_download,849.0,low_stream,0.0
190.2,30.0,89.10290948275862,F# major,680.3908161004546,275.3740932216076,1069.9185303490228,836.3077921815337,0.04221856557178793,0.017293815275487682,-278.46893310546875,86.05438995361328,193.32530212402344,27.506587982177734,9.216682434082031,35.2340202331543,11.509452819824219,12.573546409606934,-1.0716720819473267,10.70197582244873,-10.543575286865234,10.13751220703125,-5.296412467956543,8.106661796569824,-10.2949857711792,7.675922393798828,-8.313615798950195,8.0355224609375,-8.089885711669922,10.169317245483398,-10.154579162597656,13.945221900939941,-14.767295837402344,14.926544189453125,-20.550857543945312,11.158225059509277,0.24881626665592194,0.29080355167388916,0.1252518594264984,0.03990070894360542,-0.11799513418016937,0.2577530332699993,music/low_stream/mad birdies - mhrk079_mad_birdies__operazione_n7__cosmogonia.mp3,0,,0,mad birdies,mhrk079_mad_birdies__operazione_n7__cosmogonia,archive_low_download,949.0,low_stream,0.0
151.0097732426304,30.0,112.34714673913044,G# major,2780.7989789451426,872.2095551506691,5776.581736467202,2513.730914447072,0.1536498645510836,0.06457523062969033,5.344357490539551,106.86393737792969,74.11614990234375,32.389549255371094,-21.979816436767578,25.19255828857422,22.441242218017578,13.992030143737793,6.1332926750183105,10.654685974121094,9.551579475402832,7.087274551391602,7.1894941329956055,7.568448066711426,5.384342193603516,6.184831142425537,0.6804084777832031,6.4581427574157715,2.6746466159820557,5.814233779907227,-1.1907438039779663,6.136980056762695,4.18583345413208,6.019214153289795,-5.288524150848389,6.3213958740234375,0.5191640257835388,0.2666838765144348,0.240550696849823,0.08433535695075989,0.012459085327189019,0.12664108125444792,music/low_stream/M.d.A - 05-MdA-No_se_No_se.mp3,0,,0,M.d.A.,05-MdA-No_se_No_se,archive_low_download,862.0,low_stream,0.0
20.94816326530612,20.94816326530612,161.4990234375,G# minor,2299.45987172027,610.5674940093645,4333.622706213663,1983.5892162293164,0.1362650756160022,0.06505392838941688,4.609365463256836,78.92752838134766,93.2301025390625,27.739368438720703,-46.17886734008789,21.329833984375,22.26298713684082,17.857112884521484,-27.5484676361084,15.038163185119629,6.418917179107666,12.519600868225098,-24.4867000579834,8.585552215576172,-3.0755844116210938,9.653692245483398,-16.987537384033203,10.955663681030273,-0.9839310646057129,9.192930221557617,-7.932854175567627,7.55684232711792,-4.515381813049316,8.069761276245117,-6.940532207489014,7.189451694488525,0.4304354786872864,0.3028152883052826,0.3292889893054962,0.17120809853076935,0.010328251140117097,0.07874423749982652,music/low_stream/Andy N - 36introtopen.mp3,0,,0,Andy N,36introtopen,archive_low_download,837.0,low_stream,0.0
151.1180045351474,30.0,95.703125,D# major,2089.1338275129956,648.6075976781685,4126.191716149865,2053.8221908011183,0.11710851332720588,0.05125128168678172,-107.75482177734375,65.1947021484375,108.68907165527344,28.19293212890625,-27.21115493774414,25.996253967285156,34.19160079956055,16.2884464263916,-4.5145182609558105,13.43081283569336,15.511281967163086,13.796623229980469,-8.135221481323242,9.805980682373047,10.614521980285645,11.403369903564453,-9.915332794189453,9.020428657531738,8.82380485534668,12.42693042755127,-9.953704833984375,8.73249626159668,4.13223934173584,10.2431058883667,-2.18977427482605,8.772891998291016,0.4142208397388458,0.29937297105789185,0.1145625188946724,0.05686292424798012,0.014674460323567173,0.07904323562303561,music/low_stream/Jimmy Spits - JimmySpits-LeaPsAndBounds-02-Rope-a-Dope_64kb.mp3,0,,0,Jimmy Spits,JimmySpits-LeaPsAndBounds-02-Rope-a-Dope_64kb,archive_low_download,758.0,low_stream,0.0
168.46367346938774,30.0,103.359375,D major,1489.5860716774123,443.3572596318009,2271.3445988232875,1511.6313209589484,0.07743566176470588,0.047151130052704805,-424.0586242675781,77.41765594482422,100.14990997314453,34.31589126586914,-69.4649429321289,27.940937042236328,-1.1035430431365967,17.212894439697266,28.51430320739746,9.156095504760742,41.351993560791016,10.193685531616211,22.809558868408203,8.335678100585938,-5.3305864334106445,8.246344566345215,-15.683035850524902,7.092802047729492,7.747748851776123,5.524875164031982,17.306528091430664,7.003396511077881,26.060914993286133,5.784703731536865,8.945136070251465,5.7543134689331055,0.27735912799835205,0.31218719482421875,0.014392929151654243,0.007542795035988092,0.010359682129879583,0.09056004577367263,music/low_stream/Industrial Noise Records - 01.TheNightmareintro.mp3,0,,0,Industrial Noise Records,01.TheNightmareintro,archive_low_download,855.0,low_stream,0.0
175.6296598639456,30.0,215.33203125,C# major,502.9000505947136,636.926825722002,684.7958591331269,898.9208489999177,0.031881137529024765,0.04763434668875578,-411.9156494140625,61.749916076660156,170.69732666015625,51.89936065673828,75.69469451904297,22.206850051879883,30.593273162841797,22.899606704711914,24.30588722229004,18.94501304626465,24.865806579589844,15.519244194030762,20.121870040893555,15.191133499145508,14.77148723602295,12.361753463745117,4.414216995239258,6.619464874267578,-8.23183536529541,10.391340255737305,-19.235197067260742,16.12395477294922,-26.390661239624023,15.507981300354004,-13.736756324768066,8.883750915527344,0.2797236144542694,0.3000289797782898,0.08910739421844482,0.04317083954811096,-0.0057794890154552496,0.15747734851715806,music/low_stream/Lazzich - pass007_-_07_lazzich_-_pink_flower_ambient_version.mp3,0,,0,Lazzich,pass007_-_07_lazzich_-_pink_flower_ambient_version,archive_low_download,826.0,low_stream,0.0
59.60934240362812,30.0,198.76802884615384,F# major,1915.6016589374983,395.92283197782535,3893.8764542618032,1923.7429788328839,0.11566823481037151,0.03813017755753344,-187.9705047607422,53.36121368408203,95.08956146240234,35.01261520385742,-20.897216796875,29.155685424804688,37.35099411010742,21.29446792602539,-24.380361557006836,18.780874252319336,21.900938034057617,17.558895111083984,-27.830936431884766,19.10120391845703,15.117009162902832,18.128753662109375,-20.72390365600586,23.616989135742188,7.360340118408203,14.08398723602295,-11.940828323364258,25.120344161987305,-0.7905551195144653,20.734682083129883,-13.312621116638184,20.8542423248291,0.24289570748806,0.28960177302360535,0.13538090884685516,0.047029998153448105,-0.14635994251384957,0.2753831623582005,music/low_stream/dorothy's magic bag - kahvi121a_dmb-violins_64kb.mp3,0,,0,dorothy's magic bag,kahvi121a_dmb-violins_64kb,archive_low_download,977.0,low_stream,0.0
1608.7932879818595,30.0,83.35433467741936,D# minor,4438.642626891193,289.91570307523943,8688.314129619775,3740.9105861482712,0.22633763363486842,0.07323482888161553,-297.1308898925781,124.8041763305664,33.560394287109375,10.647733688354492,77.5157470703125,23.351045608520508,11.634709358215332,4.544194221496582,22.59369659423828,7.041385173797607,19.568115234375,5.924259185791016,-10.525721549987793,5.425827503204346,1.7574524879455566,2.873464345932007,-7.256889820098877,4.37305212020874,-8.490640640258789,4.537980556488037,-9.145983695983887,4.839846134185791,24.256803512573242,7.667735576629639,-9.011031150817871,5.128060817718506,0.23764780163764954,0.30251365900039673,0.033001769334077835,0.01088242419064045,0.005615498600013079,0.11572106702748751,music/low_stream/v - v-dc.mp3,0,,0,v.,v-dc,archive_low_download,896.0,low_stream,0.0
164.57106575963718,30.0,95.703125,C major,2274.3866915315725,1338.2904274415191,4870.7122141362715,2521.538989719368,0.0728446086493808,0.1063133007917899,-155.3341064453125,83.11034393310547,80.55394744873047,42.10303497314453,7.94791316986084,20.697500228881836,28.625429153442383,16.654216766357422,15.304677963256836,13.107824325561523,18.286853790283203,11.415366172790527,2.6255764961242676,10.278554916381836,11.391475677490234,9.645099639892578,0.7618924379348755,7.418892860412598,5.809741973876953,9.210728645324707,-2.8606526851654053,9.446807861328125,5.34380578994751,8.885025978088379,-2.0092482566833496,8.341221809387207,0.3947717249393463,0.31758996844291687,0.13517160713672638,0.05919717252254486,0.08443544518695675,0.13923398845315732,music/low_stream/Jaeck the Bit - 02-EMIMJ_64kb.mp3,0,,0,Jaeck the Bit,02-EMIMJ_64kb,archive_low_download,789.0,low_stream,0.0
257.9326984126984,30.0,117.45383522727273,F minor,2317.8877433810158,1788.6556883623234,3895.0097807420666,1873.666701486323,0.20607320590654024,0.1814471520973466,-416.2430419921875,105.05338287353516,71.9109878540039,62.271339416503906,14.053153038024902,35.71607208251953,16.615062713623047,26.862051010131836,4.791584014892578,23.475284576416016,6.244705677032471,18.90079689025879,4.343249797821045,17.445301055908203,1.0039265155792236,12.004988670349121,-0.9328040480613708,11.509635925292969,1.805245280265808,11.512969017028809,0.7218132615089417,9.38456916809082,-2.548502206802368,11.235748291015625,-1.5283123254776,10.878806114196777,0.43100324273109436,0.35284724831581116,0.03574315086007118,0.03951749578118324,-0.007305368463348648,0.08495108422140397,music/low_stream/C - 1-spybee_64kb.mp3,0,,0,C,1-spybee_64kb,archive_low_download,953.0,low_stream,0.0
272.30497916666667,30.0,135.99917763157896,C major,2840.153541677652,636.6784140817007,6045.388444363149,2717.244957948766,0.1323869545762384,0.07821630412512236,53.793548583984375,87.85440063476562,69.83682250976562,20.03276252746582,-13.32062816619873,13.906427383422852,12.267378807067871,8.67548942565918,11.205331802368164,10.147750854492188,23.498531341552734,10.906599998474121,5.240249156951904,9.936792373657227,18.684099197387695,8.968740463256836,2.41216778755188,7.502131938934326,-2.518423557281494,6.731934547424316,5.0189361572265625,7.354083061218262,-1.2641382217407227,6.160058975219727,-0.42828500270843506,5.190492153167725,0.5328337550163269,0.24413509666919708,0.42430293560028076,0.10725858062505722,0.07139403602414718,0.09079911853089591,music/low_stream/ViRginTuRtleWhoRe - 04-Aenimatius.mp3,0,,0,ViRginTuRtleWhoRe,04-Aenimatius,archive_low_download,952.0,low_stream,0.0
284.64,30.0,112.34714673913044,D major,831.456832747232,199.5823731380987,1539.332358534491,1218.5744335341262,0.040153574279218264,0.023304636256683244,-396.8075256347656,77.46006774902344,184.51849365234375,15.044710159301758,-14.154593467712402,21.325519561767578,24.190378189086914,14.84863567352295,12.653486251831055,13.11100959777832,9.821578025817871,10.787676811218262,-0.046397771686315536,7.944119930267334,1.898194670677185,9.200417518615723,5.990108966827393,7.898706436157227,8.602056503295898,7.558420658111572,6.8552565574646,7.223791599273682,4.330395698547363,7.3399977684021,-2.3452560901641846,9.247696876525879,0.4210377037525177,0.3099918067455292,0.02458464354276657,0.010338643565773964,-0.014873286343771908,0.12486677248063319,music/low_stream/Sara Ayers - SaraAyers-Voices-12-TheLighthouse.mp3,0,,0,Sara Ayers,SaraAyers-Voices-12-TheLighthouse,archive_low_download,973.0,low_stream,0.0
99.20403628117914,30.0,117.45383522727273,F minor,1980.7419713075162,422.67626296683875,3835.3434748693885,2067.006456898965,0.11233340992647059,0.04434869412228492,-50.54376220703125,84.6252212524414,110.14750671386719,19.510438919067383,-38.87844467163086,33.25216293334961,4.478392601013184,14.646698951721191,-17.442155838012695,12.12735366821289,-10.523355484008789,18.47023582458496,-20.17072296142578,12.731008529663086,-16.51081085205078,13.43989086151123,-10.457357406616211,12.791393280029297,-4.275021553039551,9.398970603942871,-10.596956253051758,12.046448707580566,7.889453411102295,9.75796127319336,-8.511822700500488,11.005008697509766,0.3479546904563904,0.2911631166934967,0.2577659785747528,0.09510192275047302,0.019700843153267724,0.17431566866239268,music/low_stream/Anonymous Coward - 02_Olympos.mp3,0,,0,Anonymous Coward,02_Olympos,archive_low_download,794.0,low_stream,0.0
261.92979591836735,30.0,123.046875,G# minor,1658.2840626188079,494.9768103353874,3205.013953052438,1834.3638485424651,0.08312534769253097,0.02959072001096283,-233.20692443847656,125.39640808105469,103.61580657958984,29.826499938964844,-32.189048767089844,10.126132011413574,11.154633522033691,5.818515300750732,-7.792026996612549,5.501044273376465,-12.438067436218262,5.727872848510742,-10.889618873596191,5.777829170227051,-17.428232192993164,6.694177627563477,-23.22212028503418,7.809702396392822,-3.87658953666687,4.663710594177246,-8.572794914245605,7.02471923828125,-8.390033721923828,4.858903408050537,-13.306544303894043,5.255729675292969,0.3337247371673584,0.28081461787223816,0.05168070271611214,0.020507270470261574,0.10928899884412487,0.2132910647853597,music/low_stream/Susperia-Electrica - 10.ASongFor_MyEndOfLife.mp3,0,,0,Susperia-Electrica,10.ASongFor_MyEndOfLife,archive_low_download,950.0,low_stream,0.0
179.11077097505668,30.0,129.19921875,F# major,1881.7862459728065,340.98476366057395,4022.4590100740133,1842.6137104525733,0.0896449605746904,0.03364114793697385,-53.99080276489258,76.20452880859375,121.6791763305664,21.902204513549805,-42.79048538208008,12.548868179321289,73.65583038330078,18.093894958496094,-19.645668029785156,13.675215721130371,23.001245498657227,6.827212810516357,4.4567108154296875,9.087872505187988,1.1927680969238281,6.585330963134766,-0.6898966431617737,4.805075645446777,0.3271363377571106,5.830632209777832,-9.407635688781738,5.3956780433654785,1.816788911819458,5.342297077178955,-11.522198677062988,5.0564799308776855,0.4081180989742279,0.2856687903404236,0.25761672854423523,0.07480756938457489,-0.023704827671895586,0.12514478834676715,music/low_stream/Irish Metal Archive - Cacodemon - Cacodemonic Incantation (2000) - 01 Within The Maze.mp3,0,,0,Irish Metal Archive,Cacodemon - Cacodemonic Incantation (2000) - 01 Within The Maze,archive_low_download,934.0,low_stream,0.0
108.94691666666667,30.0,151.99908088235293,G# major,3064.558651737303,543.3296370129889,5408.683961094717,2267.6554002502608,0.2205810546875,0.05888560490560303,-18.04644203186035,85.4703369140625,50.07976531982422,27.014904022216797,-47.13447952270508,20.975759506225586,23.068153381347656,14.24864387512207,-1.3210036754608154,7.3012919425964355,9.233617782592773,7.491119861602783,-0.19460926949977875,9.6577730178833,6.276216506958008,6.887252330780029,4.643152713775635,7.493048191070557,-1.958540678024292,7.157652378082275,-13.05095100402832,6.596014499664307,0.1451813280582428,8.667184829711914,-10.657169342041016,5.609106063842773,0.4625599980354309,0.29108384251594543,0.19839026033878326,0.08311345428228378,0.008620422810084759,0.0743967078027822,music/low_stream/xSteve Urkelx - 23-TwistAndShout.mp3,0,,0,xSteve Urkelx,23-TwistAndShout,archive_low_download,946.0,low_stream,0.0
90.27034013605441,30.0,143.5546875,B major,1830.5034630864866,563.7081809272073,3246.5387019579625,1685.7071203871787,0.10903486600232198,0.05641174999809939,-170.66122436523438,80.6404800415039,119.42699432373047,29.381650924682617,-42.37404251098633,21.329608917236328,13.385809898376465,23.942827224731445,-30.140703201293945,15.74582576751709,-9.642495155334473,13.086929321289062,-11.252774238586426,11.448246002197266,-10.702232360839844,10.113719940185547,-4.600224494934082,9.43535327911377,-1.3506509065628052,11.234938621520996,-3.824324607849121,7.961007118225098,-0.21946655213832855,8.178205490112305,-7.460149765014648,6.747894287109375,0.33839547634124756,0.30848434567451477,0.10897330194711685,0.09084124118089676,-0.0064281611536648004,0.10086642521220278,music/low_stream/24 Hour Arty People - 005.mp3,0,,0,24 Hour Arty People,005,archive_low_download,922.0,low_stream,0.0
935.6096825396826,30.0,103.359375,C# minor,3325.5967642902665,832.4122804966448,5618.366026509288,2244.9211438356983,0.23210139318885448,0.08901079719974805,-221.60768127441406,103.71934509277344,42.363487243652344,33.9010124206543,-25.35525131225586,26.941585540771484,51.183353424072266,26.498336791992188,-17.269872665405273,20.510013580322266,6.197113990783691,17.492168426513672,-8.323934555053711,14.591020584106445,-0.32724452018737793,10.607080459594727,-5.67050313949585,10.903700828552246,2.7523510456085205,8.58704662322998,-6.598345756530762,10.765992164611816,-2.81904935836792,9.194234848022461,-1.4001785516738892,7.294036865234375,0.45857760310173035,0.3126417398452759,0.06120965629816055,0.05954526737332344,-0.008873678779354029,0.15046082266008493,"music/low_stream/Kevin Behrens, Norm Henke, Greg Ryan, Kathy Sussell, Tess Heder, Dan Linton, Andy Keeves - 199408-BBSCON-BBSSuccess-BusinessAspects-02_vbr.mp3",0,,0,"Kevin Behrens, Norm Henke, Greg Ryan, Kathy Sussell, Tess Heder, Dan Linton, Andy Keeves",199408-BBSCON-BBSSuccess-BusinessAspects-02_vbr,archive_low_download,780.0,low_stream,0.0
293.75455782312923,30.0,117.45383522727273,E minor,1564.9688458524313,1196.5178795641518,3279.613501959172,1937.5785824118104,0.04586404617356811,0.05154036268600284,-162.7679901123047,87.17367553710938,130.00933837890625,51.477149963378906,11.134639739990234,33.119728088378906,17.41169548034668,21.305278778076172,6.768426418304443,12.68115234375,8.15661907196045,10.942148208618164,4.918141841888428,9.199493408203125,10.740211486816406,8.292888641357422,5.449252128601074,8.730754852294922,8.74831771850586,9.765279769897461,6.503043174743652,8.514957427978516,5.420285701751709,7.289292335510254,-0.6807846426963806,9.515199661254883,0.4618699252605438,0.3059130311012268,0.1815037727355957,0.0722794234752655,0.007215571868495146,0.06323045294636852,music/low_stream/S. Muller - sauer020_04_julia_van_der_piller_awakening_in_empty_room_acid_on_the_pillow_remix.mp3,0,,0,S. Muller,sauer020_04_julia_van_der_piller_awakening_in_empty_room_acid_on_the_pillow_remix,archive_low_download,945.0,low_stream,0.0
96.63054421768707,30.0,123.046875,G minor,475.4067463585357,143.4819083775465,768.9620168585526,738.1262527093226,0.02334188455398607,0.00955165575690214,-261.6175842285156,49.56830596923828,194.2722625732422,20.282838821411133,35.449432373046875,22.176111221313477,14.712515830993652,13.865172386169434,18.54437255859375,9.46346664428711,12.233516693115234,11.89278793334961,3.027214288711548,9.457283020019531,-0.8110601902008057,9.06391716003418,-0.33618447184562683,7.378133296966553,5.626911640167236,8.858174324035645,2.486604928970337,8.661314964294434,-1.1431028842926025,7.667171478271484,0.26805129647254944,5.583640098571777,0.3205603063106537,0.3007267415523529,0.1629256159067154,0.07305755466222763,0.028747521950718082,0.15004853557238532,music/low_stream/Jason Sturges - Harvest.mp3,0,,0,Jason Sturges,Harvest,archive_low_download,775.0,low_stream,0.0
334.6666666666667,30.0,135.99917763157896,B major,1474.6013939250076,911.8189151270994,3060.4981602529992,2143.3856259649447,0.034605988777089786,0.0471067167190945,-179.12918090820312,68.5780029296875,110.14836120605469,33.652000427246094,4.333108425140381,16.992761611938477,15.36699104309082,12.578831672668457,28.12163734436035,11.979512214660645,32.88567352294922,8.937137603759766,2.8155956268310547,8.728412628173828,20.161542892456055,7.788538455963135,26.546672821044922,8.698619842529297,7.57373046875,6.892102241516113,1.1029373407363892,6.731237888336182,19.627445220947266,6.7270894050598145,3.467026948928833,6.404111862182617,0.5576651096343994,0.2712862491607666,0.1680935174226761,0.07622533291578293,-0.06700447860286789,0.2869849751405764,music/low_stream/3dtorus - FW156-10_3dtorus_BlindVision.mp3,0,,0,3dtorus,FW156-10_3dtorus_BlindVision,archive_low_download,939.0,low_stream,0.0
385.0,30.0,143.5546875,C minor,1116.8494321098433,793.6562566268021,2251.661384511658,1738.7870673490258,0.03502133018092105,0.03568018957522446,-249.3409881591797,86.7328872680664,132.6041259765625,30.3657169342041,19.927734375,12.78944206237793,53.952388763427734,12.829282760620117,19.73618507385254,7.653295516967773,19.453636169433594,7.223986625671387,10.470551490783691,7.201140880584717,1.2580398321151733,4.838597297668457,-8.372126579284668,6.967139720916748,-10.696232795715332,7.9430108070373535,1.0459564924240112,5.519683361053467,16.767091751098633,10.825360298156738,-9.698541641235352,6.276438236236572,0.32331833243370056,0.306216299533844,0.15339358150959015,0.07970574498176575,0.08128181749391422,0.15197432547284742,music/low_stream/indip - 04 Vaarbrud.mp3,0,,0,indip,04 Vaarbrud,archive_low_download,894.0,low_stream,0.0
485.71321995464854,30.0,92.28515625,F# major,1807.903944439391,1303.2190107998156,3123.581112132353,1615.2950155984988,0.12864623645510836,0.12793595028007126,-378.7963562011719,161.31484985351562,98.52412414550781,55.09500503540039,-7.8200578689575195,55.468528747558594,44.892173767089844,26.61758041381836,18.18632698059082,32.9410514831543,-5.271257400512695,24.545434951782227,-5.419701099395752,18.701128005981445,-6.595704555511475,13.083012580871582,-7.760345935821533,12.661237716674805,1.9594405889511108,11.712461471557617,-4.131439208984375,12.415346145629883,-2.2649803161621094,10.45198917388916,1.1698530912399292,10.495667457580566,0.42247363924980164,0.30428367853164673,0.024496732279658318,0.02542753890156746,-0.016323368481455363,0.11276300192830079,music/low_stream/Herd Of The Ether Space - 02NackMollis.mp3,0,,0,Herd Of The Ether Space,02NackMollis,archive_low_download,903.0,low_stream,0.0
127.96136054421768,30.0,60.09265988372093,E minor,3194.186971760696,895.1464681700506,6783.20064958035,2957.699961574947,0.11979217056888544,0.05999618122814116,0.06609786301851273,142.09368896484375,52.32444763183594,29.553194046020508,6.059396743774414,31.520784378051758,21.78658103942871,12.90890884399414,2.9368197917938232,14.181891441345215,4.221736907958984,13.270124435424805,1.7995575666427612,9.512130737304688,6.2474846839904785,9.065775871276855,2.4894301891326904,8.607837677001953,2.737697124481201,8.727835655212402,-0.0028155064210295677,7.943398952484131,2.748030662536621,6.939578056335449,-0.15850836038589478,7.770193576812744,0.5065581202507019,0.28653958439826965,0.44316092133522034,0.2198675572872162,0.0030221855474316314,0.0841504219744622,music/low_stream/Idiotlust - GOD84_-_idiotlust_-_01_-__Balls_Deep.mp3,0,,0,Idiotlust,GOD84_-_idiotlust_-_01_-__Balls_Deep,archive_low_download,772.0,low_stream,0.0
198.01473922902494,30.0,172.265625,A# major,286.19703095859455,105.53326477538764,265.42339502104295,577.0455335142645,0.020185818982198143,0.005853075273286536,-559.412353515625,31.806297302246094,70.82245635986328,32.01311492919922,56.16481399536133,19.32891845703125,50.853721618652344,17.755962371826172,41.849220275878906,15.092573165893555,24.57050323486328,12.827350616455078,12.98478889465332,15.3103609085083,8.16543197631836,13.220894813537598,-1.0155737400054932,14.358208656311035,-11.822417259216309,18.014310836791992,-13.710567474365234,16.228805541992188,-12.810927391052246,13.449376106262207,-18.499048233032227,14.215838432312012,0.31360918283462524,0.32865527272224426,0.030797408893704414,0.02723534218966961,-0.01671637503268445,0.10932381421140548,music/low_stream/L-Rai - FW160-03_L-Rai_LittleDude.mp3,0,,0,L-Rai,FW160-03_L-Rai_LittleDude,archive_low_download,858.0,low_stream,0.0
61.38671201814059,30.0,143.5546875,D major,822.8888441157376,793.6457991413266,1573.0154881905476,877.1148692994522,0.04306701093266254,0.03359384667333287,-270.7752380371094,100.20039367675781,182.97467041015625,50.450439453125,41.2412109375,33.35027313232422,4.2326507568359375,31.3361759185791,-7.284687519073486,10.049732208251953,6.052807331085205,9.8615083694458,5.590137481689453,5.815991401672363,4.284536361694336,9.359583854675293,2.3992652893066406,6.542510986328125,3.4997739791870117,5.811055660247803,0.5125818848609924,6.975442409515381,-1.2408995628356934,6.496311664581299,-1.5729172229766846,5.77512264251709,0.34350210428237915,0.30336886644363403,0.10277075320482254,0.049627747386693954,0.008100730383926873,0.1744119941170918,music/low_stream/Lately Kind of Yeah - Lately Kind of Yeah - Espers - 34 Curator of Rest.mp3,0,,0,Lately Kind of Yeah,Lately Kind of Yeah - Espers - 34 Curator of Rest,archive_low_download,773.0,low_stream,0.0
191.00002267573697,30.0,48.75442216981132,D# major,2486.497445585694,2375.7470387168223,4822.962502872243,2215.1195394271913,0.16197672274090558,0.24359482380933817,-285.6986999511719,126.05563354492188,92.62362670898438,71.53897094726562,40.49957275390625,29.098346710205078,19.08149528503418,18.79609489440918,18.8248233795166,14.000798225402832,11.702485084533691,10.549880027770996,5.977298736572266,8.50114631652832,9.17969036102295,8.474594116210938,5.709316253662109,7.342145919799805,8.155573844909668,7.204256534576416,5.7669267654418945,6.151813983917236,4.507999420166016,5.703449249267578,2.164658308029175,5.69290018081665,0.5076326727867126,0.2898174524307251,0.1220952570438385,0.08819298446178436,-0.037976246748541435,0.18901593319907503,music/low_stream/dnÃ© - 02Slowmotiondancer-FirstReadingThenTheDancefloor.mp3,0,,0,dnÃ©,02Slowmotiondancer-FirstReadingThenTheDancefloor,archive_low_download,758.0,low_stream,0.0
755.1687074829932,30.0,95.703125,F# major,415.75159580702297,327.3494612969356,658.1960199787152,622.5398606556138,0.021409923447174923,0.02807172172200336,-366.9212951660156,36.119937896728516,223.71701049804688,25.574228286743164,6.2054266929626465,8.557501792907715,7.926413059234619,6.113906383514404,32.80937194824219,7.266239166259766,6.055974006652832,5.379575729370117,4.161925792694092,4.137327194213867,12.425918579101562,4.578747272491455,-3.6965866088867188,4.476710796356201,-0.052036721259355545,6.239443778991699,8.090699195861816,3.1319289207458496,3.034217119216919,4.278231143951416,-0.07586010545492172,4.6844024658203125,0.33055928349494934,0.3048655092716217,0.0932847335934639,0.02190151810646057,-0.07795503789491531,0.38467321957005673,music/low_stream/Applezup (aka Christian Negre) - 001.Before.mp3,0,,0,Applezup (aka Christian Negre),001.Before,archive_low_download,974.0,low_stream,0.0
165.43244897959184,30.0,29.700969827586206,A# major,391.0764670666223,239.7211749623886,911.2361565462945,553.7547285107821,0.015023340750773995,0.016681293308756208,-323.0396728515625,27.71808433532715,199.2651824951172,18.94685935974121,11.795422554016113,17.31540870666504,-20.54636573791504,14.634062767028809,3.9246785640716553,9.741525650024414,2.882572889328003,11.492900848388672,9.941102027893066,9.351588249206543,15.864950180053711,8.524775505065918,10.96336841583252,3.9345853328704834,10.552999496459961,5.481949329376221,9.789517402648926,4.356232166290283,10.948022842407227,4.02399206161499,16.723176956176758,5.047119140625,0.7104530334472656,0.19485455751419067,0.11264760792255402,0.04518408328294754,-0.01961760482020017,0.12479748697218383,music/low_stream/Fabián Ramírez - 07.EscapingInTheTeleportToNowhere.mp3,0,,0,Fabián Ramírez,07.EscapingInTheTeleportToNowhere,archive_low_download,819.0,low_stream,0.0
199.1795918367347,30.0,60.09265988372093,A# minor,772.879735143124,514.389953316073,1792.0808301990614,1050.4649733709568,0.0258959129498839,0.0220623919794496,-116.92559814453125,123.29231262207031,168.28541564941406,30.46440315246582,-14.770846366882324,64.78703308105469,53.016361236572266,19.949491500854492,9.54407024383545,20.953245162963867,27.289649963378906,15.90793228149414,20.83331871032715,9.374505043029785,8.18975830078125,9.168232917785645,15.343951225280762,9.35661506652832,-2.150489568710327,12.17087173461914,16.76714515686035,9.15317440032959,4.799522876739502,8.223212242126465,-0.008473399095237255,6.284970760345459,0.5242416858673096,0.27940088510513306,0.6354615092277527,0.16985175013542175,-0.012090234102215837,0.11931911090834461,music/low_stream/Love Torture Records - ProgramNotResponding.mp3,0,,0,Love Torture Records,ProgramNotResponding,archive_low_download,835.0,low_stream,0.0
323.27943310657594,30.0,135.99917763157896,D# minor,850.2687595960116,1158.0107899614713,1615.965228479344,1510.5770154747815,0.02173645208494582,0.04550672691839512,-308.4891052246094,106.23138427734375,82.6943588256836,43.417781829833984,55.01771545410156,25.52996063232422,42.66741943359375,17.129545211791992,30.468154907226562,11.33687973022461,29.50212287902832,8.928842544555664,19.705537796020508,11.427470207214355,20.465497970581055,7.5438971519470215,12.616347312927246,10.472501754760742,18.351791381835938,6.578218936920166,7.882944107055664,8.20687198638916,14.781514167785645,5.9889044761657715,7.083468914031982,9.4111967086792,0.5619788765907288,0.2785576581954956,0.2714398205280304,0.1957467943429947,-0.007645446390314976,0.057440935399016194,music/low_stream/Mike Chohaney - foot094_11-forks_spoons_and_knives-valeery.mp3,0,,0,Mike Chohaney,foot094_11-forks_spoons_and_knives-valeery,archive_low_download,764.0,low_stream,0.0
136.17632653061224,30.0,161.4990234375,G# minor,2249.2306367989618,976.6907358580661,4675.863392360439,2343.556005790091,0.10689542315692724,0.07171569865545999,-243.33596801757812,125.41669464111328,88.35918426513672,41.988075256347656,1.8013254404067993,28.94476890563965,34.31943130493164,14.162790298461914,6.848972320556641,16.82421112060547,11.546120643615723,11.637898445129395,-6.49769926071167,9.326759338378906,6.26240873336792,8.642476081848145,-4.245045185089111,8.714224815368652,5.589775085449219,8.465429306030273,-2.203422784805298,7.872097969055176,5.082979679107666,7.604166030883789,0.03638378530740738,6.39483118057251,0.46948227286338806,0.3198087513446808,0.07202000916004181,0.06028437241911888,0.017463007914349453,0.12356568652657053,music/low_stream/Jimmy Spits - JimmySpits-LeaPsAndBounds-01-Listen_vbr.mp3,0,,0,Jimmy Spits,JimmySpits-LeaPsAndBounds-01-Listen_vbr,archive_low_download,758.0,low_stream,0.0
349.82650793650794,30.0,123.046875,G# minor,4198.732888829599,1303.7886804868704,7413.0968406842585,2759.84182553484,0.22323485572271673,0.11296370229365507,-408.42724609375,73.8101806640625,14.325572967529297,35.430912017822266,8.164702415466309,30.228666305541992,34.31391906738281,21.79974937438965,13.107057571411133,12.251581192016602,-5.756748199462891,17.320228576660156,4.174201965332031,13.383752822875977,20.948081970214844,14.097697257995605,-18.33331298828125,13.409011840820312,11.318831443786621,12.085396766662598,-3.741323232650757,11.727394104003906,5.720231533050537,11.005166053771973,-10.707322120666504,11.4248628616333,0.3210010230541229,0.32044970989227295,0.014523367397487164,0.017911022529006004,0.012973366736960909,0.12742197537931704,music/low_stream/the Beige Channel - 10HeHaltedPuzzledSuddenlyAbleT.mp3,0,,0,the Beige Channel,10HeHaltedPuzzledSuddenlyAbleT,archive_low_download,822.0,low_stream,0.0
186.72326530612244,30.0,117.45383522727273,D major,1057.027455010259,346.9786038214879,1946.3048976272253,1766.7530478145607,0.03428361733262384,0.02913771493944301,-157.41944885253906,45.770172119140625,138.93402099609375,17.268877029418945,16.655534744262695,21.309337615966797,42.48427963256836,15.131797790527344,12.72130012512207,16.88592529296875,22.539777755737305,10.067730903625488,13.68914794921875,10.073333740234375,6.135596752166748,9.664278984069824,0.8684210777282715,8.428911209106445,2.0328593254089355,8.08104419708252,-3.8031671047210693,8.152641296386719,5.0357160568237305,7.793545246124268,-5.052717685699463,7.248852252960205,0.4105568826198578,0.29660552740097046,0.18627852201461792,0.0555674284696579,0.007918586314402946,0.1141058460483728,music/low_stream/Phloby Vs. C. Goff III - 11SpaceKeyContract_vbr.mp3,0,,0,Phloby Vs. C. Goff III,11SpaceKeyContract_vbr,archive_low_download,865.0,low_stream,0.0
100.89158730158731,30.0,117.45383522727273,C minor,4305.091328031491,1506.326835362571,9140.553061659492,3886.101920097856,0.4286886398268189,0.23060115376664325,-9.684476852416992,73.44149017333984,84.25926971435547,24.786897659301758,32.81969451904297,30.84250831604004,-21.368711471557617,14.602547645568848,35.73688888549805,16.826690673828125,-21.566526412963867,13.254103660583496,24.68111801147461,13.435598373413086,-8.851839065551758,9.157999992370605,10.943063735961914,9.657368659973145,-5.043774604797363,8.73994255065918,8.138626098632812,7.025195121765137,-2.3994476795196533,8.684737205505371,8.097382545471191,7.351501941680908,0.36783522367477417,0.30641061067581177,0.44671234488487244,0.09798350930213928,0.012402465290869642,0.0991740102341054,music/low_stream/Nebur - nebur_supertelesketch_05.mp3,0,,0,Nebur,nebur_supertelesketch_05,archive_low_download,910.0,low_stream,0.0
8.333333333333333e-05,9.070294784580499e-05,0.0,C minor,0.0,0.0,0.0,0.0,0.0,0.0,-1131.3709716796875,0.0,0.0,0.0,0.0,0.0,0.0,0.0,0.0,0.0,0.0,0.0,0.0,0.0,0.0,0.0,0.0,0.0,0.0,0.0,0.0,0.0,0.0,0.0,0.0,0.0,0.0,0.0,0.0,0.0,0.0,0.0,music/low_stream/AAVV - Ninja McTits - Returning To Thy Creator.mp3,0,,0,AAVV,Ninja McTits - Returning To Thy Creator,archive_low_download,999.0,low_stream,0.0
358.9108843537415,30.0,112.34714673913044,B minor,1164.468340962016,464.1234749190049,2315.8109966077304,1840.748395730944,0.035148691466718264,0.022045055600574716,-308.98724365234375,64.52307891845703,135.11135864257812,22.02927589416504,14.941678047180176,26.857412338256836,36.39523696899414,9.583041191101074,8.213818550109863,16.559669494628906,5.626861572265625,10.558893203735352,2.8534557819366455,8.184657096862793,1.2834866046905518,7.0776801109313965,-5.744691848754883,6.823273181915283,0.26869112253189087,9.97383975982666,-5.270786762237549,10.132489204406738,4.133119583129883,8.3193359375,5.778299331665039,7.553378582000732,0.3639083206653595,0.3249567449092865,0.0442807711660862,0.01854187622666359,-0.05823273409077594,0.16043012920071145,music/low_stream/Practitioners of Aural Dissonance - 10_digereemadness.mp3,0,,0,Practitioners of Aural Dissonance,10_digereemadness,archive_low_download,988.0,low_stream,0.0
73.62519274376417,30.0,172.265625,A# minor,2697.144822258686,711.8621861599149,5542.28315323868,2567.0715303825777,0.1334682027621904,0.06512305300748289,94.68597412109375,72.82791900634766,77.3126220703125,28.391923904418945,-7.0550971031188965,18.811262130737305,25.550037384033203,10.58874797821045,-2.367403268814087,11.185629844665527,4.9203667640686035,9.456927299499512,1.1438608169555664,7.424173355102539,9.295334815979004,8.166358947753906,0.7906796336174011,6.6498894691467285,5.578095436096191,5.926595687866211,-1.4802974462509155,6.335544109344482,5.451695919036865,5.556005477905273,-2.2162322998046875,5.97340202331543,0.47245627641677856,0.28409987688064575,0.6019781231880188,0.1416785717010498,0.003187603081162821,0.08997275056334965,music/low_stream/VA - 08. Памяти Александра Маслаева.mp3,0,,0,VA,08. Памяти Александра Маслаева,archive_low_download,890.0,low_stream,0.0
314.4855102040816,30.0,123.046875,F major,2358.535167422109,912.4196075857215,5105.86079222499,2440.6264973631,0.10297103267705109,0.06799127110063681,-124.31700897216797,60.959556579589844,94.27751159667969,36.81399154663086,-0.5559354424476624,21.775066375732422,24.74313735961914,12.032293319702148,0.22038708627223969,11.591926574707031,17.4898624420166,10.764392852783203,-8.25266170501709,10.243328094482422,6.563992023468018,8.866375923156738,-3.5413429737091064,8.117042541503906,4.949124813079834,7.767468452453613,-2.8521299362182617,8.130762100219727,4.50700044631958,7.7563958168029785,-0.6767197251319885,8.35045337677002,0.48216280341148376,0.2850514054298401,0.1106414943933487,0.06104963645339012,0.016534542749705807,0.07819108810610846,music/low_stream/Mother Eel - 01youvegoNohandbagyouvegot.mp3,0,,0,Mother Eel,01youvegoNohandbagyouvegot,archive_low_download,766.0,low_stream,0.0
2703.0120408163266,30.0,151.99908088235293,A# minor,1674.3425373716254,1308.261920235599,3180.4641015020316,1930.5918572796847,0.0731514851006192,0.09760621614911304,-297.4624938964844,97.00008392333984,115.48319244384766,61.52278137207031,25.330781936645508,23.61944007873535,32.98310852050781,17.966644287109375,-0.43527325987815857,17.639263153076172,8.675088882446289,13.065558433532715,-1.22788667678833,10.804472923278809,-1.6326076984405518,10.351531028747559,-2.7849185466766357,8.585309982299805,0.7288374304771423,8.205122947692871,-3.3930625915527344,10.429269790649414,3.216606378555298,6.57717752456665,-2.7831549644470215,6.8724775314331055,0.38967254757881165,0.3092319667339325,0.0630648136138916,0.05219845846295357,-0.010223454056238805,0.13013795405495898,music/low_stream/Mark McLaren - DWTC40.mp3,0,,0,Mark McLaren,DWTC40,archive_low_download,951.0,low_stream,0.0
105.8670068027211,30.0,75.99954044117646,A# major,808.7361115264569,710.5581741057191,1552.2989467939726,976.2658497816609,0.040571183243034055,0.05822565785284261,-191.72390747070312,67.03829956054688,217.10598754882812,54.61265182495117,-1.9312551021575928,34.56760787963867,-5.458836078643799,14.805195808410645,14.676385879516602,8.182722091674805,-8.63458251953125,11.451871871948242,-6.490163326263428,9.524954795837402,4.225682735443115,7.847102165222168,5.464756965637207,6.633957386016846,5.917195796966553,6.695120811462402,3.944934129714966,5.280723571777344,4.615174293518066,5.4581708908081055,-4.34149694442749,6.904043674468994,0.3437784016132355,0.3138786554336548,0.36128735542297363,0.14862889051437378,0.0046462625721247165,0.20369698703184633,music/low_stream/Sólo un Chico - 9-Llovera.mp3,0,,0,Sólo un Chico,9-Llovera,archive_low_download,810.0,low_stream,0.0
1826.91768707483,30.0,287.109375,F# minor,969.6495918551747,418.95373003824983,1781.947558140238,994.0182464822466,0.06699543766931114,0.023626659860224723,-383.4834899902344,77.22067260742188,191.53890991210938,53.2900276184082,-25.766422271728516,23.553180694580078,-36.1043701171875,29.614919662475586,29.85546875,13.210749626159668,22.90106773376465,20.744356155395508,4.930495738983154,14.638948440551758,20.54974365234375,7.813491344451904,25.140403747558594,11.115609169006348,7.952771186828613,12.061421394348145,-2.956484079360962,7.619255542755127,-1.1021296977996826,6.153273582458496,1.234969139099121,9.731554985046387,0.3338252604007721,0.3003650903701782,0.041281260550022125,0.03322842717170715,-0.061637436298245224,0.16691445433678936,music/low_stream/Small Things on Sundays - 2_patchmix.mp3,0,,0,Small Things on Sundays,2_patchmix,archive_low_download,879.0,low_stream,0.0
122.49333333333334,30.0,107.666015625,C major,1148.9419989034475,690.0364773060113,2022.11277256071,1763.5303479399417,0.05172455495356037,0.09294716884152758,-40.56419372558594,90.58737182617188,155.8566436767578,33.4661750793457,13.25937557220459,10.560931205749512,20.48611068725586,9.059310913085938,12.55351734161377,8.046083450317383,7.269412040710449,8.1879301071167,-1.822587251663208,5.809262275695801,-0.15904495120048523,7.5543718338012695,-6.854573726654053,5.372177600860596,-5.3919782638549805,8.883822441101074,-11.279885292053223,6.6497650146484375,-2.468510389328003,4.004004955291748,-3.514951467514038,3.9064183235168457,0.445042222738266,0.28036659955978394,0.5075966119766235,0.16338396072387695,0.03755788133619505,0.1477988334504625,music/low_stream/Enbilulugugal - 20 - Dado.mp3,0,,0,Enbilulugugal,20 - Dado,archive_low_download,951.0,low_stream,0.0
125.54412698412699,30.0,129.19921875,A# minor,1815.7713991234957,286.1425015348822,3343.988112694708,1717.2856497761152,0.13865638000677244,0.04182791566559608,-112.38394927978516,26.46004867553711,133.17559814453125,15.987834930419922,-50.17047882080078,17.7587947845459,38.56293869018555,10.62044906616211,-9.385798454284668,9.056238174438477,10.808145523071289,13.80059814453125,-11.067883491516113,6.600275993347168,18.72126007080078,7.963514804840088,-6.182714462280273,8.561102867126465,7.357651710510254,6.289364814758301,3.439052104949951,6.9446001052856445,5.114304542541504,7.867603778839111,-4.481939792633057,6.454070568084717,0.5527753233909607,0.24592342972755432,0.10278483480215073,0.06794403493404388,0.006704501882509175,0.04804513673188896,music/low_stream/5even.5 - 5even5_04_Orange_64kb.mp3,0,,0,5even.5,5even5_04_Orange_64kb,archive_low_download,801.0,low_stream,0.0
3030.7126303854875,30.0,135.99917763157896,A# minor,1453.7080253718875,1379.3929583962133,3228.263812463719,1687.8387065969714,0.05298380659829721,0.10887331834768454,-303.3521728515625,159.094482421875,84.55274963378906,49.61323928833008,27.8654727935791,37.4572868347168,49.413272857666016,18.28400993347168,22.789365768432617,15.679967880249023,24.47433853149414,11.950031280517578,15.961522102355957,12.07400894165039,17.77442169189453,9.396524429321289,9.711981773376465,11.111286163330078,17.550334930419922,7.758123874664307,10.569449424743652,7.8095855712890625,5.6116180419921875,8.539263725280762,7.112658500671387,7.054121494293213,0.628682553768158,0.2511516809463501,0.10635349899530411,0.05867118015885353,-0.010346624766450804,0.07364448997690536,music/low_stream/Unknown - 09 - Bloodclot - Breakcore Xmas Fundraiser 18 12 21.mp3,0,,0,Unknown,09 - Bloodclot - Breakcore Xmas Fundraiser 18 12 21,archive_low_download,833.0,low_stream,0.0
173.8,30.0,143.5546875,A# major,1172.9569767789103,389.40950602036554,2116.753866945627,1161.8568529622376,0.06359409769253097,0.04418530855456989,-163.8846435546875,105.79728698730469,167.68060302734375,37.35591125488281,-49.02223587036133,26.21509552001953,17.371652603149414,18.204002380371094,-6.538144111633301,20.20306968688965,-4.479330062866211,13.62621021270752,-12.913576126098633,12.256486892700195,-5.10589599609375,9.644621849060059,-20.010313034057617,12.404730796813965,-9.760941505432129,8.469423294067383,-10.632698059082031,9.943132400512695,-14.471256256103516,9.539414405822754,-10.518319129943848,9.946718215942383,0.34036070108413696,0.31346869468688965,0.18682244420051575,0.07792860269546509,-0.004193950758147739,0.19640790086422336,music/low_stream/Half Deaf Clatch - 02-PutAwayYourPitchforks.mp3,0,,0,Half Deaf Clatch,02-PutAwayYourPitchforks,archive_low_download,858.0,low_stream,0.0
311.5466666666667,30.0,161.4990234375,G# minor,1401.1008663465232,253.4588410224041,2609.8342186895316,1338.8001491920936,0.12933141749709753,0.02967096898174078,-143.5756072998047,49.656917572021484,170.42889404296875,32.12555694580078,-53.69941711425781,12.078634262084961,16.637853622436523,10.107649803161621,-1.0575804710388184,6.741544723510742,1.437173843383789,9.451289176940918,-12.969778060913086,9.860116004943848,-4.885861396789551,10.680611610412598,-6.167652130126953,8.523685455322266,-4.0474700927734375,12.378873825073242,-15.737247467041016,10.185089111328125,1.6645495891571045,7.399257659912109,2.9627697467803955,9.16118049621582,0.3654070794582367,0.2884683310985565,0.13461224734783173,0.04099952057003975,-0.0023323068437083403,0.11119494130409707,music/low_stream/Kolpakopf - 05_-_Kolpakopf_-_Andante_Non_Troppo.mp3,0,,0,Kolpakopf,05_-_Kolpakopf_-_Andante_Non_Troppo,archive_low_download,811.0,low_stream,0.0
155.63167800453516,30.0,86.1328125,D major,1486.155588515724,1121.6281960978415,2811.2163342927633,1446.4626730604887,0.08172097220878483,0.07445075917773032,-258.45806884765625,117.81082916259766,102.13554382324219,34.4193000793457,9.187164306640625,35.652435302734375,33.16095733642578,19.065107345581055,-2.2724602222442627,27.096261978149414,-8.920379638671875,20.582040786743164,-10.574934005737305,13.53195571899414,6.775638580322266,10.162452697753906,4.874746322631836,10.034485816955566,-10.61941146850586,10.423819541931152,-22.172954559326172,9.509347915649414,-12.415323257446289,9.651957511901855,-5.206138610839844,7.225096225738525,0.33173903822898865,0.3104250133037567,0.0706823393702507,0.08302375674247742,-0.001182873682919843,0.18334374537742412,music/low_stream/Untitled MC - 15. Не Один (ft. Alex Crown).mp3,0,,0,Untitled MC,15. Не Один (ft. Alex Crown),archive_low_download,957.0,low_stream,0.0
220.12517006802722,30.0,135.99917763157896,B major,6300.68503305046,1431.7138395615805,8066.617888931889,2190.7101521082636,0.6200332877805728,0.17883332620162404,-254.81240844726562,94.97015380859375,-19.744693756103516,21.403886795043945,60.433128356933594,20.69478416442871,9.843822479248047,32.07569122314453,-2.085357666015625,35.62290954589844,20.934276580810547,25.6948184967041,-12.796546936035156,19.89524269104004,11.876638412475586,25.05197525024414,7.568581581115723,15.421409606933594,7.42180871963501,11.092965126037598,-4.893076419830322,19.61918067932129,-9.899145126342773,13.670249938964844,4.0547356605529785,12.613584518432617,0.29102328419685364,0.3423938453197479,0.17783218622207642,0.08338188380002975,-0.007506909526604557,0.04342011022524572,music/low_stream/LEZET - LEZET_Ransid_06_The_Ringing_Tower_vbr.mp3,0,,0,LEZET,LEZET_Ransid_06_The_Ringing_Tower_vbr,archive_low_download,902.0,low_stream,0.0
396.01596371882084,30.0,161.4990234375,F# minor,1503.4163409926346,438.32571493672606,2751.316696497678,1384.1336682440678,0.09232937366969814,0.03344400317202583,-112.16749572753906,51.02219009399414,161.89413452148438,31.94289207458496,-66.33965301513672,25.365602493286133,16.192602157592773,30.651029586791992,-1.9975321292877197,14.678027153015137,-7.150640964508057,11.372990608215332,-20.80482292175293,11.25671100616455,-7.552459239959717,10.4724760055542,-13.975691795349121,9.007149696350098,-14.703581809997559,10.848457336425781,-8.71802043914795,11.26130485534668,-4.923588275909424,8.096199989318848,-9.282468795776367,8.546080589294434,0.38060930371284485,0.29699450731277466,0.1664886176586151,0.05615971237421036,0.006381466001162817,0.08321201706748386,music/low_stream/cyberdread + dj KND - cyberdread7_64kb.mp3,0,,0,cyberdread + dj KND,cyberdread7_64kb,archive_low_download,925.0,low_stream,0.0
285.62666666666667,30.0,161.4990234375,B minor,2653.515082718315,1762.1667610850611,5548.241450543005,2757.13706082855,0.16525145728521673,0.19402320011419322,-376.7140808105469,107.0250015258789,65.89600372314453,59.679073333740234,34.689884185791016,27.761079788208008,30.678756713867188,23.64475440979004,17.97348403930664,19.60634422302246,0.9360272288322449,18.825233459472656,7.75770902633667,17.134227752685547,-4.789638519287109,18.415666580200195,-4.679845333099365,13.859114646911621,-1.379461646080017,14.167603492736816,-3.4994921684265137,11.91900634765625,-1.9825023412704468,10.577738761901855,2.0861260890960693,11.22766399383545,0.39639946818351746,0.34477245807647705,0.04179953411221504,0.051400717347860336,-0.003619906548527649,0.16254274768000873,music/low_stream/like plankton for the elephant - like_plankton_for_the_elephant-passage-01-contact_vbr.mp3,0,,0,like plankton for the elephant,like_plankton_for_the_elephant-passage-01-contact_vbr,archive_low_download,874.0,low_stream,0.0
210.25920634920635,30.0,112.34714673913044,C# minor,1980.1489667944256,827.0165571648209,4336.373778541021,2383.018408039802,0.07148029339202787,0.05210258798548384,-216.2587127685547,136.0724334716797,99.5040512084961,35.558895111083984,9.841545104980469,22.156658172607422,13.332695960998535,15.071921348571777,-4.180736064910889,13.359040260314941,0.01977458782494068,10.03734302520752,2.1227221488952637,10.081375122070312,4.325052738189697,9.178993225097656,-9.756852149963379,11.44196605682373,3.8638198375701904,7.764752388000488,2.7695162296295166,7.944039344787598,3.54319429397583,6.941728115081787,-4.055448055267334,7.517208099365234,0.39603349566459656,0.30137813091278076,0.08221308141946793,0.06800417602062225,0.012336832048230538,0.13530799515103373,music/low_stream/chris@carolinalivemusic.net - 03_vbr.mp3,0,,0,chris@carolinalivemusic.net,03_vbr,archive_low_download,914.0,low_stream,0.0
422.0933333333333,30.0,184.5703125,G# minor,1205.5119858934258,629.5975741310743,2594.8759758066467,1716.879399559689,0.04387123887383901,0.02867374994104728,-284.17889404296875,111.86212158203125,146.1579132080078,58.22179412841797,17.696231842041016,26.839134216308594,20.769168853759766,10.795506477355957,0.2223631739616394,14.767322540283203,3.066195249557495,10.09964370727539,-6.752869129180908,9.574262619018555,-15.644186973571777,11.66186809539795,-11.86555004119873,10.74935531616211,-9.13780689239502,9.250837326049805,-6.6410088539123535,7.796611785888672,-2.764028549194336,8.127878189086914,-4.642642021179199,8.788253784179688,0.3468016982078552,0.29642727971076965,0.06670591980218887,0.02718539908528328,0.08020770533894732,0.2123307099778152,music/low_stream/Lunar Gate - 03_She_Arose_From_Water.mp3,0,,0,Lunar Gate,03_She_Arose_From_Water,archive_low_download,776.0,low_stream,0.0
410.17433106575965,30.0,107.666015625,G# minor,1672.0432436262004,517.147024227149,2790.8997904774574,1031.369839091002,0.13662313455398606,0.062105557255027484,-306.2595520019531,142.47483825683594,139.52711486816406,67.00910949707031,-90.60575103759766,37.91615676879883,24.091827392578125,15.70248794555664,45.22296905517578,18.001556396484375,-16.73729133605957,8.986871719360352,4.857316970825195,8.650891304016113,20.257080078125,11.713908195495605,-5.442050933837891,6.547815799713135,16.864473342895508,10.309523582458496,10.518050193786621,11.238251686096191,-20.994754791259766,10.601608276367188,-1.647934913635254,8.099084854125977,0.33476021885871887,0.3023560047149658,0.06912374496459961,0.05170322582125664,0.06222409973124121,0.1720358513227278,music/low_stream/Pocka - Pocka-02-The-Waldens-Part-I_64kb.mp3,0,,0,Pocka,Pocka-02-The-Waldens-Part-I_64kb,archive_low_download,909.0,low_stream,0.0
2714.8144217687077,30.0,135.99917763157896,F minor,1516.084452851456,960.4525451645367,2929.5739519337753,1658.6054831414763,0.08153541021671827,0.08025314387108232,-225.0484161376953,57.76933670043945,139.2142333984375,42.03179168701172,-7.392336368560791,22.440805435180664,46.577964782714844,19.618249893188477,-7.572619438171387,19.86646842956543,15.054041862487793,14.012893676757812,-8.789406776428223,12.893269538879395,4.2935309410095215,10.18979549407959,-13.622321128845215,8.754351615905762,10.457605361938477,11.583606719970703,-10.379436492919922,9.619361877441406,6.171099662780762,7.295559406280518,-7.575134754180908,7.245937824249268,0.4362875521183014,0.3080568015575409,0.0754181444644928,0.04494413360953331,0.00880627632539918,0.11707918641576322,music/low_stream/Mark Mclaren - DWTC38_64kb.mp3,0,,0,Mark Mclaren,DWTC38_64kb,archive_low_download,798.0,low_stream,0.0
225.6192290249433,30.0,143.5546875,C minor,1667.8509750436745,597.5695023829094,3455.254106551132,1773.9797145017399,0.08124554046536378,0.05252495103643442,-148.74192810058594,57.01251220703125,139.27377319335938,31.424396514892578,-31.685571670532227,25.882787704467773,45.48800277709961,20.93243408203125,-7.624696731567383,20.11124610900879,22.16469955444336,16.734663009643555,-16.717084884643555,13.909158706665039,23.646034240722656,11.824872016906738,-15.856820106506348,12.086252212524414,9.69714641571045,7.442800521850586,-4.125254154205322,13.72608470916748,-4.260765552520752,11.269842147827148,0.7024194002151489,17.538955688476562,0.4206916391849518,0.28877735137939453,0.10772702842950821,0.04176994413137436,0.04263020629889774,0.12197158856738077,music/low_stream/Stemwave & Polychromatic - 01_The_Chase_64kb.mp3,0,,0,Stemwave & Polychromatic,01_The_Chase_64kb,archive_low_download,802.0,low_stream,0.0
291.1738321995465,30.0,103.359375,C minor,3266.3113937497537,861.3661674702615,7516.254550237036,3244.0937496745696,0.13495987930534056,0.07641236970959928,-8.091302871704102,44.42320251464844,68.9831771850586,25.347768783569336,15.279044151306152,15.412117958068848,6.783041477203369,12.286985397338867,15.869582176208496,8.212949752807617,6.817806243896484,6.541685104370117,4.501997947692871,7.699044227600098,7.574957847595215,6.115942478179932,7.862091541290283,6.419902801513672,11.235332489013672,6.096930980682373,3.340860366821289,5.285841464996338,7.249485969543457,5.627712726593018,3.9986178874969482,6.066917896270752,0.6633787155151367,0.22316935658454895,0.2511345446109772,0.08114472031593323,0.009542530433290898,0.059963548937495996,music/low_stream/Slew52 - 03.Klomofz.mp3,0,,0,Slew52,03.Klomofz,archive_low_download,947.0,low_stream,0.0
46.6949433106576,30.0,89.10290948275862,C# minor,673.1954374647237,289.49400372454124,1166.392946981424,1081.9874710572547,0.030492634965170278,0.010502955508793422,-359.48675537109375,76.41419982910156,202.92344665527344,27.256301879882812,23.22984504699707,36.17741775512695,6.882383346557617,16.319795608520508,17.09515953063965,12.893637657165527,16.200550079345703,10.284024238586426,-1.0566402673721313,16.981515884399414,5.707947254180908,11.320541381835938,-10.080787658691406,7.856017112731934,-2.819321870803833,7.782276153564453,-5.9049391746521,7.688670635223389,-4.01029634475708,6.665406227111816,-0.8699890971183777,8.026724815368652,0.423030823469162,0.274224191904068,0.03707994520664215,0.016714252531528473,0.02908946618432732,0.1752753586267604,music/low_stream/Unknown - Back Door Knockers - 4-Way Coprophagia - 29 Secret Location 1.mp3,0,,0,Unknown,Back Door Knockers - 4-Way Coprophagia - 29 Secret Location 1,archive_low_download,995.0,low_stream,0.0
3602.0,30.0,99.38401442307692,A major,1676.8097172010155,162.3240817463707,3603.378210864938,2332.8470794202503,0.05696224059113777,0.00800938112121681,-216.5209503173828,135.7111358642578,114.04522705078125,19.292354583740234,4.956093788146973,10.124409675598145,0.32971814274787903,9.073604583740234,-5.897718906402588,5.330475330352783,-1.5260772705078125,4.3731584548950195,-13.773362159729004,4.85914945602417,-16.590625762939453,4.5270538330078125,-21.365755081176758,5.062501907348633,-16.855487823486328,3.9008538722991943,-22.332027435302734,4.635468006134033,-16.661619186401367,3.8328092098236084,-18.360868453979492,4.0252861976623535,0.5520156621932983,0.24293221533298492,0.0632532462477684,0.03342663496732712,0.0025358825000314144,0.04253524102941656,music/low_stream/Adrian Newton - 01nocti33.mp3,0,,0,Adrian Newton,01nocti33,archive_low_download,815.0,low_stream,0.0
111.85963718820862,30.0,107.666015625,C# major,1248.6675966617536,332.2747816545983,2127.1954704733457,863.8332035083539,0.09614492127031733,0.04103645806854451,-317.5992126464844,46.730411529541016,175.42820739746094,20.82672119140625,-64.1298599243164,18.989154815673828,-19.996374130249023,11.174002647399902,12.414634704589844,7.652187824249268,-24.04228401184082,8.324051856994629,-1.5688191652297974,8.207423210144043,-4.416831016540527,4.831540584564209,-23.546682357788086,6.127731800079346,1.0842732191085815,6.083110809326172,-3.1554250717163086,4.065952777862549,-14.431934356689453,4.8431477546691895,4.334308624267578,5.54368782043457,0.5422059297561646,0.24307666718959808,0.01953083649277687,0.023663511499762535,0.011049858544941149,0.04705287549657171,music/low_stream/Hell Garbage-Scrotum Elf - 17_scrotumelf-AreYouAnnoyedYetYouPieceOfShit_.mp3,0,,0,Hell Garbage/Scrotum Elf,17_scrotumelf-AreYouAnnoyedYetYouPieceOfShit_,archive_low_download,864.0,low_stream,0.0
402.72360544217685,30.0,143.5546875,G major,553.8892661511358,445.80408952821193,1202.3843960127226,986.3621959820863,0.009765625,0.016012252801718876,-342.9756774902344,139.99893188476562,166.49337768554688,62.09745788574219,-11.170121192932129,37.01403045654297,31.903717041015625,19.955734252929688,33.165462493896484,21.899660110473633,9.686471939086914,15.879185676574707,9.373194694519043,11.739148139953613,18.445646286010742,8.220911026000977,4.623804092407227,8.528879165649414,9.568937301635742,7.0621113777160645,9.059805870056152,6.943838596343994,6.816440105438232,6.585308074951172,7.307441711425781,6.4902143478393555,0.6911162734031677,0.24926860630512238,0.09640948474407196,0.05074148625135422,-0.05306055715716988,0.24281062537522588,music/low_stream/Gerbil Bliss - 04Four.mp3,0,,0,Gerbil Bliss,04Four,archive_low_download,911.0,low_stream,0.0
311.9800453514739,30.0,129.19921875,D minor,1853.2703419712072,841.5780227857467,3412.5376981847426,1703.9212792529,0.11353861805824303,0.09295132615829026,-148.6455535888672,42.975460052490234,125.64093780517578,32.132999420166016,-37.63896179199219,18.919620513916016,17.1278018951416,13.205820083618164,-25.651697158813477,12.514259338378906,5.871022701263428,12.654618263244629,-15.96330738067627,8.809279441833496,-9.0071382522583,9.593360900878906,-8.508634567260742,7.275278568267822,-3.298201084136963,6.891767501831055,-10.43885326385498,6.655215740203857,-5.698022842407227,6.575550556182861,-0.7479748725891113,5.404099464416504,0.39594846963882446,0.2976004481315613,0.09635933488607407,0.08416413515806198,-0.014740101668711545,0.0986730353989492,music/low_stream/Andy N - 17ky_64kb.mp3,0,,0,Andy N,17ky_64kb,archive_low_download,808.0,low_stream,0.0
173.35122448979592,30.0,129.19921875,F minor,922.706754698546,696.4505586569703,1678.9815140951528,1374.3633299765395,0.03332066019253096,0.03135316942837699,-312.20355224609375,104.4787368774414,144.2052001953125,46.76216506958008,21.721271514892578,21.85482406616211,24.746292114257812,14.103732109069824,17.240745544433594,16.37627410888672,8.17127513885498,8.670710563659668,-7.191929340362549,9.928811073303223,-4.9876627922058105,10.368322372436523,-5.955042839050293,7.923402786254883,-4.5645833015441895,7.326366424560547,-6.59615421295166,9.486283302307129,-7.949257850646973,8.24962043762207,-10.8631010055542,8.224320411682129,0.2824792265892029,0.30223819613456726,0.0742800161242485,0.03887581825256348,0.014479553202570482,0.23829322879259074,music/low_stream/MYRDAL - 01 Soon.mp3,0,,0,MYRDAL,01 Soon,archive_low_download,863.0,low_stream,0.0
122.08333333333333,30.0,123.046875,D# minor,1676.8761346489118,849.3818996849675,3511.570432680679,1983.258241180735,0.06760238789183437,0.05043040814090763,-187.0895233154297,79.88648986816406,115.2261734008789,36.3342399597168,-5.727129936218262,24.019519805908203,33.952884674072266,13.74575424194336,-0.11279892176389694,13.469120025634766,11.85986042022705,11.487710952758789,-2.507291078567505,11.105558395385742,-7.128612995147705,9.103129386901855,-15.69704818725586,11.343189239501953,8.075016975402832,8.602362632751465,-7.3809003829956055,10.971924781799316,2.4295201301574707,7.4293060302734375,-14.670732498168945,9.140296936035156,0.3139497935771942,0.30321937799453735,0.11046745628118515,0.04689554497599602,0.06984745214398805,0.17282450668972962,music/low_stream/Saša Raven Atanasov - SaaRavenAtanasov02BabyBlue.mp3,0,,0,Saša Raven Atanasov,SaaRavenAtanasov02BabyBlue,archive_low_download,916.0,low_stream,0.0
94.99009070294784,30.0,112.34714673913044,D# major,1807.9433929212435,764.1658010566615,4405.106696255805,2437.188537594963,0.048859870839783284,0.0405782556906984,-174.27464294433594,62.28846740722656,117.63353729248047,37.60408401489258,26.982379913330078,22.98432731628418,24.5172061920166,21.16471290588379,2.526090621948242,18.62019920349121,11.285204887390137,13.123605728149414,4.1595330238342285,11.806090354919434,8.44402027130127,8.701587677001953,1.0979866981506348,7.889715671539307,5.674396991729736,8.0287504196167,-3.966125726699829,6.261867046356201,3.7388734817504883,6.841745376586914,2.83170223236084,7.419921398162842,0.47641175985336304,0.2900736331939697,0.10802800208330154,0.04952997341752052,0.0024580541840590925,0.11522616132872009,music/low_stream/Violent Feast - 01-use_me_as_an_exit.mp3,0,,0,Violent Feast,01-use_me_as_an_exit,archive_low_download,1000.0,low_stream,0.0
282.3678458049887,30.0,161.4990234375,C# major,1522.489753566899,177.1994429517683,2511.4348136972717,1639.6956566289527,0.08794920363293343,0.01834828756960751,-64.13516235351562,42.28505325317383,145.72286987304688,16.26940155029297,-49.9213981628418,17.185056686401367,1.0240544080734253,15.550419807434082,9.513168334960938,10.339447975158691,-7.077794075012207,9.347445487976074,-8.42390251159668,8.571676254272461,-7.850776195526123,6.759226322174072,-3.7598819732666016,6.77247953414917,-1.4577693939208984,7.486172199249268,-0.49536561965942383,6.571807384490967,7.673436641693115,6.1722846031188965,-7.390569686889648,7.071469783782959,0.39397212862968445,0.2845207452774048,0.2064756453037262,0.10127276182174683,0.009804348260022005,0.11651295190887992,music/low_stream/# - 02 - Портвейн.mp3,0,,0,#,02 - Портвейн,archive_low_download,918.0,low_stream,0.0
190.14501133786848,30.0,99.38401442307692,C major,1190.7716934254454,556.0423810555981,2462.9517735342492,1432.6492738565548,0.05411569695723684,0.03400676758954232,-165.00592041015625,61.41560745239258,162.8095245361328,37.1971321105957,-25.6240291595459,26.561981201171875,23.045711517333984,13.340907096862793,13.650260925292969,10.241251945495605,2.4275152683258057,15.611898422241211,-1.5644330978393555,7.929423809051514,5.288104057312012,10.33659553527832,-1.083378791809082,8.102409362792969,4.94444465637207,7.9139180183410645,1.9140344858169556,8.725884437561035,-6.71186637878418,6.6315226554870605,3.4474685192108154,7.059388637542725,0.3676398694515228,0.28656789660453796,0.1277536004781723,0.0561615414917469,0.05628885622960791,0.13740381093698148,music/low_stream/Urban Mythology - 02-UrbanMythology-Orche.mp3,0,,0,Urban Mythology,02-UrbanMythology-Orche,archive_low_download,878.0,low_stream,0.0
75.93922902494332,30.0,129.19921875,A minor,1940.8845565283978,809.8019856360393,3977.5509482935854,2214.282511052924,0.08628141326431889,0.04441387293074884,-105.90868377685547,77.18567657470703,121.07575225830078,39.484256744384766,-0.16344459354877472,17.69219398498535,9.62298583984375,18.271366119384766,-10.374218940734863,18.073139190673828,-4.631664276123047,11.27023696899414,-7.156523704528809,10.226856231689453,-0.5083891153335571,9.52653980255127,-6.895373344421387,9.20345687866211,7.382833003997803,9.575543403625488,-6.548842430114746,11.57302188873291,4.216908931732178,8.896830558776855,0.7624248266220093,7.2623515129089355,0.2915664613246918,0.29349285364151,0.15643614530563354,0.04947299510240555,-0.05953542848604904,0.15137486954810855,music/low_stream/we are debris - We Are Debris - lost ep - 28 - shubs (remix).mp3,0,,0,we are debris,We Are Debris - lost ep - 28 - shubs (remix),archive_low_download,984.0,low_stream,0.0
255.42666666666668,30.0,135.99917763157896,F major,2785.392926012442,705.0214493525757,5685.682286123742,2616.360668397035,0.14301992127031735,0.07256435521193998,4.260993957519531,97.56745910644531,60.88871383666992,23.184185028076172,5.029932022094727,16.866031646728516,44.72868347167969,14.449138641357422,4.101632118225098,14.320043563842773,11.157504081726074,6.012299537658691,-2.738473892211914,5.256167411804199,5.527122497558594,6.015061378479004,-0.7364118099212646,7.444438457489014,5.145944595336914,5.579373836517334,-5.487814426422119,4.524338245391846,-0.47063371539115906,4.414205074310303,-5.584527492523193,4.1939897537231445,0.4508448839187622,0.2969098687171936,0.29100966453552246,0.07822863757610321,0.030916375739483262,0.12031675465757904,music/low_stream/Haunt - 03-DeadInside.mp3,0,,0,Haunt,03-DeadInside,archive_low_download,786.0,low_stream,0.0
65.94467120181406,30.0,107.666015625,D# minor,2546.4783505137157,214.27811691402067,4338.915429838671,1945.4115419261702,0.19357668283184984,0.023303096709907593,50.46572494506836,27.501455307006836,88.51951599121094,12.834686279296875,-56.326171875,7.888026714324951,44.394287109375,10.313167572021484,-13.83740234375,8.684769630432129,0.2878531813621521,5.0091142654418945,1.7874959707260132,4.450667381286621,-6.039419174194336,4.5347676277160645,4.131081581115723,5.493949890136719,-1.7106168270111084,5.054401874542236,-1.5581271648406982,4.8880085945129395,-0.37639620900154114,4.3224639892578125,-4.658342361450195,4.322251319885254,0.6431960463523865,0.20606598258018494,0.2934695780277252,0.0353456474840641,0.0002061380735622819,0.042139499969286176,music/low_stream/undRess Béton - undRess_Beton_-_The_Unfiled_7_05_The_Unfiled_5.mp3,0,,0,undRess Béton,undRess_Beton_-_The_Unfiled_7_05_The_Unfiled_5,archive_low_download,862.0,low_stream,0.0
212.0,30.0,161.4990234375,D# minor,2829.697338648647,1049.4541173006635,5134.868950149961,2249.7467441677936,0.17596643406540247,0.11897165262660414,-156.40223693847656,83.42371368408203,57.9493522644043,52.43500518798828,-15.14542293548584,32.56587600708008,39.92763137817383,21.650075912475586,-10.90598201751709,18.967557907104492,9.319245338439941,15.174933433532715,-5.157108783721924,15.926319122314453,11.892166137695312,13.904709815979004,0.09312283247709274,10.867974281311035,0.5115793347358704,10.45638656616211,-1.6881184577941895,9.227004051208496,1.9578831195831299,9.913208961486816,1.7452056407928467,7.997268199920654,0.45400476455688477,0.3028620183467865,0.0910792425274849,0.06003185361623764,-0.014535584208377238,0.07833398994174255,music/low_stream/various - fu006_03_soapskumm_particlearafrospunkball.mp3,0,,0,various,fu006_03_soapskumm_particlearafrospunkball,archive_low_download,798.0,low_stream,0.0
133.91492063492063,30.0,58.72691761363637,C# minor,3594.6435456459985,860.6730788211677,6702.576137105747,2645.3933836195283,0.24653025529702013,0.08769225678859337,-505.8464660644531,89.33113861083984,10.411382675170898,12.784154891967773,-18.20658302307129,38.41361999511719,5.371774673461914,11.306760787963867,-5.022056579589844,18.93536376953125,-0.7345684766769409,12.600193977355957,5.085732460021973,10.939921379089355,9.29892349243164,13.43165111541748,7.4803900718688965,13.951672554016113,6.5392680168151855,14.182696342468262,-0.15410633385181427,16.05788803100586,-2.729231357574463,14.940693855285645,1.8452200889587402,12.38851547241211,0.45404598116874695,0.3727110028266907,0.013927585445344448,0.030231382697820663,-0.020915074407471975,0.15877387552333783,music/low_stream/Jimmy Ghaphery - mSussuration_64kb.mp3,0,,0,Jimmy Ghaphery,mSussuration_64kb,archive_low_download,827.0,low_stream,0.0
267.234693877551,30.0,135.99917763157896,C major,382.31922879350753,311.0475671146614,599.5713744739261,522.5432523951978,0.019989297116873066,0.0072817305175889545,-415.67767333984375,74.89657592773438,162.03115844726562,45.9350471496582,70.98377990722656,39.7066764831543,33.002689361572266,29.157596588134766,21.456218719482422,18.323945999145508,6.082894802093506,14.218506813049316,-1.9606353044509888,11.630741119384766,0.6703808307647705,10.840392112731934,0.07476239651441574,12.291698455810547,-3.215839147567749,8.097064971923828,-5.201754570007324,8.728633880615234,-5.171283721923828,7.454755783081055,-7.897607803344727,5.9069037437438965,0.28768786787986755,0.31799131631851196,0.08440505713224411,0.04531486704945564,0.06282441161526593,0.26466239108251927,music/low_stream/metaFame - kreislauf011_1.mp3,0,,0,metaFame,kreislauf011_1,archive_low_download,774.0,low_stream,0.0
142.85865625,30.0,135.99917763157896,A minor,1412.5720643510215,438.66114885923366,2943.4405347511124,1368.5026339356486,0.11543505405863003,0.04690162989576401,-171.67283630371094,31.19829750061035,179.20143127441406,36.587860107421875,-35.686180114746094,23.96173095703125,58.67411804199219,18.561809539794922,-32.473976135253906,15.469305992126465,-17.525081634521484,17.714155197143555,25.346546173095703,16.696033477783203,-14.673039436340332,15.172408103942871,-7.402076244354248,15.324944496154785,-11.950397491455078,10.730996131896973,-17.477222442626953,15.077387809753418,0.2326800674200058,14.182842254638672,-4.201531410217285,13.133838653564453,0.3773971199989319,0.29871636629104614,0.13364708423614502,0.030528781935572624,-0.009671111110891148,0.0864749997300587,music/low_stream/Quilluya - 08tuckunqui.mp3,0,,0,Quilluya,08tuckunqui,archive_low_download,960.0,low_stream,0.0
214.58802721088435,30.0,86.1328125,G# major,3311.8037045288374,1000.414755231372,7355.097191400203,3160.2208834926178,0.17969090133997678,0.11053892441350856,-146.40919494628906,74.97273254394531,58.94397735595703,27.36912727355957,27.123537063598633,30.291851043701172,19.183624267578125,19.67193031311035,11.047435760498047,13.214384078979492,20.593420028686523,7.916724681854248,8.52136516571045,11.40040397644043,5.886633396148682,8.64488410949707,4.673379421234131,6.359567165374756,3.1313552856445312,7.656431198120117,0.05301055684685707,7.258167266845703,4.946268081665039,6.075542449951172,0.8124744892120361,5.82321310043335,0.5911089181900024,0.2529071271419525,0.09171760827302933,0.05591530352830887,0.018443175949498417,0.09631965437884606,music/low_stream/Digi Hartatak - morednb.mp3,0,,0,Digi Hartatak,morednb,archive_low_download,872.0,low_stream,0.0
175.65179138321994,30.0,117.45383522727273,F# minor,3136.9930555945784,1075.271624660375,6579.943545314919,2904.1776033197243,0.11911039086687307,0.06237243034800193,-21.870376586914062,119.60301208496094,51.862125396728516,35.36688232421875,8.182353973388672,30.116308212280273,19.174898147583008,23.467681884765625,13.196524620056152,18.51219367980957,8.690179824829102,21.119441986083984,0.9235027432441711,17.850875854492188,4.901214122772217,14.355905532836914,2.5383527278900146,10.602572441101074,5.263967514038086,12.474040985107422,2.4820549488067627,8.54296588897705,6.316429138183594,9.330364227294922,-0.29290473461151123,11.249796867370605,0.5156839489936829,0.3065280616283417,0.35130375623703003,0.14468811452388763,-0.006676589018486402,0.07939136372236653,music/low_stream/cluli - 01. cluli - get a clu.mp3,0,,0,cluli,01. cluli - get a clu,archive_low_download,932.0,low_stream,0.0
599.1496598639455,30.0,117.45383522727273,B minor,1840.6545067148672,52.61158132853264,3748.219001699158,1691.2601720049236,0.11961114369678792,0.00880608725198235,27.306135177612305,14.457767486572266,144.0757598876953,4.967659950256348,-60.37357711791992,5.329569339752197,58.49357986450195,4.173468589782715,-21.029142379760742,3.7150704860687256,15.403592109680176,3.281665086746216,-1.8193206787109375,3.038313150405884,-2.0103607177734375,3.2713301181793213,3.996591091156006,3.2466955184936523,-6.288142204284668,3.357104778289795,4.86821174621582,3.225801706314087,2.871803045272827,3.047257900238037,-3.821239948272705,2.989449977874756,0.6859027147293091,0.18710783123970032,0.2944304645061493,0.017320550978183746,-0.0018214934883076038,0.027636341006958127,music/low_stream/Krach Macht Frei - 01. Gebrom - Beerputklanken.mp3,0,,0,Krach Macht Frei,01. Gebrom - Beerputklanken,archive_low_download,824.0,low_stream,0.0
336.24780045351474,30.0,117.45383522727273,E minor,1704.0652652757376,367.5289888361327,4295.707357778638,2334.298512601385,0.04139355166408669,0.020723589268805576,-168.42657470703125,82.5335922241211,112.8049087524414,16.409597396850586,16.856239318847656,8.824922561645508,31.36809539794922,9.072534561157227,1.4226353168487549,7.598565578460693,15.98750114440918,7.935525417327881,-12.186851501464844,6.370266914367676,14.354155540466309,8.516855239868164,-1.801483392715454,6.9072980880737305,11.0413179397583,6.064317226409912,-6.270925521850586,5.3761887550354,7.224743843078613,5.902997016906738,1.477541446685791,5.571910381317139,0.39390677213668823,0.2804073095321655,0.13030382990837097,0.07179974764585495,-0.06570734335288837,0.2947661122188489,music/low_stream/Michael Perry Goodman - 2-06GlassCastles_64kb.mp3,0,,0,Michael Perry Goodman,2-06GlassCastles_64kb,archive_low_download,834.0,low_stream,0.0
199.61537414965986,30.0,92.28515625,D minor,1342.707654715728,715.4428976624166,2976.515334752322,1705.0925266731035,0.047587013835139316,0.04360068777646174,-250.63819885253906,105.55048370361328,125.35995483398438,40.27910614013672,-2.6821250915527344,36.4832763671875,65.45928955078125,20.49962615966797,2.798605442047119,18.969324111938477,18.976055145263672,12.641755104064941,11.995871543884277,13.005301475524902,15.455796241760254,10.752376556396484,3.4045228958129883,9.706809043884277,7.345653057098389,7.322299957275391,4.709627628326416,8.075920104980469,2.766624927520752,7.4543046951293945,0.7921540141105652,8.027579307556152,0.44576671719551086,0.3065865635871887,0.09156672656536102,0.03632255643606186,-0.01631231350258141,0.10921325126418682,music/low_stream/Vivien Lake - 12.Vivien_Lake-Forceless_Jedis.mp3,0,,0,Vivien Lake,12.Vivien_Lake-Forceless_Jedis,archive_low_download,882.0,low_stream,0.0
788.1930612244898,30.0,99.38401442307692,G minor,408.4837978901338,330.8679886743601,436.9973575367647,1072.7749924535306,0.007735025033862229,0.0058097266989488175,-404.800537109375,65.84432220458984,94.26937103271484,30.28591537475586,55.04316329956055,20.14974021911621,55.362701416015625,19.095476150512695,31.182111740112305,13.179677963256836,36.3134651184082,13.19831657409668,28.104211807250977,10.504243850708008,14.9232177734375,6.947519779205322,9.735984802246094,5.706183433532715,6.774664878845215,4.918781757354736,8.526663780212402,5.051612854003906,7.138401508331299,6.115745544433594,2.2055625915527344,6.159162998199463,0.45706701278686523,0.32302606105804443,0.08362837880849838,0.06340491771697998,-0.017794749216199376,0.07421843199275639,music/low_stream/VV.AA - pncd01_B3_Estrellas Compactas (2003)_Federico Schumacher.mp3,0,,0,VV.AA.,pncd01_B3_Estrellas Compactas (2003)_Federico Schumacher,archive_low_download,848.0,low_stream,0.0
2282.997188208617,30.0,151.99908088235293,C minor,1029.7479838754282,415.523442036544,2204.228337999468,1582.4280547961446,0.034652473756772446,0.021482561300265095,-484.4653015136719,70.16015625,121.61943817138672,38.056705474853516,17.20227813720703,25.519962310791016,36.28252410888672,14.858110427856445,27.800636291503906,12.190926551818848,10.903702735900879,9.153273582458496,10.932408332824707,9.156562805175781,13.427462577819824,8.804824829101562,9.642332077026367,10.751705169677734,10.480108261108398,10.129080772399902,-0.6835692524909973,6.889048099517822,-9.12057113647461,7.644287586212158,-0.3167368471622467,7.595545291900635,0.4282303750514984,0.3020498752593994,0.012892480939626694,0.01414460875093937,0.037464290566670985,0.099294485358998,"music/low_stream/Jukka Hautamaki, Dennis Tan, Sebastian Ziegler - LAama002_Untamala__live_at_neuestadt_6_2004_64kb.mp3",0,,0,"Jukka Hautamaki, Dennis Tan, Sebastian Ziegler",LAama002_Untamala__live_at_neuestadt_6_2004_64kb,archive_low_download,790.0,low_stream,0.0
623.5428571428571,30.0,135.99917763157896,F major,564.8302880754578,123.3672225220321,897.0779088259482,1245.618420793234,0.009965926131965945,0.0033148754954773134,-166.75131225585938,75.24129486083984,165.0393829345703,27.428035736083984,15.312383651733398,10.232353210449219,34.48310470581055,5.664224624633789,10.062438011169434,6.986367225646973,41.51557540893555,6.256537437438965,10.732186317443848,6.861910820007324,16.983993530273438,3.7830698490142822,1.5798100233078003,5.237914562225342,1.6023776531219482,4.453004360198975,10.280116081237793,3.673311710357666,10.235663414001465,5.045961856842041,3.8466577529907227,6.407095432281494,0.493533730506897,0.2894781827926636,0.3857218325138092,0.10594978928565979,0.024384388860109327,0.06542286283220487,music/low_stream/Resin - resin-03-and_oceans_will_silence_empires_vbr.mp3,0,,0,Resin,resin-03-and_oceans_will_silence_empires_vbr,archive_low_download,987.0,low_stream,0.0
47.00965986394558,30.0,103.359375,C# major,2755.5139382831794,333.33175649874494,5647.915847825561,2577.3461268713477,0.10152470733359133,0.057877526090918285,143.47789001464844,39.87409210205078,76.73880004882812,10.841715812683105,-18.059791564941406,15.178353309631348,20.42371368408203,15.031669616699219,-0.37071770429611206,11.443824768066406,0.5658019185066223,5.6076884269714355,-4.780303955078125,5.085660934448242,7.055199146270752,9.293644905090332,-6.442126750946045,5.409906387329102,-0.18939091265201569,5.516819000244141,-4.8455328941345215,5.548030853271484,2.261465072631836,6.74851131439209,-5.847021102905273,5.915209770202637,0.4207504093647003,0.28505268692970276,0.8192082047462463,0.18638642132282257,0.006026591797646843,0.0673944985200769,music/low_stream/Sperm Of Freddie Mercury - 19. Жоподиева ебут в жопу (Chuck Schuldiner Is Gay Cover).mp3,0,,0,Sperm Of Freddie Mercury,19. Жоподиева ебут в жопу (Chuck Schuldiner Is Gay Cover),archive_low_download,783.0,low_stream,0.0
153.34285714285716,30.0,92.28515625,C minor,2671.254335576098,852.8813298868297,4980.753215400058,2289.4794253698583,0.165217821812113,0.09963820981287287,-170.98231506347656,89.45052337646484,67.99220275878906,32.539703369140625,-22.01902961730957,25.7987117767334,25.237659454345703,22.91812515258789,-17.633798599243164,33.54936218261719,-7.026107311248779,19.756954193115234,-10.989306449890137,14.720345497131348,1.4837594032287598,20.24869155883789,-30.3892765045166,14.357110977172852,-6.1899895668029785,12.033614158630371,-9.294869422912598,12.51208782196045,-1.475263237953186,14.850656509399414,-4.412768363952637,10.397073745727539,0.30615755915641785,0.3098859190940857,0.09751711040735245,0.05346628651022911,0.007892227597798795,0.12326688302604943,music/low_stream/Каловая Рвота - 14. Катюша (Матвей Блантер cover).mp3,0,,0,Каловая Рвота,14. Катюша (Матвей Блантер cover),archive_low_download,951.0,low_stream,0.0
47.05369614512472,30.0,54.978390957446805,B minor,1888.1742515897731,2267.4935641515435,2805.866366643286,887.8624719242376,0.04880507147349071,0.07920603003764111,-1123.187255859375,38.959014892578125,1.3825843334197998,9.789264678955078,-0.6399539709091187,8.02407455444336,0.96990966796875,6.998427391052246,-0.9589382410049438,7.623783111572266,-0.6669947504997253,7.925174236297607,-0.2771911323070526,6.674515247344971,-1.046613335609436,6.335065841674805,-0.4169503450393677,5.337871551513672,0.5537633895874023,6.090610504150391,0.11682478338479996,5.082014083862305,0.27404260635375977,5.021790027618408,0.22294095158576965,3.7668702602386475,0.17926616966724396,0.31089547276496887,2.223321416749968e-06,8.632186109025497e-06,0.005553089702791232,0.06263007214134925,music/low_stream/Eucci - rive058-03-eucci-r1s2-eu.eu.87RW.mp3,0,,0,Eucci,rive058-03-eucci-r1s2-eu.eu.87RW,archive_low_download,907.0,low_stream,0.0
106.40340136054422,30.0,198.76802884615384,A major,856.2007185223931,309.6753697410103,1732.3895244775542,1577.3828587690764,0.01506264512383901,0.014972627586396057,-137.4921875,56.866477966308594,143.63021850585938,16.179889678955078,4.751556873321533,14.94421672821045,44.462074279785156,10.12956428527832,9.348921775817871,7.344709396362305,19.261869430541992,6.577800273895264,4.70292329788208,5.621647834777832,6.837873935699463,6.6009650230407715,4.536142349243164,5.627438545227051,6.559953689575195,7.253305435180664,3.4352922439575195,3.4539828300476074,7.360543727874756,6.062737464904785,7.93710994720459,4.710561752319336,0.696017861366272,0.20548893511295319,0.30331072211265564,0.09198068082332611,0.0017381487112847352,0.04132877047422432,music/low_stream/The Fake Masters - 04deadstripe_vbr.mp3,0,,0,The Fake Masters,04deadstripe_vbr,archive_low_download,889.0,low_stream,0.0
272.967052154195,30.0,92.28515625,A# minor,2086.7414751749025,1048.0179250844963,3766.518891042231,1997.1666734284352,0.12667572682856038,0.08187610950451614,-270.89080810546875,55.70246505737305,76.79576110839844,42.229827880859375,-14.92179012298584,35.33890914916992,27.462987899780273,22.008543014526367,25.189861297607422,16.916133880615234,-7.209001541137695,15.984643936157227,-5.60712194442749,13.45011043548584,5.502427577972412,16.17707633972168,-7.451013088226318,13.361795425415039,-6.3965654373168945,12.283855438232422,3.919011354446411,10.93793773651123,1.4378833770751953,10.975850105285645,-10.545722961425781,11.90623664855957,0.2921307384967804,0.3174380362033844,0.0883588045835495,0.09372784197330475,0.029880752229939314,0.15748054648605295,music/low_stream/Roberto Massoni - 02_3c05i5t3.mp3,0,,0,Roberto Massoni,02_3c05i5t3,archive_low_download,759.0,low_stream,0.0
260.1296145124717,30.0,112.34714673913044,B minor,1026.1749682597786,545.5624302458729,1840.5222039473683,1214.3532405132626,0.05022872121710526,0.034565958466813276,-218.05413818359375,64.3974838256836,169.1306610107422,37.062835693359375,-12.280144691467285,24.366626739501953,12.29230785369873,31.302404403686523,-8.577215194702148,17.231670379638672,-9.49538516998291,19.174753189086914,-23.872453689575195,12.568869590759277,-5.74285888671875,12.122198104858398,-21.089468002319336,13.340164184570312,-6.114313125610352,11.961179733276367,-8.000720977783203,8.964704513549805,-3.9263088703155518,8.665042877197266,-7.875370502471924,7.937220096588135,0.36071890592575073,0.3135069012641907,0.11521334946155548,0.041748326271772385,-0.02567622334521204,0.09561713747927794,music/low_stream/Charles Rice Goff III - 02ModeledFlesh.mp3,0,,0,Charles Rice Goff III,02ModeledFlesh,archive_low_download,932.0,low_stream,0.0
317.76061224489797,30.0,117.45383522727273,G minor,2697.5311740290463,610.1368899066663,7133.665197035845,3261.36873307478,0.07081098526993033,0.037120274683364304,-98.40850830078125,84.91618347167969,75.70323181152344,22.172639846801758,38.47113037109375,29.201602935791016,15.911422729492188,13.11125659942627,15.107398986816406,9.178189277648926,10.576154708862305,5.974084377288818,15.266423225402832,6.453305244445801,9.564964294433594,5.345710277557373,12.082555770874023,6.0621337890625,2.6338162422180176,5.644680500030518,3.3552091121673584,5.318268299102783,4.911044597625732,4.120395660400391,1.9831165075302124,4.11928653717041,0.4707302451133728,0.3072396218776703,0.22191816568374634,0.10785110294818878,-0.0167031180966302,0.07754211249301976,music/low_stream/Digi Hartatak - song_vbr.mp3,0,,0,Digi Hartatak,song_vbr,archive_low_download,818.0,low_stream,0.0
210.66462585034014,30.0,123.046875,G# major,2063.2613155508006,756.5859975238534,4611.863779357343,2498.634189270262,0.0727225383368808,0.05336309378076297,-72.09107208251953,61.193077087402344,96.13433837890625,25.39457130432129,7.8782877922058105,15.107196807861328,36.4942626953125,9.70689582824707,16.668764114379883,10.192614555358887,12.76679515838623,7.193800449371338,5.1654133796691895,7.513203144073486,3.4838061332702637,6.733814239501953,-2.381040334701538,6.740275859832764,3.279369354248047,7.863954544067383,0.8018662929534912,5.961222171783447,-1.9786936044692993,5.752563953399658,-4.707902431488037,6.1197829246521,0.3607507050037384,0.2977377772331238,0.20873631536960602,0.06614363193511963,0.03942713604247297,0.16411882533414446,music/low_stream/Javier Barría - 03-_Chicas_Clonadas.mp3,0,,0,Javier Barría,03-_Chicas_Clonadas,archive_low_download,994.0,low_stream,0.0
52.743038548752835,30.0,123.046875,D# major,2409.9528186256043,644.594752300283,5717.107096102215,2866.6382668973633,0.06703965508900929,0.030638308710791567,-335.7528991699219,31.842771530151367,70.61480712890625,24.34126091003418,21.9161434173584,9.299013137817383,17.369556427001953,11.020161628723145,3.492983341217041,8.001083374023438,0.07094042748212814,9.960904121398926,3.5318350791931152,12.891149520874023,15.319098472595215,11.569454193115234,11.291760444641113,8.268162727355957,7.181944370269775,7.167999267578125,2.4521329402923584,8.09522533416748,3.617936611175537,8.838789939880371,-8.669775009155273,9.96377944946289,0.2183080017566681,0.29919254779815674,0.02702600136399269,0.016919957473874092,0.020226976623581902,0.2697716684810768,music/low_stream/Melcher Tschiemer - De mortuis nil nisi bonum - 6 - The Ghost of Xmas Future - October 1995.mp3,0,,0,Melcher Tschiemer,De mortuis nil nisi bonum - 6 - The Ghost of Xmas Future - October 1995,archive_low_download,935.0,low_stream,0.0
283.94673469387754,30.0,151.99908088235293,D# minor,1844.5799560764985,575.710594637857,3810.026961288216,1881.4594714423904,0.07305662550793343,0.05953668675004761,-344.5040588378906,107.04615020751953,96.17976379394531,15.351678848266602,-20.49917221069336,18.972671508789062,38.11004638671875,37.04525375366211,-26.37836265563965,33.58076477050781,9.251532554626465,12.883295059204102,-2.8868303298950195,14.895668983459473,8.50851058959961,14.511309623718262,-14.945926666259766,21.972389221191406,0.19392597675323486,10.691391944885254,-8.563043594360352,10.373866081237793,-8.170422554016113,10.016261100769043,3.667015314102173,10.543248176574707,0.24137263000011444,0.31543970108032227,0.03515387326478958,0.03306049481034279,0.12430754576945725,0.24657374137431004,music/low_stream/Grigoriy Nedelko - 10-mbr197.mp3,0,,0,Grigoriy Nedelko,10-mbr197,archive_low_download,835.0,low_stream,0.0
71.65886621315192,30.0,99.38401442307692,D# major,677.3462517452858,783.8707404805659,1367.9750613752904,1100.3049056946093,0.0235879148123065,0.03083382841227901,-241.11962890625,97.66496276855469,170.17921447753906,44.10441970825195,28.281667709350586,32.33361053466797,39.97553634643555,13.660430908203125,24.214344024658203,10.588747024536133,12.171133995056152,8.964628219604492,15.87293815612793,10.170482635498047,3.3040056228637695,10.231856346130371,0.25720253586769104,12.841032981872559,2.3496668338775635,14.192846298217773,-1.6775257587432861,11.023473739624023,3.8186533451080322,9.984774589538574,5.87810754776001,7.877037048339844,0.4637555778026581,0.2786819636821747,0.22683914005756378,0.09304732829332352,0.008350909469729079,0.16186823475124437,music/low_stream/Ciberpajé & Filmy Ghost - 01 - Aforismo I.mp3,0,,0,Ciberpajé & Filmy Ghost,01 - Aforismo I,archive_low_download,835.0,low_stream,0.0
257.0466439909297,30.0,112.34714673913044,E major,743.3731317705248,234.91965365783616,1401.7915235584364,818.2829616533164,0.041233688685178016,0.011811661185540504,-199.08717346191406,88.4887466430664,193.18606567382812,47.43767166137695,-38.99677276611328,13.209421157836914,31.589441299438477,12.648773193359375,6.606975078582764,9.514473915100098,-9.591300010681152,7.192941665649414,-11.07481861114502,7.865453243255615,-22.23638343811035,8.843029975891113,-14.636509895324707,6.718682289123535,-12.49128532409668,6.518796443939209,-10.665739059448242,6.015715599060059,-15.558941841125488,6.999266624450684,-15.275880813598633,7.391106128692627,0.2616365849971771,0.2894415855407715,0.19587470591068268,0.06020831689238548,0.001854677915251268,0.2675364395687495,music/low_stream/MYRDAL - 08 No existo.mp3,0,,0,MYRDAL,08 No existo,archive_low_download,766.0,low_stream,0.0
1128.3965532879818,30.0,0.0,A major,992.5959984041268,538.584631835083,1620.2568691950464,977.4896305173114,0.06036698190789474,0.022202346371360853,-644.4163208007812,97.48282623291016,129.2061767578125,80.42337036132812,10.957090377807617,7.369514465332031,-22.09442710876465,13.409029960632324,-15.137453079223633,13.219791412353516,-20.433940887451172,10.381336212158203,-12.961073875427246,7.820115566253662,3.1214065551757812,8.260184288024902,1.5830367803573608,5.391982078552246,-5.47577428817749,5.603018760681152,-4.480967044830322,4.7122955322265625,-1.459512710571289,4.497955322265625,-0.1250402182340622,4.397120475769043,0.18536871671676636,0.2769322097301483,0.003634172957390547,0.004785030614584684,-0.008679084876367572,0.2681749899509306,music/low_stream/Jeff Sampson & Ed End - 06.Tian_Keng_Jeff_Sampson_and_Ed_End.mp3,0,,0,Jeff Sampson & Ed End,06.Tian_Keng_Jeff_Sampson_and_Ed_End,archive_low_download,858.0,low_stream,0.0
164.864,30.0,69.83741554054055,A# minor,869.2195303444236,495.35762942496876,1819.480664516012,862.1208774993661,0.04717771925793344,0.0413272618000521,-204.75033569335938,104.30500793457031,198.5550079345703,65.55357360839844,-36.04115295410156,36.77860641479492,16.06593132019043,18.87197494506836,45.81139373779297,23.87021255493164,-12.264300346374512,16.190185546875,10.985676765441895,12.17513656616211,23.418790817260742,10.04316520690918,-7.761789798736572,10.579619407653809,6.8647050857543945,8.88865852355957,13.544358253479004,6.497264862060547,-3.187469482421875,9.014201164245605,6.877532005310059,7.581021308898926,0.5965386033058167,0.2683478891849518,0.21714144945144653,0.10440097004175186,0.0028594554485791286,0.059685980479917966,music/low_stream/DJ Humiliation - 05-DJ_Humiliation_-_glowstick_vbr.mp3,0,,0,DJ Humiliation,05-DJ_Humiliation_-_glowstick_vbr,archive_low_download,885.0,low_stream,0.0
208.79287981859412,30.0,234.90767045454547,C minor,967.9417768340297,808.7700036663084,1486.9660085199787,804.33833879466,0.0875924408620356,0.07465503857416175,-375.38861083984375,65.832763671875,118.3878173828125,39.911712646484375,23.46562385559082,23.228750228881836,-7.05014181137085,11.046655654907227,-7.2618632316589355,8.09571647644043,-2.2346630096435547,7.48600435256958,2.5521419048309326,9.452468872070312,4.891195297241211,12.173079490661621,0.991661787033081,10.245681762695312,-4.774845123291016,8.890015602111816,-2.0698208808898926,10.151423454284668,10.245011329650879,13.645245552062988,20.58576011657715,12.731379508972168,0.21293576061725616,0.3115655183792114,0.03739769384264946,0.06568950414657593,0.046813826866781365,0.13153947142612982,music/low_stream/David J. Fonseca - 6_0331.mp3,0,,0,David J. Fonseca,6_0331,archive_low_download,817.0,low_stream,0.0
449.19882086167803,30.0,99.38401442307692,D# minor,1164.9311662418177,624.5987876035231,2264.269641604586,1304.3444034613385,0.05929593774187306,0.03960211341283448,-169.51126098632812,80.19485473632812,156.99436950683594,34.26675796508789,-24.979665756225586,20.139232635498047,19.476778030395508,14.666488647460938,4.810797214508057,14.894081115722656,2.9170243740081787,11.652665138244629,-6.134946823120117,12.343558311462402,-5.181639671325684,8.11638355255127,-11.225799560546875,10.508862495422363,-3.9837806224823,7.164653301239014,-6.2756500244140625,7.550242900848389,-11.830070495605469,7.197454929351807,-11.259909629821777,6.824185371398926,0.2690775990486145,0.2913360595703125,0.14834235608577728,0.08682514727115631,0.043844691368298626,0.23515323217273587,music/low_stream/netwaves - 09BeginToday.mp3,0,,0,netwaves,09BeginToday,archive_low_download,917.0,low_stream,0.0
133.39736961451248,30.0,151.99908088235293,A# major,2067.2280443282316,387.6355957124175,4762.7462003253195,2516.2606385884,0.06650602263931889,0.028497119147507972,-24.943435668945312,65.6375503540039,95.23541259765625,25.053476333618164,6.698710918426514,11.236531257629395,18.65898323059082,13.513801574707031,-5.125388145446777,13.551698684692383,0.4415627121925354,15.004528999328613,-3.461970090866089,13.73327922821045,4.728700637817383,11.273868560791016,2.30979585647583,11.488868713378906,7.879751205444336,10.47153091430664,2.9385807514190674,8.640958786010742,9.174577713012695,9.00141429901123,2.2756190299987793,10.304536819458008,0.342207133769989,0.2930934727191925,0.31871849298477173,0.12681880593299866,0.058396437121283715,0.20066156863358173,music/low_stream/duckman - 02_earth_dies_screaming_inside_the_cartridge.mp3,0,,0,duckman,02_earth_dies_screaming_inside_the_cartridge,archive_low_download,893.0,low_stream,0.0
518.0604081632653,30.0,83.35433467741936,D# major,736.0175511707122,238.38024608417155,1363.0584244388544,1127.235209323568,0.02732296403347523,0.011055978914398386,-306.5701904296875,129.20123291015625,112.04885864257812,60.2001953125,20.34632110595703,23.407150268554688,26.45195198059082,12.398447036743164,11.21025276184082,8.185785293579102,7.098366737365723,6.392275810241699,2.435838460922241,6.600459575653076,-0.024889234453439713,5.497193336486816,-0.9758865833282471,4.896427154541016,-0.49614107608795166,4.616244316101074,0.2078196108341217,4.021003723144531,0.34295424818992615,4.059355735778809,0.5970544219017029,4.620279788970947,0.457611620426178,0.287676066160202,0.07143428176641464,0.11280465126037598,-0.010065146423783481,0.10201369031093593,music/low_stream/Post Apocalyptic Zombie - 09ThenTumbledDownLiveMixVersionIIFuckedByAVSMediaDemo.mp3,0,,0,Post Apocalyptic Zombie,09ThenTumbledDownLiveMixVersionIIFuckedByAVSMediaDemo,archive_low_download,798.0,low_stream,0.0
112.27380952380952,30.0,103.359375,D# major,2551.9076959240992,492.5443408620659,5395.21737585865,2504.053075514099,0.13149958276896284,0.04766346529646482,-34.43644714355469,43.026832580566406,86.2642593383789,18.69828987121582,-12.012977600097656,18.767391204833984,20.598058700561523,11.949783325195312,-6.478591442108154,7.872663974761963,3.7678165435791016,8.633809089660645,-5.3788957595825195,8.579475402832031,12.004952430725098,7.642195701599121,-3.9227302074432373,9.266462326049805,-10.907573699951172,10.205263137817383,-4.924121379852295,9.825190544128418,4.119906902313232,7.550814628601074,-5.366036891937256,6.629456996917725,0.505746066570282,0.26773157715797424,0.14407315850257874,0.02613394893705845,0.005296660054884141,0.07458027020158241,music/low_stream/Xiphest - 01-FaceFirstIntoMoltenGlass.mp3,0,,0,Xiphest,01-FaceFirstIntoMoltenGlass,archive_low_download,903.0,low_stream,0.0
259.34367346938774,30.0,135.99917763157896,E major,967.9876631581745,204.34286197661925,1783.0225516398993,840.9649387001559,0.0687482615373452,0.016377921217523152,-286.40594482421875,55.602447509765625,245.10415649414062,29.635629653930664,-73.41769409179688,19.63629913330078,4.552118301391602,22.902639389038086,15.087294578552246,16.94287109375,-4.332976818084717,8.945481300354004,2.417729139328003,6.824357986450195,2.5192956924438477,6.003539562225342,0.8702890276908875,4.722052574157715,2.888312816619873,4.103468418121338,0.09229583293199539,4.212417125701904,-0.34380924701690674,3.7140653133392334,0.7405242323875427,3.5812325477600098,0.4722904860973358,0.255117803812027,0.038468267768621445,0.013780541718006134,-0.007531615408023095,0.08905462241168632,music/low_stream/xCEAN - 12_screech_disastre_vbr.mp3,0,,0,xCEAN,12_screech_disastre_vbr,archive_low_download,994.0,low_stream,0.0
120.904,30.0,117.45383522727273,F minor,1881.616392887139,889.5982613337051,4084.575301131966,2186.2129626642036,0.07085293512964397,0.051912320139373413,-206.1837921142578,89.76988220214844,104.92401885986328,41.64578628540039,3.860557794570923,22.102523803710938,47.21132278442383,16.92292022705078,4.645129680633545,15.249502182006836,15.569181442260742,9.877732276916504,2.9443233013153076,6.734685897827148,6.912787914276123,9.613698959350586,5.387594699859619,7.232329368591309,5.41979455947876,7.387444972991943,0.7166327834129333,7.032590866088867,1.5620495080947876,5.690057754516602,-4.9590888023376465,5.590515613555908,0.3466043472290039,0.30319005250930786,0.06951812654733658,0.03312022238969803,0.014725381972844892,0.09955234712993669,music/low_stream/Bruce Wain - concentration_requires_largest.mp3,0,,0,Bruce Wain,concentration_requires_largest,archive_low_download,817.0,low_stream,0.0
377.3066666666667,30.0,60.09265988372093,C# major,444.72451250426604,163.74584463709417,774.303651225087,826.5236120391904,0.015383882788312693,0.006289229537617286,-213.00938415527344,58.29023742675781,208.111572265625,10.125049591064453,19.278799057006836,30.3559513092041,20.819156646728516,6.066998481750488,16.602317810058594,13.184131622314453,21.27603530883789,11.716048240661621,18.245574951171875,9.163544654846191,4.710358619689941,5.426947593688965,3.6050491333007812,4.3744096755981445,7.355377197265625,3.7047312259674072,-0.44927600026130676,6.728344917297363,2.986449718475342,3.6111223697662354,3.5012354850769043,3.517425060272217,0.604743480682373,0.25005725026130676,0.25236308574676514,0.06220865994691849,-0.006739013417923558,0.08202849142257541,music/low_stream/mescalibur - 3Piste03.mp3,0,,0,mescalibur,3Piste03,archive_low_download,763.0,low_stream,0.0
486.8721541950113,30.0,143.5546875,A major,2338.6203991006246,476.3441547348898,4291.782381512432,2059.396703709417,0.18226911704237617,0.05286566786787918,-183.70982360839844,53.78711700439453,96.7408218383789,23.986474990844727,-42.872554779052734,13.468307495117188,0.47269007563591003,10.714014053344727,-16.14488410949707,13.537979125976562,-7.978579998016357,8.33209228515625,-14.564655303955078,6.499166011810303,8.386688232421875,6.4116973876953125,-2.794328451156616,6.582306385040283,-18.84556770324707,6.607210159301758,-3.995906352996826,4.698836803436279,10.213923454284668,5.6340742111206055,-7.638612270355225,6.082170009613037,0.3034774959087372,0.29157549142837524,0.05271347612142563,0.05076521635055542,0.009950000063088637,0.07796868022962306,music/low_stream/esc.rec - 16-Gluid-Sadio-Flakes.mp3,0,,0,esc.rec.,16-Gluid-Sadio-Flakes,archive_low_download,903.0,low_stream,0.0
273.6239455782313,30.0,143.5546875,D minor,1280.7520692144556,964.133736212761,2412.677077538458,1514.0595852142517,0.06006275094330495,0.08867612801553511,-238.80868530273438,122.51234436035156,121.36592864990234,44.7900276184082,-9.915855407714844,37.69424819946289,18.38884162902832,21.579296112060547,-9.188541412353516,19.201370239257812,-5.89529275894165,15.401520729064941,-12.32750129699707,16.60198974609375,8.785300254821777,10.560709953308105,-5.106701374053955,12.454113960266113,2.611623525619507,9.315277099609375,1.6485495567321777,8.40455436706543,-1.3645007610321045,9.851621627807617,-6.650765419006348,10.353646278381348,0.32079631090164185,0.34606561064720154,0.18973757326602936,0.1337350457906723,-0.012002499206500988,0.16484308143486653,music/low_stream/Yukiga Futte Uresii - 06_Pro_Democracy_Leader_vbr.mp3,0,,0,Yukiga Futte Uresii,06_Pro_Democracy_Leader_vbr,archive_low_download,855.0,low_stream,0.0
233.2092290249433,30.0,151.99908088235293,B minor,1011.9868488119805,299.0397314549491,1874.8553296729876,1900.3323075758356,0.022708101538312694,0.009940466096859887,-372.525146484375,77.1675033569336,129.14674377441406,25.644304275512695,32.72555160522461,9.971986770629883,32.03253936767578,8.776224136352539,15.78357219696045,5.540326118469238,30.881473541259766,5.9320387840271,-0.9424253106117249,4.966617107391357,6.641615390777588,3.9724373817443848,-1.2542794942855835,4.6412672996521,10.155473709106445,3.8101565837860107,-0.3217991590499878,4.4198317527771,0.4551088213920593,4.0053815841674805,-5.728466510772705,4.433047771453857,0.39102768898010254,0.2853415608406067,0.027199044823646545,0.017277467995882034,-0.031550766362517677,0.13535680435264563,music/low_stream/Thehiekka - rbd-064-01-thehiekka-allow.mp3,0,,0,Thehiekka,rbd-064-01-thehiekka-allow,archive_low_download,776.0,low_stream,0.0
1782.0338775510204,30.0,117.45383522727273,E minor,1507.7555964217397,765.7719024510714,2899.8491316756968,1705.7641512241212,0.07267605335719814,0.0594629203892757,-194.01695251464844,83.10372161865234,146.41600036621094,45.20906448364258,-11.11123275756836,26.892047882080078,10.315004348754883,22.698823928833008,-6.851266860961914,20.377260208129883,-1.484421730041504,21.827037811279297,-1.5184454917907715,13.77670955657959,4.955787181854248,12.666838645935059,-10.682103157043457,15.820878028869629,-10.013419151306152,14.027441024780273,-6.268036365509033,11.06387710571289,-10.60545825958252,9.792654037475586,2.0990703105926514,9.014490127563477,0.35931023955345154,0.3078610301017761,0.16840018332004547,0.13972699642181396,-0.005519863994789873,0.09655640730324559,"music/low_stream/Shambles Constant - FCC018 Some Sat, Others Stood.mp3",0,,0,Shambles Constant,"FCC018 Some Sat, Others Stood",archive_low_download,894.0,low_stream,0.0
6.386666666666667,6.386666666666667,99.38401442307692,A minor,1829.7934814140824,783.5413814309775,3603.3786939538045,2132.863830738154,0.08668584408967392,0.0527474674840292,-244.54588317871094,86.39363861083984,126.3580322265625,37.48194885253906,-2.740269422531128,27.97639274597168,-13.706135749816895,23.931640625,4.346035003662109,16.50331687927246,-0.00841190479695797,16.604951858520508,-27.285598754882812,14.150690078735352,13.079925537109375,10.011622428894043,-20.191402435302734,10.570741653442383,-6.4756760597229,11.731974601745605,-6.708759307861328,9.758353233337402,-4.675219535827637,8.021777153015137,-10.355917930603027,9.00262451171875,0.37452319264411926,0.3128969967365265,0.059091318398714066,0.03813827037811279,-0.01970706917376568,0.10389942902737001,music/low_stream/Louis Lingg and the Bombs - c15BombinShit.mp3,0,,0,Louis Lingg and the Bombs,c15BombinShit,archive_low_download,810.0,low_stream,0.0
135.08358276643992,30.0,112.34714673913044,A# major,1476.12396833232,256.8237152731456,3327.5132123161766,2045.606110754849,0.04923326238390093,0.020877134088947202,-141.74984741210938,28.20151138305664,125.26885223388672,12.990052223205566,4.405641078948975,14.099275588989258,36.893333435058594,8.803696632385254,-6.815618515014648,8.96426773071289,13.729531288146973,5.777172565460205,2.0636956691741943,5.415199279785156,9.352357864379883,5.671799182891846,-2.5103869438171387,5.755083084106445,-2.656381845474243,5.740243911743164,-8.17699909210205,6.5361762046813965,-5.311517715454102,4.924986839294434,-6.02634859085083,5.380948066711426,0.36654993891716003,0.29678285121917725,0.1220516785979271,0.03401762247085571,-0.011025314453174966,0.1282017122494861,music/low_stream/Mental Health Consumer; Brian Ruskin - 10_lastSunlightShed2010.mp3,0,,0,Mental Health Consumer; Brian Ruskin,10_lastSunlightShed2010,archive_low_download,960.0,low_stream,0.0
146.2833560090703,30.0,161.4990234375,D# minor,372.82635424077904,278.93137880693666,512.2635690789474,611.3721664288084,0.015999525324109906,0.011268041440814648,-336.9522399902344,45.31983184814453,175.08042907714844,21.12253761291504,59.89143371582031,20.403783798217773,39.63986587524414,23.071056365966797,23.49928092956543,6.319240093231201,0.07384800165891647,14.492554664611816,7.4423723220825195,9.863911628723145,7.395838737487793,7.349765777587891,-1.827237606048584,12.074847221374512,4.766190052032471,8.042967796325684,-1.1728878021240234,5.603065013885498,-5.23214864730835,4.295237064361572,-6.60882043838501,5.084571361541748,0.2943272590637207,0.3027111291885376,0.12305543571710587,0.0462423600256443,0.0073510257673862255,0.238541344906665,music/low_stream/Humanfobia - 04 - 𝐌𝐚𝐠𝐢𝐚 𝐍𝐨𝐜𝐭á𝐦𝐛𝐮𝐥𝐚.mp3,0,,0,Humanfobia,04 - 𝐌𝐚𝐠𝐢𝐚 𝐍𝐨𝐜𝐭á𝐦𝐛𝐮𝐥𝐚,archive_low_download,822.0,low_stream,0.0
280.1784353741497,30.0,64.599609375,A# minor,1989.2640792463421,930.1185530374614,3988.2425503095974,1900.7309859500508,0.09541249939531733,0.0713954203691724,-51.95975875854492,99.43135833740234,104.72760009765625,60.68170928955078,-23.556005477905273,42.89234924316406,50.33292770385742,21.96234893798828,8.926015853881836,16.055145263671875,20.216903686523438,12.409714698791504,17.558340072631836,18.818758010864258,1.6953673362731934,12.105311393737793,-0.7430512309074402,9.900671005249023,4.86480188369751,10.383657455444336,-0.6660159230232239,8.079354286193848,1.959134817123413,8.094032287597656,-2.1470391750335693,8.535421371459961,0.4898289740085602,0.2976092994213104,0.35111111402511597,0.16555410623550415,-0.027731098338086343,0.1924272427412208,music/low_stream/Overthruster - 05_-_overthruster_-_kay_parker_kay_parker.mp3,0,,0,Overthruster,05_-_overthruster_-_kay_parker_kay_parker,archive_low_download,841.0,low_stream,0.0
167.27659863945578,30.0,135.99917763157896,D# major,989.3982898066876,603.0910706372881,2068.379159460865,1614.9127765881153,0.02385397518382353,0.015018908319233939,-158.00003051757812,53.45662307739258,160.4342803955078,40.646034240722656,20.78706169128418,15.73809814453125,46.84284973144531,10.877241134643555,3.844493865966797,8.17747974395752,18.7287540435791,7.211545944213867,2.145352840423584,6.502614974975586,6.652679920196533,6.781136989593506,3.18373441696167,6.500115394592285,3.1034531593322754,4.522027492523193,1.6883124113082886,4.8896965980529785,-0.7693794965744019,4.550859451293945,-1.9229165315628052,3.9660708904266357,0.4340346157550812,0.26299476623535156,0.17778846621513367,0.021760962903499603,0.010705202907681377,0.13262262754811668,music/low_stream/Lucas Darklord - 2019_07_22_17_49_21-36.35bpmStereoRough.mp3,0,,0,Lucas Darklord,2019_07_22_17_49_21-36.35bpmStereoRough,archive_low_download,950.0,low_stream,0.0
173.94126984126984,30.0,112.34714673913044,E minor,1819.8466988988725,333.74899400817355,3149.73928729078,1454.8173313588345,0.11607677353424922,0.03389173472198517,-316.3295593261719,63.55123519897461,74.58000183105469,24.190025329589844,-65.9228515625,14.93050479888916,-8.77305793762207,14.491880416870117,-33.41970443725586,11.642915725708008,-20.953369140625,11.988299369812012,7.065332889556885,18.53117561340332,9.722552299499512,14.561594009399414,-17.68406105041504,12.28101921081543,-29.62873077392578,13.109312057495117,-18.83822250366211,9.199898719787598,11.349248886108398,18.168304443359375,17.75173568725586,13.121191024780273,0.20015090703964233,0.2931124269962311,0.05827056244015694,0.05574532970786095,-0.025813024413191676,0.1743856100000598,music/low_stream/Fabio Keiner - Capriccio 3.mp3,0,,0,Fabio Keiner,Capriccio 3,archive_low_download,890.0,low_stream,0.0
129.13054166666666,30.0,135.99917763157896,D# minor,1790.9541393698914,822.6068314969103,4045.9672012565306,2250.104239604004,0.07027357355359908,0.04471765654858519,-209.2738037109375,100.81624603271484,99.21785736083984,28.685714721679688,11.711577415466309,21.194604873657227,54.858184814453125,23.353551864624023,29.719635009765625,17.879018783569336,10.277137756347656,10.096832275390625,12.470174789428711,11.194229125976562,18.11696434020996,11.317479133605957,-1.2727092504501343,9.756770133972168,6.826308727264404,8.7674560546875,3.8932292461395264,8.83218765258789,-2.9067158699035645,7.292873382568359,-14.857609748840332,7.303060531616211,0.35729900002479553,0.29846206307411194,0.10013570636510849,0.04238774999976158,0.018588044660665378,0.15110861954009908,music/low_stream/Pierce Boaz - 02Two.mp3,0,,0,Pierce Boaz,02Two,archive_low_download,930.0,low_stream,0.0
107.9990022675737,30.0,112.34714673913044,D major,1386.04426831524,332.18228808024526,2476.3433592238293,1132.8517079231092,0.07002225232198142,0.033785738001425196,-162.19406127929688,78.76158142089844,154.30279541015625,46.9991340637207,-75.88090515136719,15.442408561706543,25.41315460205078,16.581680297851562,-21.451560974121094,13.67615032196045,-20.07105255126953,10.424856185913086,-8.435330390930176,6.764453411102295,-3.5121192932128906,8.739495277404785,-9.85809326171875,8.341165542602539,-13.263956069946289,7.230372905731201,-6.555378437042236,5.5945820808410645,-9.825587272644043,5.831967830657959,-9.121602058410645,6.849993705749512,0.18283627927303314,0.2843915522098541,0.21888281404972076,0.07513312250375748,-0.0552594639191741,0.21439316409549733,"music/low_stream/Копро-Гурман Должен Быть Довольным & Хрюсопохожие Мутанты, Родившиеся В Коробке Из-Под Стиральной Машины & Гомосексуальн - 23.mp3",0,,0,"Копро-Гурман Должен Быть Довольным & Хрюсопохожие Мутанты, Родившиеся В Коробке Из-Под Стиральной Машины & Гомосексуальная Пулемётная Членодолбёжка В Неокрепшие Жопы & Дырявая Вилка Должна Стать Российским Талисманом На Олимпиаде 2020 Года",23,archive_low_download,879.0,low_stream,0.0
184.81333333333333,30.0,151.99908088235293,G# minor,2153.9204177890074,455.7490662988992,4715.996483014464,2495.3099794357936,0.08529729223103716,0.03175108433329206,8.256149291992188,66.20629119873047,100.46096801757812,20.22540283203125,-4.597657203674316,13.783402442932129,21.196094512939453,7.790182590484619,14.263749122619629,7.296684265136719,9.24951171875,5.929672718048096,2.1807610988616943,5.579128265380859,10.974390983581543,4.738495349884033,4.009841442108154,5.0167694091796875,2.0098586082458496,5.559587478637695,-2.8831210136413574,4.432220458984375,3.4264557361602783,4.887486457824707,-5.2890214920043945,4.979611396789551,0.45258453488349915,0.26628369092941284,0.30172181129455566,0.054107412695884705,0.03328684507100689,0.09137885620002172,music/low_stream/Loudspeaker Alliance - Desperation.mp3,0,,0,Loudspeaker Alliance,Desperation,archive_low_download,918.0,low_stream,0.0
88.65208616780045,30.0,92.28515625,F minor,2770.531593490325,1432.3216472232514,5239.009987090025,2365.0553194028635,0.15150739829237617,0.1294223411445059,-239.2873992919922,178.49769592285156,37.51986312866211,51.53458023071289,-4.856174468994141,31.204660415649414,9.865571022033691,26.20602798461914,-4.270503997802734,23.37776756286621,-12.323118209838867,18.31626319885254,-6.545479774475098,14.50843620300293,-2.288015604019165,13.557076454162598,-15.490094184875488,15.579873085021973,-4.05048131942749,10.49524974822998,-8.758367538452148,11.863357543945312,-6.502334117889404,11.725873947143555,-7.387897968292236,9.850736618041992,0.41420066356658936,0.315792053937912,0.12135118991136551,0.11698018014431,0.007803645057373952,0.09083932919998346,music/low_stream/MC iPod - 04 Who Killed Mighty Ducks 4.mp3,0,,0,MC iPod,04 Who Killed Mighty Ducks 4,archive_low_download,798.0,low_stream,0.0
