file_path,label_source,file_exists,file_size_bytes,metadata_duration_seconds,sample_rate_hz,channels,estimated_bitrate_kbps,container_format,codec_subtype,bitrate_kbps,bitrate_mode,mpeg_version,mp3_mode,metadata_error
music/Capital Cities - Safe And Sound.mp3,charted,True,721196,30.0,48000.0,2.0,192.31893333333332,MP3,MPEG_LAYER_III,,variable,MPEG 1.0,joint stereo,
music/Peter And Gordon - Sunday For Tea.mp3,charted,True,721196,30.0,48000.0,2.0,192.31893333333332,MP3,MPEG_LAYER_III,,variable,MPEG 1.0,joint stereo,
"music/Marilyn McCoo & Billy Davis, Jr. - Look What You've Done To My Heart.mp3",charted,True,721196,30.0,48000.0,2.0,192.31893333333332,MP3,MPEG_LAYER_III,,variable,MPEG 1.0,joint stereo,
music/Graham Central Station - It's Alright.mp3,charted,True,721196,30.0,48000.0,2.0,192.31893333333332,MP3,MPEG_LAYER_III,,variable,MPEG 1.0,joint stereo,
music/Sharissa - Any Other Night.mp3,charted,True,721196,30.0,48000.0,2.0,192.31893333333332,MP3,MPEG_LAYER_III,,variable,MPEG 1.0,joint stereo,
music/The Masqueraders - I Ain't Got To Love Nobody Else.mp3,charted,True,721196,30.0,48000.0,2.0,192.31893333333332,MP3,MPEG_LAYER_III,,variable,MPEG 1.0,joint stereo,
music/Johnny Preston - Feel So Fine.mp3,charted,True,721196,30.0,48000.0,2.0,192.31893333333332,MP3,MPEG_LAYER_III,,variable,MPEG 1.0,joint stereo,
music/Kanye West - Jonah.mp3,charted,True,721196,30.0,48000.0,2.0,192.31893333333332,MP3,MPEG_LAYER_III,,variable,MPEG 1.0,joint stereo,
music/Switchfoot - Meant To Live.mp3,charted,True,721196,30.0,48000.0,2.0,192.31893333333332,MP3,MPEG_LAYER_III,,variable,MPEG 1.0,joint stereo,
music/Little Caesar And The Consuls - (My Girl) Sloopy.mp3,charted,True,721196,30.0,48000.0,2.0,192.31893333333332,MP3,MPEG_LAYER_III,,variable,MPEG 1.0,joint stereo,
music/Rod Stewart - Somebody Special.mp3,charted,True,721196,30.0,48000.0,2.0,192.31893333333332,MP3,MPEG_LAYER_III,,variable,MPEG 1.0,joint stereo,
music/707 - I Could Be Good For You.mp3,charted,True,721196,30.0,48000.0,2.0,192.31893333333332,MP3,MPEG_LAYER_III,,variable,MPEG 1.0,joint stereo,
music/Dick Dale and The Del-Tones - Let's Go Trippin'.mp3,charted,True,721196,30.0,48000.0,2.0,192.31893333333332,MP3,MPEG_LAYER_III,,variable,MPEG 1.0,joint stereo,
music/Drake - Keep The Family Close.mp3,charted,True,721196,30.0,48000.0,2.0,192.31893333333332,MP3,MPEG_LAYER_III,,variable,MPEG 1.0,joint stereo,
music/The Rolling Stones - She Was Hot.mp3,charted,True,721196,30.0,48000.0,2.0,192.31893333333332,MP3,MPEG_LAYER_III,,variable,MPEG 1.0,joint stereo,
"music/Ray, Goodman & Brown - Special Lady.mp3",charted,True,721196,30.0,48000.0,2.0,192.31893333333332,MP3,MPEG_LAYER_III,,variable,MPEG 1.0,joint stereo,
music/Elvis Costello & The Atrractions - The Only Flame In Town.mp3,charted,True,721196,30.0,48000.0,2.0,192.31893333333332,MP3,MPEG_LAYER_III,,variable,MPEG 1.0,joint stereo,
music/Jay & The Americans - Crying.mp3,charted,True,721196,30.0,48000.0,2.0,192.31893333333332,MP3,MPEG_LAYER_III,,variable,MPEG 1.0,joint stereo,
music/Glee Cast - Somebody To Love.mp3,charted,True,721196,30.0,48000.0,2.0,192.31893333333332,MP3,MPEG_LAYER_III,,variable,MPEG 1.0,joint stereo,
music/EAGLES - THE LONG RUN.mp3,charted,True,721196,30.0,48000.0,2.0,192.31893333333332,MP3,MPEG_LAYER_III,,variable,MPEG 1.0,joint stereo,
music/Dan + Shay - Take Me Home For Christmas.mp3,charted,True,721196,30.0,48000.0,2.0,192.31893333333332,MP3,MPEG_LAYER_III,,variable,MPEG 1.0,joint stereo,
music/Drake - Headlines.mp3,charted,True,721196,30.0,48000.0,2.0,192.31893333333332,MP3,MPEG_LAYER_III,,variable,MPEG 1.0,joint stereo,
music/The Byrds - Mr. Tambourine Man.mp3,charted,True,721196,30.0,48000.0,2.0,192.31893333333332,MP3,MPEG_LAYER_III,,variable,MPEG 1.0,joint stereo,
music/The Persuaders - Best Thing That Ever Happened To Me.mp3,charted,True,721196,30.0,48000.0,2.0,192.31893333333332,MP3,MPEG_LAYER_III,,variable,MPEG 1.0,joint stereo,
music/Drake - Come Thru.mp3,charted,True,721196,30.0,48000.0,2.0,192.31893333333332,MP3,MPEG_LAYER_III,,variable,MPEG 1.0,joint stereo,
music/Bon Jovi - We Weren't Born To Follow.mp3,charted,True,721196,30.0,48000.0,2.0,192.31893333333332,MP3,MPEG_LAYER_III,,variable,MPEG 1.0,joint stereo,
music/B.B. King - I'm Gonna Do What They Do To Me.mp3,charted,True,721196,30.0,48000.0,2.0,192.31893333333332,MP3,MPEG_LAYER_III,,variable,MPEG 1.0,joint stereo,
music/The Cowsills - The Prophecy Of Daniel and John The Divine (Six-Six-Six).mp3,charted,True,721196,30.0,48000.0,2.0,192.31893333333332,MP3,MPEG_LAYER_III,,variable,MPEG 1.0,joint stereo,
music/Joe Simon - Yours Love.mp3,charted,True,721196,30.0,48000.0,2.0,192.31893333333332,MP3,MPEG_LAYER_III,,variable,MPEG 1.0,joint stereo,
music/Janey Street - Say Hello To Ronnie.mp3,charted,True,721196,30.0,48000.0,2.0,192.31893333333332,MP3,MPEG_LAYER_III,,variable,MPEG 1.0,joint stereo,
music/Chuck Berry - Carol.mp3,charted,True,721196,30.0,48000.0,2.0,192.31893333333332,MP3,MPEG_LAYER_III,,variable,MPEG 1.0,joint stereo,
music/Brenda Lee - As Usual.mp3,charted,True,721196,30.0,48000.0,2.0,192.31893333333332,MP3,MPEG_LAYER_III,,variable,MPEG 1.0,joint stereo,
music/Chaka Khan - What Cha' Gonna Do For Me.mp3,charted,True,721196,30.0,48000.0,2.0,192.31893333333332,MP3,MPEG_LAYER_III,,variable,MPEG 1.0,joint stereo,
music/Grand Funk Railroad - Heartbreaker.mp3,charted,True,721196,30.0,48000.0,2.0,192.31893333333332,MP3,MPEG_LAYER_III,,variable,MPEG 1.0,joint stereo,
music/Steve Wariner - I'm Already Taken.mp3,charted,True,721196,30.0,48000.0,2.0,192.31893333333332,MP3,MPEG_LAYER_III,,variable,MPEG 1.0,joint stereo,
music/The Moody Blues - Your Wildest Dreams.mp3,charted,True,721196,30.0,48000.0,2.0,192.31893333333332,MP3,MPEG_LAYER_III,,variable,MPEG 1.0,joint stereo,
music/Surface - Closer Than Friends.mp3,charted,True,721196,30.0,48000.0,2.0,192.31893333333332,MP3,MPEG_LAYER_III,,variable,MPEG 1.0,joint stereo,
music/Le Click Featuring Kayo - Don't Go.mp3,charted,True,721196,30.0,48000.0,2.0,192.31893333333332,MP3,MPEG_LAYER_III,,variable,MPEG 1.0,joint stereo,
music/Diana Ross - Pieces Of Ice.mp3,charted,True,721196,30.0,48000.0,2.0,192.31893333333332,MP3,MPEG_LAYER_III,,variable,MPEG 1.0,joint stereo,
music/Naked Eyes - (what) In The Name Of Love.mp3,charted,True,721196,30.0,48000.0,2.0,192.31893333333332,MP3,MPEG_LAYER_III,,variable,MPEG 1.0,joint stereo,
music/Underground Sunshine - Birthday.mp3,charted,True,721196,30.0,48000.0,2.0,192.31893333333332,MP3,MPEG_LAYER_III,,variable,MPEG 1.0,joint stereo,
music/Jason Aldean - Burnin' It Down.mp3,charted,True,721196,30.0,48000.0,2.0,192.31893333333332,MP3,MPEG_LAYER_III,,variable,MPEG 1.0,joint stereo,
"music/Percy Sledge - Baby, Help Me.mp3",charted,True,721196,30.0,48000.0,2.0,192.31893333333332,MP3,MPEG_LAYER_III,,variable,MPEG 1.0,joint stereo,
music/Pebbles - Girlfriend.mp3,charted,True,721196,30.0,48000.0,2.0,192.31893333333332,MP3,MPEG_LAYER_III,,variable,MPEG 1.0,joint stereo,
music/Fleetwood Mac - Over My Head.mp3,charted,True,721196,30.0,48000.0,2.0,192.31893333333332,MP3,MPEG_LAYER_III,,variable,MPEG 1.0,joint stereo,
music/Five Stairsteps & Cubie - A Million To One.mp3,charted,True,721196,30.0,48000.0,2.0,192.31893333333332,MP3,MPEG_LAYER_III,,variable,MPEG 1.0,joint stereo,
music/Roy Orbison - You Got It.mp3,charted,True,721196,30.0,48000.0,2.0,192.31893333333332,MP3,MPEG_LAYER_III,,variable,MPEG 1.0,joint stereo,
music/LoveRance Featuring IamSu & Skipper or 50 Cent - UP!.mp3,charted,True,721196,30.0,48000.0,2.0,192.31893333333332,MP3,MPEG_LAYER_III,,variable,MPEG 1.0,joint stereo,
music/Billy Joel - This Is The Time.mp3,charted,True,721196,30.0,48000.0,2.0,192.31893333333332,MP3,MPEG_LAYER_III,,variable,MPEG 1.0,joint stereo,
music/Three Dog Night - Til The World Ends.mp3,charted,True,721196,30.0,48000.0,2.0,192.31893333333332,MP3,MPEG_LAYER_III,,variable,MPEG 1.0,joint stereo,
music/Eminem - Superman.mp3,charted,True,721196,30.0,48000.0,2.0,192.31893333333332,MP3,MPEG_LAYER_III,,variable,MPEG 1.0,joint stereo,
music/98 Degrees - My Everything.mp3,charted,True,721196,30.0,48000.0,2.0,192.31893333333332,MP3,MPEG_LAYER_III,,variable,MPEG 1.0,joint stereo,
"music/Paul Stanley - Hold Me, Touch Me.mp3",charted,True,721196,30.0,48000.0,2.0,192.31893333333332,MP3,MPEG_LAYER_III,,variable,MPEG 1.0,joint stereo,
music/Passion Pit - Take A Walk.mp3,charted,True,721196,30.0,48000.0,2.0,192.31893333333332,MP3,MPEG_LAYER_III,,variable,MPEG 1.0,joint stereo,
music/Eddie Money - Endless Nights.mp3,charted,True,721196,30.0,48000.0,2.0,192.31893333333332,MP3,MPEG_LAYER_III,,variable,MPEG 1.0,joint stereo,
music/The 5th Dimension - One Less Bell To Answer.mp3,charted,True,721196,30.0,48000.0,2.0,192.31893333333332,MP3,MPEG_LAYER_III,,variable,MPEG 1.0,joint stereo,
music/The Guess Who - Hand Me Down World.mp3,charted,True,721196,30.0,48000.0,2.0,192.31893333333332,MP3,MPEG_LAYER_III,,variable,MPEG 1.0,joint stereo,
music/Yarbrough & Peoples - I Wouldn't Lie.mp3,charted,True,721196,30.0,48000.0,2.0,192.31893333333332,MP3,MPEG_LAYER_III,,variable,MPEG 1.0,joint stereo,
music/James Darren - Hail To The Conquering Hero.mp3,charted,True,721196,30.0,48000.0,2.0,192.31893333333332,MP3,MPEG_LAYER_III,,variable,MPEG 1.0,joint stereo,
music/Joe Cocker and The Chris Stainton Band - Woman To Woman.mp3,charted,True,721196,30.0,48000.0,2.0,192.31893333333332,MP3,MPEG_LAYER_III,,variable,MPEG 1.0,joint stereo,
music/Shalamar - Amnesia.mp3,charted,True,721196,30.0,48000.0,2.0,192.31893333333332,MP3,MPEG_LAYER_III,,variable,MPEG 1.0,joint stereo,
music/Orgy - Blue Monday.mp3,charted,True,721196,30.0,48000.0,2.0,192.31893333333332,MP3,MPEG_LAYER_III,,variable,MPEG 1.0,joint stereo,
"music/Stevie Wonder - Signed, Sealed, Delivered I'm Yours.mp3",charted,True,721196,30.0,48000.0,2.0,192.31893333333332,MP3,MPEG_LAYER_III,,variable,MPEG 1.0,joint stereo,
music/Pretenders - Brass In Pocket (I'm Special).mp3,charted,True,721196,30.0,48000.0,2.0,192.31893333333332,MP3,MPEG_LAYER_III,,variable,MPEG 1.0,joint stereo,
music/Mel And Tim - Good Guys Only Win In The Movies.mp3,charted,True,721196,30.0,48000.0,2.0,192.31893333333332,MP3,MPEG_LAYER_III,,variable,MPEG 1.0,joint stereo,
music/Kenny Loggins - I'm Gonna Miss You.mp3,charted,True,721196,30.0,48000.0,2.0,192.31893333333332,MP3,MPEG_LAYER_III,,variable,MPEG 1.0,joint stereo,
music/Neil Sedaka - Sweet Little You.mp3,charted,True,721196,30.0,48000.0,2.0,192.31893333333332,MP3,MPEG_LAYER_III,,variable,MPEG 1.0,joint stereo,
music/Shawn Mendes - A Little Too Much.mp3,charted,True,721196,30.0,48000.0,2.0,192.31893333333332,MP3,MPEG_LAYER_III,,variable,MPEG 1.0,joint stereo,
music/Jerry Jeff Walker - L.a. Freeway.mp3,charted,True,721196,30.0,48000.0,2.0,192.31893333333332,MP3,MPEG_LAYER_III,,variable,MPEG 1.0,joint stereo,
music/The Unknowns - Melody For An Unknown Girl.mp3,charted,True,721196,30.0,48000.0,2.0,192.31893333333332,MP3,MPEG_LAYER_III,,variable,MPEG 1.0,joint stereo,
music/Perry Como - (There's No Place Like) Home For The Holidays.mp3,charted,True,721196,30.0,48000.0,2.0,192.31893333333332,MP3,MPEG_LAYER_III,,variable,MPEG 1.0,joint stereo,
music/Josh Kelley - Amazing.mp3,charted,True,721196,30.0,48000.0,2.0,192.31893333333332,MP3,MPEG_LAYER_III,,variable,MPEG 1.0,joint stereo,
music/Linkin Park X Steve Aoki - A Light That Never Comes.mp3,charted,True,721196,30.0,48000.0,2.0,192.31893333333332,MP3,MPEG_LAYER_III,,variable,MPEG 1.0,joint stereo,
music/Linkin Park - Faint.mp3,charted,True,721196,30.0,48000.0,2.0,192.31893333333332,MP3,MPEG_LAYER_III,,variable,MPEG 1.0,joint stereo,
music/Bobby Rydell - The Door To Paradise.mp3,charted,True,721196,30.0,48000.0,2.0,192.31893333333332,MP3,MPEG_LAYER_III,,variable,MPEG 1.0,joint stereo,
music/Don Gibson - Just One Time.mp3,charted,True,721196,30.0,48000.0,2.0,192.31893333333332,MP3,MPEG_LAYER_III,,variable,MPEG 1.0,joint stereo,
music/Phil Collins - You'll Be In My Heart.mp3,charted,True,721196,30.0,48000.0,2.0,192.31893333333332,MP3,MPEG_LAYER_III,,variable,MPEG 1.0,joint stereo,
music/Creedence Clearwater Revival - Proud Mary.mp3,charted,True,721196,30.0,48000.0,2.0,192.31893333333332,MP3,MPEG_LAYER_III,,variable,MPEG 1.0,joint stereo,
music/OTIS REDDING - MY LOVER'S PRAYER.mp3,charted,True,721196,30.0,48000.0,2.0,192.31893333333332,MP3,MPEG_LAYER_III,,variable,MPEG 1.0,joint stereo,
music/Major Harris - Love Won't Let Me Wait.mp3,charted,True,721196,30.0,48000.0,2.0,192.31893333333332,MP3,MPEG_LAYER_III,,variable,MPEG 1.0,joint stereo,
music/Lionel Richie - Dancing On The Ceiling.mp3,charted,True,721196,30.0,48000.0,2.0,192.31893333333332,MP3,MPEG_LAYER_III,,variable,MPEG 1.0,joint stereo,
music/The Doobie Brothers - Minute By Minute.mp3,charted,True,721196,30.0,48000.0,2.0,192.31893333333332,MP3,MPEG_LAYER_III,,variable,MPEG 1.0,joint stereo,
music/Mark Chesnutt - I Don't Want To Miss A Thing.mp3,charted,True,721196,30.0,48000.0,2.0,192.31893333333332,MP3,MPEG_LAYER_III,,variable,MPEG 1.0,joint stereo,
music/Hank Ballard And The Midnighters - The Twist.mp3,charted,True,721196,30.0,48000.0,2.0,192.31893333333332,MP3,MPEG_LAYER_III,,variable,MPEG 1.0,joint stereo,
music/Chris Brown - Don't Wake Me Up.mp3,charted,True,721196,30.0,48000.0,2.0,192.31893333333332,MP3,MPEG_LAYER_III,,variable,MPEG 1.0,joint stereo,
music/The Duprees - Around The Corner.mp3,charted,True,721196,30.0,48000.0,2.0,192.31893333333332,MP3,MPEG_LAYER_III,,variable,MPEG 1.0,joint stereo,
music/Craig Morgan - Little Bit Of Life.mp3,charted,True,721196,30.0,48000.0,2.0,192.31893333333332,MP3,MPEG_LAYER_III,,variable,MPEG 1.0,joint stereo,
music/Gwen Guthrie - Ain't Nothin' Goin' On But The Rent.mp3,charted,True,721196,30.0,48000.0,2.0,192.31893333333332,MP3,MPEG_LAYER_III,,variable,MPEG 1.0,joint stereo,
music/Paper Lace - Billy - Don't Be A Hero.mp3,charted,True,721196,30.0,48000.0,2.0,192.31893333333332,MP3,MPEG_LAYER_III,,variable,MPEG 1.0,joint stereo,
music/The Chi-lites - A Letter To Myself.mp3,charted,True,721196,30.0,48000.0,2.0,192.31893333333332,MP3,MPEG_LAYER_III,,variable,MPEG 1.0,joint stereo,
music/The Miracles - Going To A Go-Go.mp3,charted,True,721196,30.0,48000.0,2.0,192.31893333333332,MP3,MPEG_LAYER_III,,variable,MPEG 1.0,joint stereo,
music/The Temptations - The Way You Do The Things You Do.mp3,charted,True,721196,30.0,48000.0,2.0,192.31893333333332,MP3,MPEG_LAYER_III,,variable,MPEG 1.0,joint stereo,
music/The Outfield - For You.mp3,charted,True,721196,30.0,48000.0,2.0,192.31893333333332,MP3,MPEG_LAYER_III,,variable,MPEG 1.0,joint stereo,
music/Elvin Bishop Featuring Mickey Thomas - Spend Some Time.mp3,charted,True,721196,30.0,48000.0,2.0,192.31893333333332,MP3,MPEG_LAYER_III,,variable,MPEG 1.0,joint stereo,
music/Gerald Levert - I'd Give Anything.mp3,charted,True,721196,30.0,48000.0,2.0,192.31893333333332,MP3,MPEG_LAYER_III,,variable,MPEG 1.0,joint stereo,
music/Nicki Minaj Featuring Drake & Lil Wayne - Truffle Butter.mp3,charted,True,721196,30.0,48000.0,2.0,192.31893333333332,MP3,MPEG_LAYER_III,,variable,MPEG 1.0,joint stereo,
music/Misiing Persons - Give.mp3,charted,True,721196,30.0,48000.0,2.0,192.31893333333332,MP3,MPEG_LAYER_III,,variable,MPEG 1.0,joint stereo,
music/Ricky Nelson - Mighty Good.mp3,charted,True,721196,30.0,48000.0,2.0,192.31893333333332,MP3,MPEG_LAYER_III,,variable,MPEG 1.0,joint stereo,
music/Morris Day - Fishnet.mp3,charted,True,721196,30.0,48000.0,2.0,192.31893333333332,MP3,MPEG_LAYER_III,,variable,MPEG 1.0,joint stereo,
music/Red Hot Chili Peppers - The Zephyr Song.mp3,charted,True,721196,30.0,48000.0,2.0,192.31893333333332,MP3,MPEG_LAYER_III,,variable,MPEG 1.0,joint stereo,
music/Dionne Warwicke - If We Only Have Love.mp3,charted,True,721196,30.0,48000.0,2.0,192.31893333333332,MP3,MPEG_LAYER_III,,variable,MPEG 1.0,joint stereo,
music/HARDY Featuring Lauren Alaina & Devin Dawson - One Beer.mp3,charted,True,721196,30.0,48000.0,2.0,192.31893333333332,MP3,MPEG_LAYER_III,,variable,MPEG 1.0,joint stereo,
music/Real Life - Send Me An Angel.mp3,charted,True,721196,30.0,48000.0,2.0,192.31893333333332,MP3,MPEG_LAYER_III,,variable,MPEG 1.0,joint stereo,
music/Beyonce - XO.mp3,charted,True,721196,30.0,48000.0,2.0,192.31893333333332,MP3,MPEG_LAYER_III,,variable,MPEG 1.0,joint stereo,
music/Londonbeat - I've Been Thinking About You.mp3,charted,True,721196,30.0,48000.0,2.0,192.31893333333332,MP3,MPEG_LAYER_III,,variable,MPEG 1.0,joint stereo,
music/Tony Joe White - I Get Off On It.mp3,charted,True,721196,30.0,48000.0,2.0,192.31893333333332,MP3,MPEG_LAYER_III,,variable,MPEG 1.0,joint stereo,
music/Little Caesar - Chain Of Fools.mp3,charted,True,721196,30.0,48000.0,2.0,192.31893333333332,MP3,MPEG_LAYER_III,,variable,MPEG 1.0,joint stereo,
music/Billy Squier - Don't Say You Love Me.mp3,charted,True,721196,30.0,48000.0,2.0,192.31893333333332,MP3,MPEG_LAYER_III,,variable,MPEG 1.0,joint stereo,
music/Ludacris Featuring Miguel - Good Lovin.mp3,charted,True,721196,30.0,48000.0,2.0,192.31893333333332,MP3,MPEG_LAYER_III,,variable,MPEG 1.0,joint stereo,
music/Dido - Thank You.mp3,charted,True,721196,30.0,48000.0,2.0,192.31893333333332,MP3,MPEG_LAYER_III,,variable,MPEG 1.0,joint stereo,
"music/Kenny Rogers & The First Edition - Ruby, Don't Take Your Love To Town.mp3",charted,True,721196,30.0,48000.0,2.0,192.31893333333332,MP3,MPEG_LAYER_III,,variable,MPEG 1.0,joint stereo,
music/Tracy Chapman - Talkin' Bout A Revolution.mp3,charted,True,721196,30.0,48000.0,2.0,192.31893333333332,MP3,MPEG_LAYER_III,,variable,MPEG 1.0,joint stereo,
music/Wiz Khalifa - We Dem Boyz.mp3,charted,True,721196,30.0,48000.0,2.0,192.31893333333332,MP3,MPEG_LAYER_III,,variable,MPEG 1.0,joint stereo,
music/Bardeux - Magic Carpet Ride.mp3,charted,True,721196,30.0,48000.0,2.0,192.31893333333332,MP3,MPEG_LAYER_III,,variable,MPEG 1.0,joint stereo,
music/Lynyrd Skynyrd - Double Trouble.mp3,charted,True,721196,30.0,48000.0,2.0,192.31893333333332,MP3,MPEG_LAYER_III,,variable,MPEG 1.0,joint stereo,
music/Lulu And The Luvers - Shout.mp3,charted,True,721196,30.0,48000.0,2.0,192.31893333333332,MP3,MPEG_LAYER_III,,variable,MPEG 1.0,joint stereo,
music/Al Martino - Think I'll Go Somewhere And Cry Myself To Sleep.mp3,charted,True,721196,30.0,48000.0,2.0,192.31893333333332,MP3,MPEG_LAYER_III,,variable,MPEG 1.0,joint stereo,
music/Ol' Dirty Bastard - Shimmy Shimmy Ya.mp3,charted,True,721196,30.0,48000.0,2.0,192.31893333333332,MP3,MPEG_LAYER_III,,variable,MPEG 1.0,joint stereo,
music/Taylor Swift - Fifteen.mp3,charted,True,721196,30.0,48000.0,2.0,192.31893333333332,MP3,MPEG_LAYER_III,,variable,MPEG 1.0,joint stereo,
music/America - You Can Do Magic.mp3,charted,True,721196,30.0,48000.0,2.0,192.31893333333332,MP3,MPEG_LAYER_III,,variable,MPEG 1.0,joint stereo,
music/Shelby Flint - Angel On My Shoulder.mp3,charted,True,721196,30.0,48000.0,2.0,192.31893333333332,MP3,MPEG_LAYER_III,,variable,MPEG 1.0,joint stereo,
music/Big Sean Featuring Kanye West & John Legend - One Man Can Change The World.mp3,charted,True,721196,30.0,48000.0,2.0,192.31893333333332,MP3,MPEG_LAYER_III,,variable,MPEG 1.0,joint stereo,
music/The Bobbettes - I Shot Mr. Lee.mp3,charted,True,721196,30.0,48000.0,2.0,192.31893333333332,MP3,MPEG_LAYER_III,,variable,MPEG 1.0,joint stereo,
music/Ben E. King - Here Comes The Night.mp3,charted,True,721196,30.0,48000.0,2.0,192.31893333333332,MP3,MPEG_LAYER_III,,variable,MPEG 1.0,joint stereo,
music/Dion - Ruby Baby.mp3,charted,True,721196,30.0,48000.0,2.0,192.31893333333332,MP3,MPEG_LAYER_III,,variable,MPEG 1.0,joint stereo,
music/John Travolta - All Strung Out On You.mp3,charted,True,721196,30.0,48000.0,2.0,192.31893333333332,MP3,MPEG_LAYER_III,,variable,MPEG 1.0,joint stereo,
music/Tyrone Davis - I Had It All The Time.mp3,charted,True,721196,30.0,48000.0,2.0,192.31893333333332,MP3,MPEG_LAYER_III,,variable,MPEG 1.0,joint stereo,
music/The James Gang - Walk Away.mp3,charted,True,721196,30.0,48000.0,2.0,192.31893333333332,MP3,MPEG_LAYER_III,,variable,MPEG 1.0,joint stereo,
music/Belouis Some - Some People.mp3,charted,True,721196,30.0,48000.0,2.0,192.31893333333332,MP3,MPEG_LAYER_III,,variable,MPEG 1.0,joint stereo,
music/Wilson Pickett - Mr. Magic Man.mp3,charted,True,721196,30.0,48000.0,2.0,192.31893333333332,MP3,MPEG_LAYER_III,,variable,MPEG 1.0,joint stereo,
music/Matt Stell - Everywhere But On.mp3,charted,True,721196,30.0,48000.0,2.0,192.31893333333332,MP3,MPEG_LAYER_III,,variable,MPEG 1.0,joint stereo,
music/Mary Hopkin - Temma Harbour.mp3,charted,True,721196,30.0,48000.0,2.0,192.31893333333332,MP3,MPEG_LAYER_III,,variable,MPEG 1.0,joint stereo,
music/Sheila E. - Hold Me.mp3,charted,True,721196,30.0,48000.0,2.0,192.31893333333332,MP3,MPEG_LAYER_III,,variable,MPEG 1.0,joint stereo,
music/Mac Miller - I Can See.mp3,charted,True,721196,30.0,48000.0,2.0,192.31893333333332,MP3,MPEG_LAYER_III,,variable,MPEG 1.0,joint stereo,
music/Irma Thomas - Wish Someone Would Care.mp3,charted,True,721196,30.0,48000.0,2.0,192.31893333333332,MP3,MPEG_LAYER_III,,variable,MPEG 1.0,joint stereo,
music/Frank Zappa - Valley Girl.mp3,charted,True,721196,30.0,48000.0,2.0,192.31893333333332,MP3,MPEG_LAYER_III,,variable,MPEG 1.0,joint stereo,
music/The Bell Notes - Shortnin' Bread.mp3,charted,True,721196,30.0,48000.0,2.0,192.31893333333332,MP3,MPEG_LAYER_III,,variable,MPEG 1.0,joint stereo,
music/Cee Farrow - Should I Love You.mp3,charted,True,721196,30.0,48000.0,2.0,192.31893333333332,MP3,MPEG_LAYER_III,,variable,MPEG 1.0,joint stereo,
music/Glee Cast - Kiss.mp3,charted,True,721196,30.0,48000.0,2.0,192.31893333333332,MP3,MPEG_LAYER_III,,variable,MPEG 1.0,joint stereo,
music/Mag 7 - The Street Mix.mp3,charted,True,721196,30.0,48000.0,2.0,192.31893333333332,MP3,MPEG_LAYER_III,,variable,MPEG 1.0,joint stereo,
"music/The Beatles - Ob-la-di, Ob-la-da.mp3",charted,True,721196,30.0,48000.0,2.0,192.31893333333332,MP3,MPEG_LAYER_III,,variable,MPEG 1.0,joint stereo,
music/Justin Bieber Featuring Burna Boy - Loved By You.mp3,charted,True,721196,30.0,48000.0,2.0,192.31893333333332,MP3,MPEG_LAYER_III,,variable,MPEG 1.0,joint stereo,
music/Tyrese - I Like Them Girls.mp3,charted,True,721196,30.0,48000.0,2.0,192.31893333333332,MP3,MPEG_LAYER_III,,variable,MPEG 1.0,joint stereo,
music/Doris Day - Love Me In The Daytime.mp3,charted,True,721196,30.0,48000.0,2.0,192.31893333333332,MP3,MPEG_LAYER_III,,variable,MPEG 1.0,joint stereo,
music/Device - Hanging On A Heart Attack.mp3,charted,True,721196,30.0,48000.0,2.0,192.31893333333332,MP3,MPEG_LAYER_III,,variable,MPEG 1.0,joint stereo,
music/The Who - Squeeze Box.mp3,charted,True,721196,30.0,48000.0,2.0,192.31893333333332,MP3,MPEG_LAYER_III,,variable,MPEG 1.0,joint stereo,
music/Hikaru Utada & Skrillex - Face My Fears.mp3,charted,True,721196,30.0,48000.0,2.0,192.31893333333332,MP3,MPEG_LAYER_III,,variable,MPEG 1.0,joint stereo,
music/Yankee Grey - All Things Considered.mp3,charted,True,721196,30.0,48000.0,2.0,192.31893333333332,MP3,MPEG_LAYER_III,,variable,MPEG 1.0,joint stereo,
music/Lifehouse - Hanging By A Moment.mp3,charted,True,721196,30.0,48000.0,2.0,192.31893333333332,MP3,MPEG_LAYER_III,,variable,MPEG 1.0,joint stereo,
music/Billy Squier - Eye On You.mp3,charted,True,721196,30.0,48000.0,2.0,192.31893333333332,MP3,MPEG_LAYER_III,,variable,MPEG 1.0,joint stereo,
music/Justin Bieber Featuring Dominic Fike - Die For You.mp3,charted,True,721196,30.0,48000.0,2.0,192.31893333333332,MP3,MPEG_LAYER_III,,variable,MPEG 1.0,joint stereo,
music/Elvis Presley With The Jordanaires - Crying In The Chapel.mp3,charted,True,721196,30.0,48000.0,2.0,192.31893333333332,MP3,MPEG_LAYER_III,,variable,MPEG 1.0,joint stereo,
music/Elvis Presley With The Jordanaires - You Don't Know Me.mp3,charted,True,721196,30.0,48000.0,2.0,192.31893333333332,MP3,MPEG_LAYER_III,,variable,MPEG 1.0,joint stereo,
music/Dierks Bentley - Say You Do.mp3,charted,True,721196,30.0,48000.0,2.0,192.31893333333332,MP3,MPEG_LAYER_III,,variable,MPEG 1.0,joint stereo,
music/The Mills Brothers - The Ol' Race Track.mp3,charted,True,721196,30.0,48000.0,2.0,192.31893333333332,MP3,MPEG_LAYER_III,,variable,MPEG 1.0,joint stereo,
music/Lil Uzi Vert - Dark Queen.mp3,charted,True,721196,30.0,48000.0,2.0,192.31893333333332,MP3,MPEG_LAYER_III,,variable,MPEG 1.0,joint stereo,
music/Four Tops - Ain't That Love.mp3,charted,True,721196,30.0,48000.0,2.0,192.31893333333332,MP3,MPEG_LAYER_III,,variable,MPEG 1.0,joint stereo,
music/Andy Williams - The Wonderful World Of The Young.mp3,charted,True,721196,30.0,48000.0,2.0,192.31893333333332,MP3,MPEG_LAYER_III,,variable,MPEG 1.0,joint stereo,
music/Scott McKenzie - Like An Old Time Movie.mp3,charted,True,721196,30.0,48000.0,2.0,192.31893333333332,MP3,MPEG_LAYER_III,,variable,MPEG 1.0,joint stereo,
music/Keith Sweat (Duet With Jacci McGhee) - Make It Last Forever.mp3,charted,True,721196,30.0,48000.0,2.0,192.31893333333332,MP3,MPEG_LAYER_III,,variable,MPEG 1.0,joint stereo,
music/Meek Mill Featuring Cardi B - On Me.mp3,charted,True,721196,30.0,48000.0,2.0,192.31893333333332,MP3,MPEG_LAYER_III,,variable,MPEG 1.0,joint stereo,
music/Jackie Wilson - Am I The Man.mp3,charted,True,721196,30.0,48000.0,2.0,192.31893333333332,MP3,MPEG_LAYER_III,,variable,MPEG 1.0,joint stereo,
music/Genesis - That's All.mp3,charted,True,721196,30.0,48000.0,2.0,192.31893333333332,MP3,MPEG_LAYER_III,,variable,MPEG 1.0,joint stereo,
music/P!nk - There You Go.mp3,charted,True,721196,30.0,48000.0,2.0,192.31893333333332,MP3,MPEG_LAYER_III,,variable,MPEG 1.0,joint stereo,
music/One Direction - Steal My Girl.mp3,charted,True,721196,30.0,48000.0,2.0,192.31893333333332,MP3,MPEG_LAYER_III,,variable,MPEG 1.0,joint stereo,
music/David Archuleta - Crush.mp3,charted,True,721196,30.0,48000.0,2.0,192.31893333333332,MP3,MPEG_LAYER_III,,variable,MPEG 1.0,joint stereo,
music/Emitt Rhodes - Fresh As A Daisy.mp3,charted,True,721196,30.0,48000.0,2.0,192.31893333333332,MP3,MPEG_LAYER_III,,variable,MPEG 1.0,joint stereo,
music/Sarah McLachlan - Adia.mp3,charted,True,721196,30.0,48000.0,2.0,192.31893333333332,MP3,MPEG_LAYER_III,,variable,MPEG 1.0,joint stereo,
music/Alan Jackson - That'd Be Alright.mp3,charted,True,721196,30.0,48000.0,2.0,192.31893333333332,MP3,MPEG_LAYER_III,,variable,MPEG 1.0,joint stereo,
music/The Watts 103rd Street Rhythm Band - Till You Get Enough.mp3,charted,True,721196,30.0,48000.0,2.0,192.31893333333332,MP3,MPEG_LAYER_III,,variable,MPEG 1.0,joint stereo,
music/Midge Ure - Dear God.mp3,charted,True,721196,30.0,48000.0,2.0,192.31893333333332,MP3,MPEG_LAYER_III,,variable,MPEG 1.0,joint stereo,
music/The Rationals - Respect.mp3,charted,True,721196,30.0,48000.0,2.0,192.31893333333332,MP3,MPEG_LAYER_III,,variable,MPEG 1.0,joint stereo,
music/Natural Four - Love That Really Counts.mp3,charted,True,721196,30.0,48000.0,2.0,192.31893333333332,MP3,MPEG_LAYER_III,,variable,MPEG 1.0,joint stereo,
music/Faith Hill - Sunshine And Summertime.mp3,charted,True,721196,30.0,48000.0,2.0,192.31893333333332,MP3,MPEG_LAYER_III,,variable,MPEG 1.0,joint stereo,
music/Dee Jay And The Runaways - Peter Rabbit.mp3,charted,True,721196,30.0,48000.0,2.0,192.31893333333332,MP3,MPEG_LAYER_III,,variable,MPEG 1.0,joint stereo,
music/The 8th Day - If I Could See The Light.mp3,charted,True,721196,30.0,48000.0,2.0,192.31893333333332,MP3,MPEG_LAYER_III,,variable,MPEG 1.0,joint stereo,
music/Stevie Wonder - Heaven Help Us All.mp3,charted,True,721196,30.0,48000.0,2.0,192.31893333333332,MP3,MPEG_LAYER_III,,variable,MPEG 1.0,joint stereo,
music/Remy Shand - Take A Message.mp3,charted,True,721196,30.0,48000.0,2.0,192.31893333333332,MP3,MPEG_LAYER_III,,variable,MPEG 1.0,joint stereo,
music/Drake - Right Hand.mp3,charted,True,721196,30.0,48000.0,2.0,192.31893333333332,MP3,MPEG_LAYER_III,,variable,MPEG 1.0,joint stereo,
music/Chuckii Booker - Turned Away.mp3,charted,True,721196,30.0,48000.0,2.0,192.31893333333332,MP3,MPEG_LAYER_III,,variable,MPEG 1.0,joint stereo,
music/Dorsey Burnette - (There Was A) Tall Oak Tree.mp3,charted,True,721196,30.0,48000.0,2.0,192.31893333333332,MP3,MPEG_LAYER_III,,variable,MPEG 1.0,joint stereo,
music/Jim Croce - I Got A Name.mp3,charted,True,721196,30.0,48000.0,2.0,192.31893333333332,MP3,MPEG_LAYER_III,,variable,MPEG 1.0,joint stereo,
music/Lil Yachty Featuring Ugly God - Boom!.mp3,charted,True,721196,30.0,48000.0,2.0,192.31893333333332,MP3,MPEG_LAYER_III,,variable,MPEG 1.0,joint stereo,
music/Stevie Wonder - Superwoman (Where Were You When I Needed You).mp3,charted,True,721196,30.0,48000.0,2.0,192.31893333333332,MP3,MPEG_LAYER_III,,variable,MPEG 1.0,joint stereo,
music/Tone-Loc - Funky Cold Medina.mp3,charted,True,721196,30.0,48000.0,2.0,192.31893333333332,MP3,MPEG_LAYER_III,,variable,MPEG 1.0,joint stereo,
music/Maren Morris Featuring Vince Gill - Dear Hate.mp3,charted,True,721196,30.0,48000.0,2.0,192.31893333333332,MP3,MPEG_LAYER_III,,variable,MPEG 1.0,joint stereo,
music/Charlie Rich - There Won't Be Anymore.mp3,charted,True,721196,30.0,48000.0,2.0,192.31893333333332,MP3,MPEG_LAYER_III,,variable,MPEG 1.0,joint stereo,
music/Poco - Heart Of The Night.mp3,charted,True,721196,30.0,48000.0,2.0,192.31893333333332,MP3,MPEG_LAYER_III,,variable,MPEG 1.0,joint stereo,
music/Dixie Chicks - I Can Love You Better.mp3,charted,True,721196,30.0,48000.0,2.0,192.31893333333332,MP3,MPEG_LAYER_III,,variable,MPEG 1.0,joint stereo,
music/Selena Gomez & The Scene - Falling Down.mp3,charted,True,721196,30.0,48000.0,2.0,192.31893333333332,MP3,MPEG_LAYER_III,,variable,MPEG 1.0,joint stereo,
music/Eddie Cochran - C'mon Everybody.mp3,charted,True,721196,30.0,48000.0,2.0,192.31893333333332,MP3,MPEG_LAYER_III,,variable,MPEG 1.0,joint stereo,
music/B.E. Taylor Group - Karen.mp3,charted,True,721196,30.0,48000.0,2.0,192.31893333333332,MP3,MPEG_LAYER_III,,variable,MPEG 1.0,joint stereo,
music/Luke Featuring The 2 Live Crew - Banned In The U.S.A..mp3,charted,True,721196,30.0,48000.0,2.0,192.31893333333332,MP3,MPEG_LAYER_III,,variable,MPEG 1.0,joint stereo,
music/Etta James - Security.mp3,charted,True,721196,30.0,48000.0,2.0,192.31893333333332,MP3,MPEG_LAYER_III,,variable,MPEG 1.0,joint stereo,
music/Stan Kenton - Mama Sang A Song.mp3,charted,True,721196,30.0,48000.0,2.0,192.31893333333332,MP3,MPEG_LAYER_III,,variable,MPEG 1.0,joint stereo,
"music/The Impalas - Oh, What A Fool.mp3",charted,True,721196,30.0,48000.0,2.0,192.31893333333332,MP3,MPEG_LAYER_III,,variable,MPEG 1.0,joint stereo,
music/Wayne Newton And The Newton Brothers - Danke Schoen.mp3,charted,True,721196,30.0,48000.0,2.0,192.31893333333332,MP3,MPEG_LAYER_III,,variable,MPEG 1.0,joint stereo,
music/Fats Domino - Fell In Love On Monday.mp3,charted,True,721196,30.0,48000.0,2.0,192.31893333333332,MP3,MPEG_LAYER_III,,variable,MPEG 1.0,joint stereo,
music/Cutting Crew - One For The Mockingbird.mp3,charted,True,721196,30.0,48000.0,2.0,192.31893333333332,MP3,MPEG_LAYER_III,,variable,MPEG 1.0,joint stereo,
music/Jennifer Lopez - Get Right.mp3,charted,True,721196,30.0,48000.0,2.0,192.31893333333332,MP3,MPEG_LAYER_III,,variable,MPEG 1.0,joint stereo,
music/R. Kelly & Jay-Z - Big Chips.mp3,charted,True,721196,30.0,48000.0,2.0,192.31893333333332,MP3,MPEG_LAYER_III,,variable,MPEG 1.0,joint stereo,
music/Charles Wolcott - Ruby Duby Du From Key Witness.mp3,charted,True,721196,30.0,48000.0,2.0,192.31893333333332,MP3,MPEG_LAYER_III,,variable,MPEG 1.0,joint stereo,
music/Jon Pardi - Dirt On My Boots.mp3,charted,True,721196,30.0,48000.0,2.0,192.31893333333332,MP3,MPEG_LAYER_III,,variable,MPEG 1.0,joint stereo,
music/Bruno Mars - Just The Way You Are.mp3,charted,True,721196,30.0,48000.0,2.0,192.31893333333332,MP3,MPEG_LAYER_III,,variable,MPEG 1.0,joint stereo,
music/DeJohn Sisters - Straighten Up & Fly Right.mp3,charted,True,2022,0.0010657596371882086,44100.0,2.0,15177.906382978725,MP3,MPEG_LAYER_III,,variable,MPEG 1.0,joint stereo,
music/Hugh Masekela - Riot.mp3,charted,True,721196,30.0,48000.0,2.0,192.31893333333332,MP3,MPEG_LAYER_III,,variable,MPEG 1.0,joint stereo,
music/Galantis - No Money.mp3,charted,True,721196,30.0,48000.0,2.0,192.31893333333332,MP3,MPEG_LAYER_III,,variable,MPEG 1.0,joint stereo,
music/Esther Phillips - And I Love Him.mp3,charted,True,721196,30.0,48000.0,2.0,192.31893333333332,MP3,MPEG_LAYER_III,,variable,MPEG 1.0,joint stereo,
music/Taylor Swift - Superstar.mp3,charted,True,721196,30.0,48000.0,2.0,192.31893333333332,MP3,MPEG_LAYER_III,,variable,MPEG 1.0,joint stereo,
music/Wang Chung - Dance Hall Days.mp3,charted,True,721196,30.0,48000.0,2.0,192.31893333333332,MP3,MPEG_LAYER_III,,variable,MPEG 1.0,joint stereo,
music/Garbage - Push It.mp3,charted,True,721196,30.0,48000.0,2.0,192.31893333333332,MP3,MPEG_LAYER_III,,variable,MPEG 1.0,joint stereo,
music/Peaches & Herb - Roller-Skatin' Mate (Part I).mp3,charted,True,721196,30.0,48000.0,2.0,192.31893333333332,MP3,MPEG_LAYER_III,,variable,MPEG 1.0,joint stereo,
music/Carrie Underwood - Drinking Alone.mp3,charted,True,721196,30.0,48000.0,2.0,192.31893333333332,MP3,MPEG_LAYER_III,,variable,MPEG 1.0,joint stereo,
music/Post Malone Featuring Quavo - Congratulations.mp3,charted,True,721196,30.0,48000.0,2.0,192.31893333333332,MP3,MPEG_LAYER_III,,variable,MPEG 1.0,joint stereo,
music/Domino - Getto Jam.mp3,charted,True,721196,30.0,48000.0,2.0,192.31893333333332,MP3,MPEG_LAYER_III,,variable,MPEG 1.0,joint stereo,
music/Trippie Redd Featuring Juice WRLD - Matt Hardy 999.mp3,charted,True,721196,30.0,48000.0,2.0,192.31893333333332,MP3,MPEG_LAYER_III,,variable,MPEG 1.0,joint stereo,
music/Jackie Wilson - No Pity (In The Naked City).mp3,charted,True,721196,30.0,48000.0,2.0,192.31893333333332,MP3,MPEG_LAYER_III,,variable,MPEG 1.0,joint stereo,
music/Yes - Your Move (I've Seen All Good People).mp3,charted,True,721196,30.0,48000.0,2.0,192.31893333333332,MP3,MPEG_LAYER_III,,variable,MPEG 1.0,joint stereo,
music/The Incredible Bongo Band - Bongo Rock.mp3,charted,True,721196,30.0,48000.0,2.0,192.31893333333332,MP3,MPEG_LAYER_III,,variable,MPEG 1.0,joint stereo,
music/Kelly Rowland Featuring Lil Wayne - Motivation.mp3,charted,True,721196,30.0,48000.0,2.0,192.31893333333332,MP3,MPEG_LAYER_III,,variable,MPEG 1.0,joint stereo,
music/Chubby Checker - Whole Lotta Shakin' Goin' On.mp3,charted,True,721196,30.0,48000.0,2.0,192.31893333333332,MP3,MPEG_LAYER_III,,variable,MPEG 1.0,joint stereo,
music/Etta Jones - When I Fall In Love.mp3,charted,True,721196,30.0,48000.0,2.0,192.31893333333332,MP3,MPEG_LAYER_III,,variable,MPEG 1.0,joint stereo,
music/Michael Bolton - When A Man Loves A Woman.mp3,charted,True,721196,30.0,48000.0,2.0,192.31893333333332,MP3,MPEG_LAYER_III,,variable,MPEG 1.0,joint stereo,
music/Johnny Mathis - Come Back.mp3,charted,True,721196,30.0,48000.0,2.0,192.31893333333332,MP3,MPEG_LAYER_III,,variable,MPEG 1.0,joint stereo,
music/Bob Seger System - Lucifer.mp3,charted,True,721196,30.0,48000.0,2.0,192.31893333333332,MP3,MPEG_LAYER_III,,variable,MPEG 1.0,joint stereo,
music/Trey Songz Featuring Twista - Gotta Make It.mp3,charted,True,721196,30.0,48000.0,2.0,192.31893333333332,MP3,MPEG_LAYER_III,,variable,MPEG 1.0,joint stereo,
music/Tony Toni Tone - Whatever You Want.mp3,charted,True,721196,30.0,48000.0,2.0,192.31893333333332,MP3,MPEG_LAYER_III,,variable,MPEG 1.0,joint stereo,
music/The Tymes - People.mp3,charted,True,721196,30.0,48000.0,2.0,192.31893333333332,MP3,MPEG_LAYER_III,,variable,MPEG 1.0,joint stereo,
music/Living Colour - Open Letter (To A Landlord).mp3,charted,True,721196,30.0,48000.0,2.0,192.31893333333332,MP3,MPEG_LAYER_III,,variable,MPEG 1.0,joint stereo,
music/Weezer - Africa.mp3,charted,True,721196,30.0,48000.0,2.0,192.31893333333332,MP3,MPEG_LAYER_III,,variable,MPEG 1.0,joint stereo,
music/Brad Paisley - Today.mp3,charted,True,721196,30.0,48000.0,2.0,192.31893333333332,MP3,MPEG_LAYER_III,,variable,MPEG 1.0,joint stereo,
music/The Kalin Twins - It's Only The Beginning.mp3,charted,True,721196,30.0,48000.0,2.0,192.31893333333332,MP3,MPEG_LAYER_III,,variable,MPEG 1.0,joint stereo,
music/Sergio Mendes & Brasil '66 - The Look Of Love.mp3,charted,True,721196,30.0,48000.0,2.0,192.31893333333332,MP3,MPEG_LAYER_III,,variable,MPEG 1.0,joint stereo,
music/Rick Astley - Move Right Out.mp3,charted,True,721196,30.0,48000.0,2.0,192.31893333333332,MP3,MPEG_LAYER_III,,variable,MPEG 1.0,joint stereo,
music/Gym Class Heroes - Clothes Off!!.mp3,charted,True,721196,30.0,48000.0,2.0,192.31893333333332,MP3,MPEG_LAYER_III,,variable,MPEG 1.0,joint stereo,
"music/Paul and Paula - Something Old, Something New.mp3",charted,True,721196,30.0,48000.0,2.0,192.31893333333332,MP3,MPEG_LAYER_III,,variable,MPEG 1.0,joint stereo,
music/Four Tops - I'm In A Different World.mp3,charted,True,721196,30.0,48000.0,2.0,192.31893333333332,MP3,MPEG_LAYER_III,,variable,MPEG 1.0,joint stereo,
music/Terri Clark - A Little Gasoline.mp3,charted,True,721196,30.0,48000.0,2.0,192.31893333333332,MP3,MPEG_LAYER_III,,variable,MPEG 1.0,joint stereo,
music/Elvis Presley - Blue Christmas.mp3,charted,True,721196,30.0,48000.0,2.0,192.31893333333332,MP3,MPEG_LAYER_III,,variable,MPEG 1.0,joint stereo,
"music/The Megatons - Shimmy, Shimmy Walk, Part 1.mp3",charted,True,721196,30.0,48000.0,2.0,192.31893333333332,MP3,MPEG_LAYER_III,,variable,MPEG 1.0,joint stereo,
music/Hipsway - The Honeythief.mp3,charted,True,721196,30.0,48000.0,2.0,192.31893333333332,MP3,MPEG_LAYER_III,,variable,MPEG 1.0,joint stereo,
music/Rick Astley - Never Gonna Give You Up.mp3,charted,True,721196,30.0,48000.0,2.0,192.31893333333332,MP3,MPEG_LAYER_III,,variable,MPEG 1.0,joint stereo,
music/INXS - Beautiful Girl.mp3,charted,True,721196,30.0,48000.0,2.0,192.31893333333332,MP3,MPEG_LAYER_III,,variable,MPEG 1.0,joint stereo,
music/Kim Carnes - I Pretend.mp3,charted,True,721196,30.0,48000.0,2.0,192.31893333333332,MP3,MPEG_LAYER_III,,variable,MPEG 1.0,joint stereo,
music/American Idol Top 8 - Shout To The Lord.mp3,charted,True,721196,30.0,48000.0,2.0,192.31893333333332,MP3,MPEG_LAYER_III,,variable,MPEG 1.0,joint stereo,
music/Atlanta Rhythm Section - Dog Days.mp3,charted,True,721196,30.0,48000.0,2.0,192.31893333333332,MP3,MPEG_LAYER_III,,variable,MPEG 1.0,joint stereo,
music/The Hesitations - A Whiter Shade Of Pale.mp3,charted,True,721196,30.0,48000.0,2.0,192.31893333333332,MP3,MPEG_LAYER_III,,variable,MPEG 1.0,joint stereo,
music/Stonewall Jackson - Why I'm Walkin'.mp3,charted,True,721196,30.0,48000.0,2.0,192.31893333333332,MP3,MPEG_LAYER_III,,variable,MPEG 1.0,joint stereo,
music/Jr. Walker & The All Stars - Do The Boomerang.mp3,charted,True,721196,30.0,48000.0,2.0,192.31893333333332,MP3,MPEG_LAYER_III,,variable,MPEG 1.0,joint stereo,
music/Justin Bieber - All That Matters.mp3,charted,True,721196,30.0,48000.0,2.0,192.31893333333332,MP3,MPEG_LAYER_III,,variable,MPEG 1.0,joint stereo,
music/George Benson - Lady Love Me (One More Time).mp3,charted,True,721196,30.0,48000.0,2.0,192.31893333333332,MP3,MPEG_LAYER_III,,variable,MPEG 1.0,joint stereo,
music/Karla Bonoff - Baby Don't Go.mp3,charted,True,721196,30.0,48000.0,2.0,192.31893333333332,MP3,MPEG_LAYER_III,,variable,MPEG 1.0,joint stereo,
music/Olivia Newton-John - Totally Hot.mp3,charted,True,721196,30.0,48000.0,2.0,192.31893333333332,MP3,MPEG_LAYER_III,,variable,MPEG 1.0,joint stereo,
music/Bilal - Soul Sista.mp3,charted,True,721196,30.0,48000.0,2.0,192.31893333333332,MP3,MPEG_LAYER_III,,variable,MPEG 1.0,joint stereo,
music/Bert Kaempfert And His Orchestra - Bye Bye Blues.mp3,charted,True,721196,30.0,48000.0,2.0,192.31893333333332,MP3,MPEG_LAYER_III,,variable,MPEG 1.0,joint stereo,
music/Bee Gees - My World.mp3,charted,True,721196,30.0,48000.0,2.0,192.31893333333332,MP3,MPEG_LAYER_III,,variable,MPEG 1.0,joint stereo,
music/The Outfield - Everytime You Cry.mp3,charted,True,721196,30.0,48000.0,2.0,192.31893333333332,MP3,MPEG_LAYER_III,,variable,MPEG 1.0,joint stereo,
music/Def Leppard - Armageddon It.mp3,charted,True,721196,30.0,48000.0,2.0,192.31893333333332,MP3,MPEG_LAYER_III,,variable,MPEG 1.0,joint stereo,
music/Johnny Mathis - How To Handle A Woman.mp3,charted,True,721196,30.0,48000.0,2.0,192.31893333333332,MP3,MPEG_LAYER_III,,variable,MPEG 1.0,joint stereo,
"music/Barbara Mason - Oh, How It Hurts.mp3",charted,True,721196,30.0,48000.0,2.0,192.31893333333332,MP3,MPEG_LAYER_III,,variable,MPEG 1.0,joint stereo,
music/Jason Aldean - Tonight Looks Good On You.mp3,charted,True,721196,30.0,48000.0,2.0,192.31893333333332,MP3,MPEG_LAYER_III,,variable,MPEG 1.0,joint stereo,
music/Corona - Baby Baby.mp3,charted,True,721196,30.0,48000.0,2.0,192.31893333333332,MP3,MPEG_LAYER_III,,variable,MPEG 1.0,joint stereo,
music/The Kingston Trio - Ally Ally Oxen Free.mp3,charted,True,721196,30.0,48000.0,2.0,192.31893333333332,MP3,MPEG_LAYER_III,,variable,MPEG 1.0,joint stereo,
"music/Marilyn McCoo & Billy Davis, Jr. - Your Love.mp3",charted,True,721196,30.0,48000.0,2.0,192.31893333333332,MP3,MPEG_LAYER_III,,variable,MPEG 1.0,joint stereo,
music/David Guetta Featuring Nicki Minaj - Turn Me On.mp3,charted,True,721196,30.0,48000.0,2.0,192.31893333333332,MP3,MPEG_LAYER_III,,variable,MPEG 1.0,joint stereo,
music/Justin Bieber - Come Around Me.mp3,charted,True,721196,30.0,48000.0,2.0,192.31893333333332,MP3,MPEG_LAYER_III,,variable,MPEG 1.0,joint stereo,
music/The Vogues - Woman Helping Man.mp3,charted,True,721196,30.0,48000.0,2.0,192.31893333333332,MP3,MPEG_LAYER_III,,variable,MPEG 1.0,joint stereo,
music/Taylor Swift - Peace.mp3,charted,True,721196,30.0,48000.0,2.0,192.31893333333332,MP3,MPEG_LAYER_III,,variable,MPEG 1.0,joint stereo,
music/The S.O.S. Band - Take Your Time (Do It Right) Part 1.mp3,charted,True,721196,30.0,48000.0,2.0,192.31893333333332,MP3,MPEG_LAYER_III,,variable,MPEG 1.0,joint stereo,
music/Rene & Angela - Your Smile.mp3,charted,True,721196,30.0,48000.0,2.0,192.31893333333332,MP3,MPEG_LAYER_III,,variable,MPEG 1.0,joint stereo,
"music/Belly, The Weeknd & Young Thug - Better Believe.mp3",charted,True,721196,30.0,48000.0,2.0,192.31893333333332,MP3,MPEG_LAYER_III,,variable,MPEG 1.0,joint stereo,
music/The Red Jumpsuit Apparatus - Face Down.mp3,charted,True,721196,30.0,48000.0,2.0,192.31893333333332,MP3,MPEG_LAYER_III,,variable,MPEG 1.0,joint stereo,
music/The Blue Jays - Lover's Island.mp3,charted,True,721196,30.0,48000.0,2.0,192.31893333333332,MP3,MPEG_LAYER_III,,variable,MPEG 1.0,joint stereo,
music/Maddie & Tae - Fly.mp3,charted,True,721196,30.0,48000.0,2.0,192.31893333333332,MP3,MPEG_LAYER_III,,variable,MPEG 1.0,joint stereo,
music/Green Day - Wake Me Up When September Ends.mp3,charted,True,721196,30.0,48000.0,2.0,192.31893333333332,MP3,MPEG_LAYER_III,,variable,MPEG 1.0,joint stereo,
music/Thomas Rhett - Marry Me.mp3,charted,True,721196,30.0,48000.0,2.0,192.31893333333332,MP3,MPEG_LAYER_III,,variable,MPEG 1.0,joint stereo,
music/Jimmy Hall - I'm Happy That Love Has Found You.mp3,charted,True,721196,30.0,48000.0,2.0,192.31893333333332,MP3,MPEG_LAYER_III,,variable,MPEG 1.0,joint stereo,
music/Roy Orbison - Up Town.mp3,charted,True,721196,30.0,48000.0,2.0,192.31893333333332,MP3,MPEG_LAYER_III,,variable,MPEG 1.0,joint stereo,
music/Bonnie Tyler - It's A Heartache.mp3,charted,True,721196,30.0,48000.0,2.0,192.31893333333332,MP3,MPEG_LAYER_III,,variable,MPEG 1.0,joint stereo,
"music/Crosby, Stills & Nash - Southern Cross.mp3",charted,True,721196,30.0,48000.0,2.0,192.31893333333332,MP3,MPEG_LAYER_III,,variable,MPEG 1.0,joint stereo,
music/Maren Morris - My Church.mp3,charted,True,721196,30.0,48000.0,2.0,192.31893333333332,MP3,MPEG_LAYER_III,,variable,MPEG 1.0,joint stereo,
music/Scandal Featuring Patty Smyth - Goodbye To You.mp3,charted,True,721196,30.0,48000.0,2.0,192.31893333333332,MP3,MPEG_LAYER_III,,variable,MPEG 1.0,joint stereo,
music/Culture Club - Move Away.mp3,charted,True,721196,30.0,48000.0,2.0,192.31893333333332,MP3,MPEG_LAYER_III,,variable,MPEG 1.0,joint stereo,
music/Seals & Crofts - I'll Play For You.mp3,charted,True,721196,30.0,48000.0,2.0,192.31893333333332,MP3,MPEG_LAYER_III,,variable,MPEG 1.0,joint stereo,
"music/Glee Cast - Bills, Bills, Bills.mp3",charted,True,721196,30.0,48000.0,2.0,192.31893333333332,MP3,MPEG_LAYER_III,,variable,MPEG 1.0,joint stereo,
music/Lou Rawls - Wind Beneath My Wings.mp3,charted,True,721196,30.0,48000.0,2.0,192.31893333333332,MP3,MPEG_LAYER_III,,variable,MPEG 1.0,joint stereo,
music/The Delfonics - Trying To Make A Fool Of Me.mp3,charted,True,721196,30.0,48000.0,2.0,192.31893333333332,MP3,MPEG_LAYER_III,,variable,MPEG 1.0,joint stereo,
music/The Irish Rovers - (The Puppet Song) Whiskey On A Sunday.mp3,charted,True,721196,30.0,48000.0,2.0,192.31893333333332,MP3,MPEG_LAYER_III,,variable,MPEG 1.0,joint stereo,
music/Lulu - To Sir With Love.mp3,charted,True,721196,30.0,48000.0,2.0,192.31893333333332,MP3,MPEG_LAYER_III,,variable,MPEG 1.0,joint stereo,
music/Depeche Mode - It's No Good.mp3,charted,True,721196,30.0,48000.0,2.0,192.31893333333332,MP3,MPEG_LAYER_III,,variable,MPEG 1.0,joint stereo,
music/Big Punisher - I'm Not A Player.mp3,charted,True,721196,30.0,48000.0,2.0,192.31893333333332,MP3,MPEG_LAYER_III,,variable,MPEG 1.0,joint stereo,
music/The Sweet - Blockbuster.mp3,charted,True,721196,30.0,48000.0,2.0,192.31893333333332,MP3,MPEG_LAYER_III,,variable,MPEG 1.0,joint stereo,
music/Avril Lavigne - Wish You Were Here.mp3,charted,True,721196,30.0,48000.0,2.0,192.31893333333332,MP3,MPEG_LAYER_III,,variable,MPEG 1.0,joint stereo,
music/Neil Diamond - Longfellow Serenade.mp3,charted,True,721196,30.0,48000.0,2.0,192.31893333333332,MP3,MPEG_LAYER_III,,variable,MPEG 1.0,joint stereo,
music/Sporty Thievz Featuring Mr. Woods - No Pigeons.mp3,charted,True,721196,30.0,48000.0,2.0,192.31893333333332,MP3,MPEG_LAYER_III,,variable,MPEG 1.0,joint stereo,
music/B2K Featuring Fabolous - Badaboom.mp3,charted,True,721196,30.0,48000.0,2.0,192.31893333333332,MP3,MPEG_LAYER_III,,variable,MPEG 1.0,joint stereo,
music/Iron Butterfly - In The Time Of Our Lives.mp3,charted,True,721196,30.0,48000.0,2.0,192.31893333333332,MP3,MPEG_LAYER_III,,variable,MPEG 1.0,joint stereo,
music/The Band - The Weight.mp3,charted,True,721196,30.0,48000.0,2.0,192.31893333333332,MP3,MPEG_LAYER_III,,variable,MPEG 1.0,joint stereo,
music/Krokus - Midnite Maniac.mp3,charted,True,721196,30.0,48000.0,2.0,192.31893333333332,MP3,MPEG_LAYER_III,,variable,MPEG 1.0,joint stereo,
music/DeJ Loaf - Try Me.mp3,charted,True,721196,30.0,48000.0,2.0,192.31893333333332,MP3,MPEG_LAYER_III,,variable,MPEG 1.0,joint stereo,
music/Climax Blues Band - I Love You.mp3,charted,True,721196,30.0,48000.0,2.0,192.31893333333332,MP3,MPEG_LAYER_III,,variable,MPEG 1.0,joint stereo,
music/Four Tops - If I Were A Carpenter.mp3,charted,True,721196,30.0,48000.0,2.0,192.31893333333332,MP3,MPEG_LAYER_III,,variable,MPEG 1.0,joint stereo,
music/Megan Thee Stallion - Girls In The Hood.mp3,charted,True,721196,30.0,48000.0,2.0,192.31893333333332,MP3,MPEG_LAYER_III,,variable,MPEG 1.0,joint stereo,
music/Jackie Wilson & Linda Hopkins - Shake A Hand.mp3,charted,True,721196,30.0,48000.0,2.0,192.31893333333332,MP3,MPEG_LAYER_III,,variable,MPEG 1.0,joint stereo,
music/Gwyneth Paltrow - Country Strong.mp3,charted,True,721196,30.0,48000.0,2.0,192.31893333333332,MP3,MPEG_LAYER_III,,variable,MPEG 1.0,joint stereo,
music/Lou Rawls - You'll Never Find Another Love Like Mine.mp3,charted,True,721196,30.0,48000.0,2.0,192.31893333333332,MP3,MPEG_LAYER_III,,variable,MPEG 1.0,joint stereo,
music/The Artistics - Girl I Need You.mp3,charted,True,721196,30.0,48000.0,2.0,192.31893333333332,MP3,MPEG_LAYER_III,,variable,MPEG 1.0,joint stereo,
music/Before Dark - Monica.mp3,charted,True,721196,30.0,48000.0,2.0,192.31893333333332,MP3,MPEG_LAYER_III,,variable,MPEG 1.0,joint stereo,
music/Luke Bryan - Light It Up.mp3,charted,True,721196,30.0,48000.0,2.0,192.31893333333332,MP3,MPEG_LAYER_III,,variable,MPEG 1.0,joint stereo,
music/Mariah Carey Featuring Jay-Z - Heartbreaker.mp3,charted,True,721196,30.0,48000.0,2.0,192.31893333333332,MP3,MPEG_LAYER_III,,variable,MPEG 1.0,joint stereo,
music/Rod Stewart - Mine For Me.mp3,charted,True,721196,30.0,48000.0,2.0,192.31893333333332,MP3,MPEG_LAYER_III,,variable,MPEG 1.0,joint stereo,
music/The Roots - What They Do.mp3,charted,True,721196,30.0,48000.0,2.0,192.31893333333332,MP3,MPEG_LAYER_III,,variable,MPEG 1.0,joint stereo,
music/Wet Wet Wet - Wishing I Was Lucky.mp3,charted,True,721196,30.0,48000.0,2.0,192.31893333333332,MP3,MPEG_LAYER_III,,variable,MPEG 1.0,joint stereo,
music/Jody Miller - Queen Of The House.mp3,charted,True,721196,30.0,48000.0,2.0,192.31893333333332,MP3,MPEG_LAYER_III,,variable,MPEG 1.0,joint stereo,
music/William Bell - A Tribute To A King.mp3,charted,True,721196,30.0,48000.0,2.0,192.31893333333332,MP3,MPEG_LAYER_III,,variable,MPEG 1.0,joint stereo,
music/Kanye West - Moon.mp3,charted,True,721196,30.0,48000.0,2.0,192.31893333333332,MP3,MPEG_LAYER_III,,variable,MPEG 1.0,joint stereo,
music/Kim Weston - Love Me All The Way.mp3,charted,True,721196,30.0,48000.0,2.0,192.31893333333332,MP3,MPEG_LAYER_III,,variable,MPEG 1.0,joint stereo,
music/ARRESTED DEVELOPMENT - EASE MY MIND.mp3,charted,True,721196,30.0,48000.0,2.0,192.31893333333332,MP3,MPEG_LAYER_III,,variable,MPEG 1.0,joint stereo,
music/L.T.D. - Shine On.mp3,charted,True,721196,30.0,48000.0,2.0,192.31893333333332,MP3,MPEG_LAYER_III,,variable,MPEG 1.0,joint stereo,
music/Andy Williams - ......And Roses And Roses.mp3,charted,True,721196,30.0,48000.0,2.0,192.31893333333332,MP3,MPEG_LAYER_III,,variable,MPEG 1.0,joint stereo,
music/Bon Jovi - Always.mp3,charted,True,721196,30.0,48000.0,2.0,192.31893333333332,MP3,MPEG_LAYER_III,,variable,MPEG 1.0,joint stereo,
music/The Isley Brothers - This Old Heart Of Mine (Is Weak For You).mp3,charted,True,721196,30.0,48000.0,2.0,192.31893333333332,MP3,MPEG_LAYER_III,,variable,MPEG 1.0,joint stereo,
music/Baja Marimba Band - Ghost Riders In The Sky.mp3,charted,True,721196,30.0,48000.0,2.0,192.31893333333332,MP3,MPEG_LAYER_III,,variable,MPEG 1.0,joint stereo,
music/Tommy Edwards - Love Is All We Need.mp3,charted,True,721196,30.0,48000.0,2.0,192.31893333333332,MP3,MPEG_LAYER_III,,variable,MPEG 1.0,joint stereo,
music/Rufus Thomas - (Do The) Push And Pull Part I.mp3,charted,True,721196,30.0,48000.0,2.0,192.31893333333332,MP3,MPEG_LAYER_III,,variable,MPEG 1.0,joint stereo,
music/Kendrick Lamar - Element..mp3,charted,True,721196,30.0,48000.0,2.0,192.31893333333332,MP3,MPEG_LAYER_III,,variable,MPEG 1.0,joint stereo,
music/Britney Spears - Piece Of Me.mp3,charted,True,721196,30.0,48000.0,2.0,192.31893333333332,MP3,MPEG_LAYER_III,,variable,MPEG 1.0,joint stereo,
music/The Postal Service - We Will Become Silhouettes.mp3,charted,True,721196,30.0,48000.0,2.0,192.31893333333332,MP3,MPEG_LAYER_III,,variable,MPEG 1.0,joint stereo,
music/Dolly Parton - Heartbreaker.mp3,charted,True,721196,30.0,48000.0,2.0,192.31893333333332,MP3,MPEG_LAYER_III,,variable,MPEG 1.0,joint stereo,
music/Ginuwine - What's So Different.mp3,charted,True,721196,30.0,48000.0,2.0,192.31893333333332,MP3,MPEG_LAYER_III,,variable,MPEG 1.0,joint stereo,
music/Somethin' For The People - With You.mp3,charted,True,721196,30.0,48000.0,2.0,192.31893333333332,MP3,MPEG_LAYER_III,,variable,MPEG 1.0,joint stereo,
music/Jackie Wilson - Baby Get It (And Don't Quit It).mp3,charted,True,2022,0.0010657596371882086,44100.0,2.0,15177.906382978725,MP3,MPEG_LAYER_III,,variable,MPEG 1.0,joint stereo,
music/Craig David - Walking Away.mp3,charted,True,721196,30.0,48000.0,2.0,192.31893333333332,MP3,MPEG_LAYER_III,,variable,MPEG 1.0,joint stereo,
music/Grateful Dead - Sugar Magnolia.mp3,charted,True,721196,30.0,48000.0,2.0,192.31893333333332,MP3,MPEG_LAYER_III,,variable,MPEG 1.0,joint stereo,
music/Kenny Chesney - Happy Does.mp3,charted,True,721196,30.0,48000.0,2.0,192.31893333333332,MP3,MPEG_LAYER_III,,variable,MPEG 1.0,joint stereo,
music/Crystal Waters - What I Need.mp3,charted,True,721196,30.0,48000.0,2.0,192.31893333333332,MP3,MPEG_LAYER_III,,variable,MPEG 1.0,joint stereo,
music/Bobby Brown - Roni.mp3,charted,True,721196,30.0,48000.0,2.0,192.31893333333332,MP3,MPEG_LAYER_III,,variable,MPEG 1.0,joint stereo,
music/Duane Eddy And The Rebels - Because They're Young.mp3,charted,True,721196,30.0,48000.0,2.0,192.31893333333332,MP3,MPEG_LAYER_III,,variable,MPEG 1.0,joint stereo,
music/R. Kelly Featuring 2 Chainz - My Story.mp3,charted,True,721196,30.0,48000.0,2.0,192.31893333333332,MP3,MPEG_LAYER_III,,variable,MPEG 1.0,joint stereo,
music/Kay Starr - Four Walls.mp3,charted,True,721196,30.0,48000.0,2.0,192.31893333333332,MP3,MPEG_LAYER_III,,variable,MPEG 1.0,joint stereo,
music/Jerry Butler - Don't Let Love Hang You Up.mp3,charted,True,721196,30.0,48000.0,2.0,192.31893333333332,MP3,MPEG_LAYER_III,,variable,MPEG 1.0,joint stereo,
music/Meri Wilson - Telephone Man.mp3,charted,True,721196,30.0,48000.0,2.0,192.31893333333332,MP3,MPEG_LAYER_III,,variable,MPEG 1.0,joint stereo,
music/Rae Sremmurd Featuring Gucci Mane - Black Beatles.mp3,charted,True,721196,30.0,48000.0,2.0,192.31893333333332,MP3,MPEG_LAYER_III,,variable,MPEG 1.0,joint stereo,
music/Rene And Ray - Queen Of My Heart.mp3,charted,True,721196,30.0,48000.0,2.0,192.31893333333332,MP3,MPEG_LAYER_III,,variable,MPEG 1.0,joint stereo,
music/America - A Horse With No Name.mp3,charted,True,721196,30.0,48000.0,2.0,192.31893333333332,MP3,MPEG_LAYER_III,,variable,MPEG 1.0,joint stereo,
music/Leon Russell - Back To The Island.mp3,charted,True,721196,30.0,48000.0,2.0,192.31893333333332,MP3,MPEG_LAYER_III,,variable,MPEG 1.0,joint stereo,
music/Chris Young - Losing Sleep.mp3,charted,True,721196,30.0,48000.0,2.0,192.31893333333332,MP3,MPEG_LAYER_III,,variable,MPEG 1.0,joint stereo,
music/B.B. King - To Know You Is To Love You.mp3,charted,True,721196,30.0,48000.0,2.0,192.31893333333332,MP3,MPEG_LAYER_III,,variable,MPEG 1.0,joint stereo,
music/Della Reese - Don't You Know.mp3,charted,True,721196,30.0,48000.0,2.0,192.31893333333332,MP3,MPEG_LAYER_III,,variable,MPEG 1.0,joint stereo,
music/One Direction - Little Things.mp3,charted,True,721196,30.0,48000.0,2.0,192.31893333333332,MP3,MPEG_LAYER_III,,variable,MPEG 1.0,joint stereo,
music/Huey Lewis & The News - Small World.mp3,charted,True,721196,30.0,48000.0,2.0,192.31893333333332,MP3,MPEG_LAYER_III,,variable,MPEG 1.0,joint stereo,
music/Alice In Chains - Check My Brain.mp3,charted,True,721196,30.0,48000.0,2.0,192.31893333333332,MP3,MPEG_LAYER_III,,variable,MPEG 1.0,joint stereo,
music/Musiq Soulchild - Love.mp3,charted,True,721196,30.0,48000.0,2.0,192.31893333333332,MP3,MPEG_LAYER_III,,variable,MPEG 1.0,joint stereo,
music/Oaktown's 3.5.7 - Turn It Up.mp3,charted,True,721196,30.0,48000.0,2.0,192.31893333333332,MP3,MPEG_LAYER_III,,variable,MPEG 1.0,joint stereo,
music/Brook Benton - Frankie And Johnny.mp3,charted,True,2022,0.0010657596371882086,44100.0,2.0,15177.906382978725,MP3,MPEG_LAYER_III,,variable,MPEG 1.0,joint stereo,
music/49-ers - Don't You Love Me.mp3,charted,True,721196,30.0,48000.0,2.0,192.31893333333332,MP3,MPEG_LAYER_III,,variable,MPEG 1.0,joint stereo,
music/Das EFX - Freakit.mp3,charted,True,721196,30.0,48000.0,2.0,192.31893333333332,MP3,MPEG_LAYER_III,,variable,MPEG 1.0,joint stereo,
music/Luke Bryan - That's My Kind Of Night.mp3,charted,True,721196,30.0,48000.0,2.0,192.31893333333332,MP3,MPEG_LAYER_III,,variable,MPEG 1.0,joint stereo,
music/A Boogie Wit da Hoodie Featuring Lil Durk - 24 Hours.mp3,charted,True,721196,30.0,48000.0,2.0,192.31893333333332,MP3,MPEG_LAYER_III,,variable,MPEG 1.0,joint stereo,
music/BOSTON - DON'T LOOK BACK.mp3,charted,True,721196,30.0,48000.0,2.0,192.31893333333332,MP3,MPEG_LAYER_III,,variable,MPEG 1.0,joint stereo,
"music/Earth, Wind & Fire - Can't Hide Love.mp3",charted,True,721196,30.0,48000.0,2.0,192.31893333333332,MP3,MPEG_LAYER_III,,variable,MPEG 1.0,joint stereo,
"music/Snoop Dogg & Wiz Khalifa Featuring Bruno Mars - Young, Wild & Free.mp3",charted,True,721196,30.0,48000.0,2.0,192.31893333333332,MP3,MPEG_LAYER_III,,variable,MPEG 1.0,joint stereo,
music/The Buckinghams - Kind Of A Drag.mp3,charted,True,721196,30.0,48000.0,2.0,192.31893333333332,MP3,MPEG_LAYER_III,,variable,MPEG 1.0,joint stereo,
music/Anne Murray - Cotton Jenny.mp3,charted,True,721196,30.0,48000.0,2.0,192.31893333333332,MP3,MPEG_LAYER_III,,variable,MPEG 1.0,joint stereo,
music/Cage The Elephant - Shake Me Down.mp3,charted,True,721196,30.0,48000.0,2.0,192.31893333333332,MP3,MPEG_LAYER_III,,variable,MPEG 1.0,joint stereo,
music/Ray Charles - Without Love (There Is Nothing).mp3,charted,True,721196,30.0,48000.0,2.0,192.31893333333332,MP3,MPEG_LAYER_III,,variable,MPEG 1.0,joint stereo,
music/Guns N' Roses - Paradise City.mp3,charted,True,721196,30.0,48000.0,2.0,192.31893333333332,MP3,MPEG_LAYER_III,,variable,MPEG 1.0,joint stereo,
music/The Impressions - We're Rolling On (Part I).mp3,charted,True,721196,30.0,48000.0,2.0,192.31893333333332,MP3,MPEG_LAYER_III,,variable,MPEG 1.0,joint stereo,
music/Sam & Dave - When Something Is Wrong With My Baby.mp3,charted,True,721196,30.0,48000.0,2.0,192.31893333333332,MP3,MPEG_LAYER_III,,variable,MPEG 1.0,joint stereo,
music/Jonn Hart Featuring IamSU! - Who Booty.mp3,charted,True,721196,30.0,48000.0,2.0,192.31893333333332,MP3,MPEG_LAYER_III,,variable,MPEG 1.0,joint stereo,
music/Ms. Adventures - Undeniable.mp3,charted,True,721196,30.0,48000.0,2.0,192.31893333333332,MP3,MPEG_LAYER_III,,variable,MPEG 1.0,joint stereo,
music/The Proclaimers - I'm Gonna Be (500 Miles).mp3,charted,True,721196,30.0,48000.0,2.0,192.31893333333332,MP3,MPEG_LAYER_III,,variable,MPEG 1.0,joint stereo,
music/Travis Scott - The Plan.mp3,charted,True,721196,30.0,48000.0,2.0,192.31893333333332,MP3,MPEG_LAYER_III,,variable,MPEG 1.0,joint stereo,
music/Brett Eldredge - The Long Way.mp3,charted,True,721196,30.0,48000.0,2.0,192.31893333333332,MP3,MPEG_LAYER_III,,variable,MPEG 1.0,joint stereo,
"music/Trick Daddy Featuring Duece Poppito, Trina, Co - Shut Up.mp3",charted,True,721196,30.0,48000.0,2.0,192.31893333333332,MP3,MPEG_LAYER_III,,variable,MPEG 1.0,joint stereo,
music/Santana - Stormy.mp3,charted,True,721196,30.0,48000.0,2.0,192.31893333333332,MP3,MPEG_LAYER_III,,variable,MPEG 1.0,joint stereo,
music/Touch - (Call Me) When The Spirit Moves You.mp3,charted,True,721196,30.0,48000.0,2.0,192.31893333333332,MP3,MPEG_LAYER_III,,variable,MPEG 1.0,joint stereo,
music/Craig Mack - Get Down.mp3,charted,True,721196,30.0,48000.0,2.0,192.31893333333332,MP3,MPEG_LAYER_III,,variable,MPEG 1.0,joint stereo,
music/Chris Brown - Don't Judge Me.mp3,charted,True,721196,30.0,48000.0,2.0,192.31893333333332,MP3,MPEG_LAYER_III,,variable,MPEG 1.0,joint stereo,
music/Stevie B - Love And Emotion.mp3,charted,True,2022,0.0010657596371882086,44100.0,2.0,15177.906382978725,MP3,MPEG_LAYER_III,,variable,MPEG 1.0,joint stereo,
music/Mac Miller - Hand Me Downs.mp3,charted,True,721196,30.0,48000.0,2.0,192.31893333333332,MP3,MPEG_LAYER_III,,variable,MPEG 1.0,joint stereo,
music/Jerry Lee Lewis - Sweet Little Sixteen.mp3,charted,True,721196,30.0,48000.0,2.0,192.31893333333332,MP3,MPEG_LAYER_III,,variable,MPEG 1.0,joint stereo,
music/Steve Winwood - Holding On.mp3,charted,True,721196,30.0,48000.0,2.0,192.31893333333332,MP3,MPEG_LAYER_III,,variable,MPEG 1.0,joint stereo,
music/Pearl Jam - I Am Mine.mp3,charted,True,721196,30.0,48000.0,2.0,192.31893333333332,MP3,MPEG_LAYER_III,,variable,MPEG 1.0,joint stereo,
music/Savage Garden - I Knew I Loved You.mp3,charted,True,721196,30.0,48000.0,2.0,192.31893333333332,MP3,MPEG_LAYER_III,,variable,MPEG 1.0,joint stereo,
music/Jesse Belvin - Guess Who.mp3,charted,True,721196,30.0,48000.0,2.0,192.31893333333332,MP3,MPEG_LAYER_III,,variable,MPEG 1.0,joint stereo,
music/Ella Mai - Shot Clock.mp3,charted,True,721196,30.0,48000.0,2.0,192.31893333333332,MP3,MPEG_LAYER_III,,variable,MPEG 1.0,joint stereo,
music/38 Special - Hold On Loosely.mp3,charted,True,721196,30.0,48000.0,2.0,192.31893333333332,MP3,MPEG_LAYER_III,,variable,MPEG 1.0,joint stereo,
music/Sims Twins - Soothe Me.mp3,charted,True,721196,30.0,48000.0,2.0,192.31893333333332,MP3,MPEG_LAYER_III,,variable,MPEG 1.0,joint stereo,
music/Fats Domino - Jambalaya (On The Bayou).mp3,charted,True,721196,30.0,48000.0,2.0,192.31893333333332,MP3,MPEG_LAYER_III,,variable,MPEG 1.0,joint stereo,
music/Marvin Gaye & Kim Weston - It Takes Two.mp3,charted,True,721196,30.0,48000.0,2.0,192.31893333333332,MP3,MPEG_LAYER_III,,variable,MPEG 1.0,joint stereo,
music/Big & Rich - Holy Water.mp3,charted,True,721196,30.0,48000.0,2.0,192.31893333333332,MP3,MPEG_LAYER_III,,variable,MPEG 1.0,joint stereo,
music/Twisted Sister - We're Not Gonna Take It.mp3,charted,True,721196,30.0,48000.0,2.0,192.31893333333332,MP3,MPEG_LAYER_III,,variable,MPEG 1.0,joint stereo,
music/Betty Everett - There'll Come A Time.mp3,charted,True,721196,30.0,48000.0,2.0,192.31893333333332,MP3,MPEG_LAYER_III,,variable,MPEG 1.0,joint stereo,
music/Jimmy Somerville - You Make Me Feel (Mighty Real).mp3,charted,True,721196,30.0,48000.0,2.0,192.31893333333332,MP3,MPEG_LAYER_III,,variable,MPEG 1.0,joint stereo,
music/Lil Baby & Gunna - Heatin Up.mp3,charted,True,721196,30.0,48000.0,2.0,192.31893333333332,MP3,MPEG_LAYER_III,,variable,MPEG 1.0,joint stereo,
"music/Joe Simon - Baby, Don't Be Looking In My Mind.mp3",charted,True,721196,30.0,48000.0,2.0,192.31893333333332,MP3,MPEG_LAYER_III,,variable,MPEG 1.0,joint stereo,
music/Randy Meisner - Hearts On Fire.mp3,charted,True,721196,30.0,48000.0,2.0,192.31893333333332,MP3,MPEG_LAYER_III,,variable,MPEG 1.0,joint stereo,
music/Donna Fargo - Little Girl Gone.mp3,charted,True,721196,30.0,48000.0,2.0,192.31893333333332,MP3,MPEG_LAYER_III,,variable,MPEG 1.0,joint stereo,
music/Big Sean & Metro Boomin Featuring Travis Scott - Go Legend.mp3,charted,True,721196,30.0,48000.0,2.0,192.31893333333332,MP3,MPEG_LAYER_III,,variable,MPEG 1.0,joint stereo,
music/Lady Gaga - A-YO.mp3,charted,True,721196,30.0,48000.0,2.0,192.31893333333332,MP3,MPEG_LAYER_III,,variable,MPEG 1.0,joint stereo,
music/Glee Cast - What I Did For Love.mp3,charted,True,721196,30.0,48000.0,2.0,192.31893333333332,MP3,MPEG_LAYER_III,,variable,MPEG 1.0,joint stereo,
music/Rihanna - Unfaithful.mp3,charted,True,721196,30.0,48000.0,2.0,192.31893333333332,MP3,MPEG_LAYER_III,,variable,MPEG 1.0,joint stereo,
music/Sam Harris - Sugar Don't Bite.mp3,charted,True,721196,30.0,48000.0,2.0,192.31893333333332,MP3,MPEG_LAYER_III,,variable,MPEG 1.0,joint stereo,
music/Little Willie John - Let Them Talk.mp3,charted,True,721196,30.0,48000.0,2.0,192.31893333333332,MP3,MPEG_LAYER_III,,variable,MPEG 1.0,joint stereo,
music/Tavares - Bad Times.mp3,charted,True,721196,30.0,48000.0,2.0,192.31893333333332,MP3,MPEG_LAYER_III,,variable,MPEG 1.0,joint stereo,
music/Seether - Fine Again.mp3,charted,True,721196,30.0,48000.0,2.0,192.31893333333332,MP3,MPEG_LAYER_III,,variable,MPEG 1.0,joint stereo,
music/Bee Gees - Saw A New Morning.mp3,charted,True,721196,30.0,48000.0,2.0,192.31893333333332,MP3,MPEG_LAYER_III,,variable,MPEG 1.0,joint stereo,
music/Ramsey Lewis - Since You've Been Gone.mp3,charted,True,721196,30.0,48000.0,2.0,192.31893333333332,MP3,MPEG_LAYER_III,,variable,MPEG 1.0,joint stereo,
music/Eric Church - The Outsiders.mp3,charted,True,721196,30.0,48000.0,2.0,192.31893333333332,MP3,MPEG_LAYER_III,,variable,MPEG 1.0,joint stereo,
"music/The Four Aces - No Other Arms, No Other Lips.mp3",charted,True,721196,30.0,48000.0,2.0,192.31893333333332,MP3,MPEG_LAYER_III,,variable,MPEG 1.0,joint stereo,
music/The Crystals - He's Sure The Boy I Love.mp3,charted,True,721196,30.0,48000.0,2.0,192.31893333333332,MP3,MPEG_LAYER_III,,variable,MPEG 1.0,joint stereo,
music/Young The Giant - Cough Syrup.mp3,charted,True,721196,30.0,48000.0,2.0,192.31893333333332,MP3,MPEG_LAYER_III,,variable,MPEG 1.0,joint stereo,
music/Usher - U Don't Have To Call.mp3,charted,True,721196,30.0,48000.0,2.0,192.31893333333332,MP3,MPEG_LAYER_III,,variable,MPEG 1.0,joint stereo,
music/(+44) - When Your Heart Stops Beating.mp3,charted,True,721196,30.0,48000.0,2.0,192.31893333333332,MP3,MPEG_LAYER_III,,variable,MPEG 1.0,joint stereo,
music/Rebekah - Sin So Well.mp3,charted,True,721196,30.0,48000.0,2.0,192.31893333333332,MP3,MPEG_LAYER_III,,variable,MPEG 1.0,joint stereo,
music/Carla Thomas - I'll Always Have Faith In You.mp3,charted,True,721196,30.0,48000.0,2.0,192.31893333333332,MP3,MPEG_LAYER_III,,variable,MPEG 1.0,joint stereo,
music/Chris Janson - Drunk Girl.mp3,charted,True,721196,30.0,48000.0,2.0,192.31893333333332,MP3,MPEG_LAYER_III,,variable,MPEG 1.0,joint stereo,
music/T-Pain Featuring Wiz Khalifa & Lily Allen - 5 O'Clock.mp3,charted,True,721196,30.0,48000.0,2.0,192.31893333333332,MP3,MPEG_LAYER_III,,variable,MPEG 1.0,joint stereo,
music/Head East - Love Me Tonight.mp3,charted,True,721196,30.0,48000.0,2.0,192.31893333333332,MP3,MPEG_LAYER_III,,variable,MPEG 1.0,joint stereo,
music/The Partridge Family Starring Shirley Jones Featuring David Cassidy - Am I Losing You.mp3,charted,True,721196,30.0,48000.0,2.0,192.31893333333332,MP3,MPEG_LAYER_III,,variable,MPEG 1.0,joint stereo,
music/The Illusion - Did You See Her Eyes.mp3,charted,True,721196,30.0,48000.0,2.0,192.31893333333332,MP3,MPEG_LAYER_III,,variable,MPEG 1.0,joint stereo,
music/Suzanne Vega - Solitude Standing.mp3,charted,True,721196,30.0,48000.0,2.0,192.31893333333332,MP3,MPEG_LAYER_III,,variable,MPEG 1.0,joint stereo,
music/The Tokens - The Lion Sleeps Tonight (Wimoweh).mp3,charted,True,721196,30.0,48000.0,2.0,192.31893333333332,MP3,MPEG_LAYER_III,,variable,MPEG 1.0,joint stereo,
music/Quiet Riot - Bang Your Head (Metal Health).mp3,charted,True,721196,30.0,48000.0,2.0,192.31893333333332,MP3,MPEG_LAYER_III,,variable,MPEG 1.0,joint stereo,
music/Information Society - Repetition.mp3,charted,True,721196,30.0,48000.0,2.0,192.31893333333332,MP3,MPEG_LAYER_III,,variable,MPEG 1.0,joint stereo,
music/Tracy Lawrence - I See It Now.mp3,charted,True,721196,30.0,48000.0,2.0,192.31893333333332,MP3,MPEG_LAYER_III,,variable,MPEG 1.0,joint stereo,
music/Kylie Minogue - The Loco-Motion.mp3,charted,True,721196,30.0,48000.0,2.0,192.31893333333332,MP3,MPEG_LAYER_III,,variable,MPEG 1.0,joint stereo,
music/James Brown And The Famous Flames - These Foolish Things.mp3,charted,True,721196,30.0,48000.0,2.0,192.31893333333332,MP3,MPEG_LAYER_III,,variable,MPEG 1.0,joint stereo,
music/Ike & Tina Turner - It's Gonna Work Out Fine.mp3,charted,True,721196,30.0,48000.0,2.0,192.31893333333332,MP3,MPEG_LAYER_III,,variable,MPEG 1.0,joint stereo,
music/Strawberry Alarm Clock - Good Morning Starshine.mp3,charted,True,721196,30.0,48000.0,2.0,192.31893333333332,MP3,MPEG_LAYER_III,,variable,MPEG 1.0,joint stereo,
music/The Vibrations - Love In Them There Hills.mp3,charted,True,721196,30.0,48000.0,2.0,192.31893333333332,MP3,MPEG_LAYER_III,,variable,MPEG 1.0,joint stereo,
music/Seals & Crofts - Unborn Child.mp3,charted,True,721196,30.0,48000.0,2.0,192.31893333333332,MP3,MPEG_LAYER_III,,variable,MPEG 1.0,joint stereo,
music/The Outlaws - There Goes Another Love Song.mp3,charted,True,721196,30.0,48000.0,2.0,192.31893333333332,MP3,MPEG_LAYER_III,,variable,MPEG 1.0,joint stereo,
music/Four Tops - I'll Turn To Stone.mp3,charted,True,721196,30.0,48000.0,2.0,192.31893333333332,MP3,MPEG_LAYER_III,,variable,MPEG 1.0,joint stereo,
music/5 Seconds Of Summer - She Looks So Perfect.mp3,charted,True,721196,30.0,48000.0,2.0,192.31893333333332,MP3,MPEG_LAYER_III,,variable,MPEG 1.0,joint stereo,
music/A$AP Ferg - Work.mp3,charted,True,721196,30.0,48000.0,2.0,192.31893333333332,MP3,MPEG_LAYER_III,,variable,MPEG 1.0,joint stereo,
music/Sarah Connor - Bounce.mp3,charted,True,721196,30.0,48000.0,2.0,192.31893333333332,MP3,MPEG_LAYER_III,,variable,MPEG 1.0,joint stereo,
music/INXS - Devil Inside.mp3,charted,True,721196,30.0,48000.0,2.0,192.31893333333332,MP3,MPEG_LAYER_III,,variable,MPEG 1.0,joint stereo,
music/Dolly Parton - Jolene.mp3,charted,True,721196,30.0,48000.0,2.0,192.31893333333332,MP3,MPEG_LAYER_III,,variable,MPEG 1.0,joint stereo,
music/Maroon 5 Featuring Kendrick Lamar - Don't Wanna Know.mp3,charted,True,721196,30.0,48000.0,2.0,192.31893333333332,MP3,MPEG_LAYER_III,,variable,MPEG 1.0,joint stereo,
music/The Police - Every Little Thing She Does Is Magic.mp3,charted,True,721196,30.0,48000.0,2.0,192.31893333333332,MP3,MPEG_LAYER_III,,variable,MPEG 1.0,joint stereo,
music/Jerry Butler - For Your Precious Love.mp3,charted,True,721196,30.0,48000.0,2.0,192.31893333333332,MP3,MPEG_LAYER_III,,variable,MPEG 1.0,joint stereo,
music/Fergie - M.I.L.F. $.mp3,charted,True,721196,30.0,48000.0,2.0,192.31893333333332,MP3,MPEG_LAYER_III,,variable,MPEG 1.0,joint stereo,
music/Petey Pablo - I Told Y'all.mp3,charted,True,721196,30.0,48000.0,2.0,192.31893333333332,MP3,MPEG_LAYER_III,,variable,MPEG 1.0,joint stereo,
music/Bette Midler - Every Road Leads Back To You.mp3,charted,True,721196,30.0,48000.0,2.0,192.31893333333332,MP3,MPEG_LAYER_III,,variable,MPEG 1.0,joint stereo,
music/Chingy - Right Thurr.mp3,charted,True,721196,30.0,48000.0,2.0,192.31893333333332,MP3,MPEG_LAYER_III,,variable,MPEG 1.0,joint stereo,
music/Alice Cooper - Teenage Lament '74.mp3,charted,True,721196,30.0,48000.0,2.0,192.31893333333332,MP3,MPEG_LAYER_III,,variable,MPEG 1.0,joint stereo,
music/Johnny Rivers - Sea Cruise.mp3,charted,True,721196,30.0,48000.0,2.0,192.31893333333332,MP3,MPEG_LAYER_III,,variable,MPEG 1.0,joint stereo,
music/Jay & The Americans - Only In America.mp3,charted,True,721196,30.0,48000.0,2.0,192.31893333333332,MP3,MPEG_LAYER_III,,variable,MPEG 1.0,joint stereo,
music/Bob Seger - Against The Wind.mp3,charted,True,721196,30.0,48000.0,2.0,192.31893333333332,MP3,MPEG_LAYER_III,,variable,MPEG 1.0,joint stereo,
music/Edwin Starr - Twenty-Five Miles.mp3,charted,True,721196,30.0,48000.0,2.0,192.31893333333332,MP3,MPEG_LAYER_III,,variable,MPEG 1.0,joint stereo,
music/Celine Dion - It's All Coming Back To Me Now.mp3,charted,True,721196,30.0,48000.0,2.0,192.31893333333332,MP3,MPEG_LAYER_III,,variable,MPEG 1.0,joint stereo,
music/Donnie Brooks - Doll House.mp3,charted,True,721196,30.0,48000.0,2.0,192.31893333333332,MP3,MPEG_LAYER_III,,variable,MPEG 1.0,joint stereo,
music/The Intruders - (Love Is Like A) Baseball Game.mp3,charted,True,721196,30.0,48000.0,2.0,192.31893333333332,MP3,MPEG_LAYER_III,,variable,MPEG 1.0,joint stereo,
music/LL Cool J - Back Seat (Of My Jeep).mp3,charted,True,721196,30.0,48000.0,2.0,192.31893333333332,MP3,MPEG_LAYER_III,,variable,MPEG 1.0,joint stereo,
music/The Chi-lites - I Found Sunshine.mp3,charted,True,721196,30.0,48000.0,2.0,192.31893333333332,MP3,MPEG_LAYER_III,,variable,MPEG 1.0,joint stereo,
music/Swingin' Medallions - Double Shot (Of My Baby's Love).mp3,charted,True,721196,30.0,48000.0,2.0,192.31893333333332,MP3,MPEG_LAYER_III,,variable,MPEG 1.0,joint stereo,
music/Consumer Rapport - Ease On Down The Road.mp3,charted,True,721196,30.0,48000.0,2.0,192.31893333333332,MP3,MPEG_LAYER_III,,variable,MPEG 1.0,joint stereo,
music/Vanessa Hudgens - Say OK.mp3,charted,True,721196,30.0,48000.0,2.0,192.31893333333332,MP3,MPEG_LAYER_III,,variable,MPEG 1.0,joint stereo,
music/Gucci Mane Featuring Drake - Both.mp3,charted,True,721196,30.0,48000.0,2.0,192.31893333333332,MP3,MPEG_LAYER_III,,variable,MPEG 1.0,joint stereo,
music/Jhene Aiko - Triggered.mp3,charted,True,721196,30.0,48000.0,2.0,192.31893333333332,MP3,MPEG_LAYER_III,,variable,MPEG 1.0,joint stereo,
music/Nancy Martinez - For Tonight.mp3,charted,True,721196,30.0,48000.0,2.0,192.31893333333332,MP3,MPEG_LAYER_III,,variable,MPEG 1.0,joint stereo,
music/Tom Jones - She's A Lady.mp3,charted,True,721196,30.0,48000.0,2.0,192.31893333333332,MP3,MPEG_LAYER_III,,variable,MPEG 1.0,joint stereo,
music/Zac Brown Band - Free.mp3,charted,True,721196,30.0,48000.0,2.0,192.31893333333332,MP3,MPEG_LAYER_III,,variable,MPEG 1.0,joint stereo,
music/Styx - Fooling Yourself (The Angry Young Man).mp3,charted,True,721196,30.0,48000.0,2.0,192.31893333333332,MP3,MPEG_LAYER_III,,variable,MPEG 1.0,joint stereo,
music/Boston Pops Orchestra Arthur Fiedler - I Want To Hold Your Hand.mp3,charted,True,721196,30.0,48000.0,2.0,192.31893333333332,MP3,MPEG_LAYER_III,,variable,MPEG 1.0,joint stereo,
music/Wang Chung - Let's Go!.mp3,charted,True,721196,30.0,48000.0,2.0,192.31893333333332,MP3,MPEG_LAYER_III,,variable,MPEG 1.0,joint stereo,
music/Birdman Featuring Lil Wayne - Pop Bottles.mp3,charted,True,721196,30.0,48000.0,2.0,192.31893333333332,MP3,MPEG_LAYER_III,,variable,MPEG 1.0,joint stereo,
music/Billy Joel - Keeping The Faith.mp3,charted,True,721196,30.0,48000.0,2.0,192.31893333333332,MP3,MPEG_LAYER_III,,variable,MPEG 1.0,joint stereo,
music/OneRepublic - Love Runs Out.mp3,charted,True,721196,30.0,48000.0,2.0,192.31893333333332,MP3,MPEG_LAYER_III,,variable,MPEG 1.0,joint stereo,
music/Buddy Starcher - History Repeats Itself.mp3,charted,True,721196,30.0,48000.0,2.0,192.31893333333332,MP3,MPEG_LAYER_III,,variable,MPEG 1.0,joint stereo,
music/The Carters - Friends.mp3,charted,True,721196,30.0,48000.0,2.0,192.31893333333332,MP3,MPEG_LAYER_III,,variable,MPEG 1.0,joint stereo,
music/James Darren - Goodbye Cruel World.mp3,charted,True,721196,30.0,48000.0,2.0,192.31893333333332,MP3,MPEG_LAYER_III,,variable,MPEG 1.0,joint stereo,
music/Tank - Please Don't Go.mp3,charted,True,721196,30.0,48000.0,2.0,192.31893333333332,MP3,MPEG_LAYER_III,,variable,MPEG 1.0,joint stereo,
music/Ricky Martin - Tal Vez.mp3,charted,True,721196,30.0,48000.0,2.0,192.31893333333332,MP3,MPEG_LAYER_III,,variable,MPEG 1.0,joint stereo,
music/Gladys Knight And The Pips - Baby Don't Change Your Mind.mp3,charted,True,721196,30.0,48000.0,2.0,192.31893333333332,MP3,MPEG_LAYER_III,,variable,MPEG 1.0,joint stereo,
music/Brian Hyland - Get The Message.mp3,charted,True,721196,30.0,48000.0,2.0,192.31893333333332,MP3,MPEG_LAYER_III,,variable,MPEG 1.0,joint stereo,
"music/The Dells - O-O, I Love You.mp3",charted,True,721196,30.0,48000.0,2.0,192.31893333333332,MP3,MPEG_LAYER_III,,variable,MPEG 1.0,joint stereo,
music/Miley Cyrus - Malibu.mp3,charted,True,721196,30.0,48000.0,2.0,192.31893333333332,MP3,MPEG_LAYER_III,,variable,MPEG 1.0,joint stereo,
music/Bobby Darin - You Must Have Been A Beautiful Baby.mp3,charted,True,721196,30.0,48000.0,2.0,192.31893333333332,MP3,MPEG_LAYER_III,,variable,MPEG 1.0,joint stereo,
music/Glee Cast - Pure Imagination.mp3,charted,True,721196,30.0,48000.0,2.0,192.31893333333332,MP3,MPEG_LAYER_III,,variable,MPEG 1.0,joint stereo,
music/JAY-Z Featuring Gloria Carter - Smile.mp3,charted,True,721196,30.0,48000.0,2.0,192.31893333333332,MP3,MPEG_LAYER_III,,variable,MPEG 1.0,joint stereo,
music/Del Shannon - Do You Want To Dance.mp3,charted,True,721196,30.0,48000.0,2.0,192.31893333333332,MP3,MPEG_LAYER_III,,variable,MPEG 1.0,joint stereo,
music/Glee Cast Featuring Neil Patrick Harris - Dream On.mp3,charted,True,721196,30.0,48000.0,2.0,192.31893333333332,MP3,MPEG_LAYER_III,,variable,MPEG 1.0,joint stereo,
music/The Script - Nothing.mp3,charted,True,721196,30.0,48000.0,2.0,192.31893333333332,MP3,MPEG_LAYER_III,,variable,MPEG 1.0,joint stereo,
music/Toby Keith - Cryin' For Me (Wayman's Song).mp3,charted,True,721196,30.0,48000.0,2.0,192.31893333333332,MP3,MPEG_LAYER_III,,variable,MPEG 1.0,joint stereo,
music/Javier Colon - Angel.mp3,charted,True,721196,30.0,48000.0,2.0,192.31893333333332,MP3,MPEG_LAYER_III,,variable,MPEG 1.0,joint stereo,
music/Justin Bieber - Trust.mp3,charted,True,721196,30.0,48000.0,2.0,192.31893333333332,MP3,MPEG_LAYER_III,,variable,MPEG 1.0,joint stereo,
music/Daryl Hall John Oates - Private Eyes.mp3,charted,True,721196,30.0,48000.0,2.0,192.31893333333332,MP3,MPEG_LAYER_III,,variable,MPEG 1.0,joint stereo,
music/Drake Featuring Fivio Foreign & Sosa Geek - Demons.mp3,charted,True,721196,30.0,48000.0,2.0,192.31893333333332,MP3,MPEG_LAYER_III,,variable,MPEG 1.0,joint stereo,
music/Drake - Passionfruit.mp3,charted,True,721196,30.0,48000.0,2.0,192.31893333333332,MP3,MPEG_LAYER_III,,variable,MPEG 1.0,joint stereo,
music/Charlie Rich - She Called Me Baby.mp3,charted,True,721196,30.0,48000.0,2.0,192.31893333333332,MP3,MPEG_LAYER_III,,variable,MPEG 1.0,joint stereo,
music/St. Lunatics - Midwest Swing.mp3,charted,True,721196,30.0,48000.0,2.0,192.31893333333332,MP3,MPEG_LAYER_III,,variable,MPEG 1.0,joint stereo,
music/Bobby Bloom - Make Me Happy.mp3,charted,True,721196,30.0,48000.0,2.0,192.31893333333332,MP3,MPEG_LAYER_III,,variable,MPEG 1.0,joint stereo,
music/Jaheim - Could It Be.mp3,charted,True,721196,30.0,48000.0,2.0,192.31893333333332,MP3,MPEG_LAYER_III,,variable,MPEG 1.0,joint stereo,
music/Al Martino - I Started Loving You Again.mp3,charted,True,721196,30.0,48000.0,2.0,192.31893333333332,MP3,MPEG_LAYER_III,,variable,MPEG 1.0,joint stereo,
music/Justin Bieber - Company.mp3,charted,True,721196,30.0,48000.0,2.0,192.31893333333332,MP3,MPEG_LAYER_III,,variable,MPEG 1.0,joint stereo,
music/Cupid - Cupid Shuffle.mp3,charted,True,721196,30.0,48000.0,2.0,192.31893333333332,MP3,MPEG_LAYER_III,,variable,MPEG 1.0,joint stereo,
music/The Producers - What She Does To Me (The Diana Song).mp3,charted,True,721196,30.0,48000.0,2.0,192.31893333333332,MP3,MPEG_LAYER_III,,variable,MPEG 1.0,joint stereo,
music/low_stream/Cousin Silas - 06_Recrudescence_-_Part-6.mp3,archive_low_download,True,17913384,444.780566893424,44100.0,2.0,322.1972421163322,MP3,MPEG_LAYER_III,320.0,constant,MPEG 1.0,joint stereo,
music/low_stream/Sit At My Right Hand - 02-Brazil.mp3,archive_low_download,True,5249054,122.84210884353742,44100.0,2.0,341.84069612062166,MP3,MPEG_LAYER_III,320.0,constant,MPEG 1.0,joint stereo,
music/low_stream/Demonic Sweaters - Demonic Sweaters - Geeky Gigs - 03 Rise And Shine (Featuring Megpoid GUMI).mp3,archive_low_download,True,4130816,169.3421088435374,44100.0,2.0,195.14654816619262,MP3,MPEG_LAYER_III,,variable,MPEG 1.0,joint stereo,
music/low_stream/Kamin - 06-HaseimLicht.mp3,archive_low_download,True,4098553,256.1265306122449,44100.0,2.0,128.0165077847365,MP3,MPEG_LAYER_III,128.0,constant,MPEG 1.0,stereo,
music/low_stream/Unknown - 04 Together We Will Die Alone.mp3,archive_low_download,True,19974155,495.14666666666665,44100.0,2.0,322.71900581645843,MP3,MPEG_LAYER_III,320.0,constant,MPEG 1.0,joint stereo,
music/low_stream/hash-head - 05.Breaking.mp3,archive_low_download,True,10039405,251.20099773242632,44100.0,2.0,319.7250039808759,MP3,MPEG_LAYER_III,320.0,constant,MPEG 1.0,joint stereo,
music/low_stream/fst - fst_ambientimprovisations_vol2_01_vbr.mp3,archive_low_download,True,22285941,954.3836734693878,44100.0,2.0,186.80907160941564,MP3,MPEG_LAYER_III,,variable,MPEG 1.0,joint stereo,
music/low_stream/POWER NOIZE MC - 19. Working Class Protest Strike.mp3,archive_low_download,True,9833721,245.76,44100.0,2.0,320.10810546875,MP3,MPEG_LAYER_III,320.0,constant,MPEG 1.0,joint stereo,
music/low_stream/Stahlfabrik - 2_emision_termoionica_parte_2_dimensional.mp3,archive_low_download,True,72042545,1800.8787083333334,48000.0,2.0,320.0328580337251,MP3,MPEG_LAYER_III,320.0,constant,MPEG 1.0,joint stereo,
music/low_stream/Crucifuck - 07Cancer.mp3,archive_low_download,True,6995009,218.83043083900228,44100.0,2.0,255.72344662233422,MP3,MPEG_LAYER_III,256.0,constant,MPEG 1.0,stereo,
music/low_stream/Ayato - 16-u_come_4_troubles.mp3,archive_low_download,True,2403350,150.54684807256237,44100.0,2.0,127.71306902906952,MP3,MPEG_LAYER_III,128.0,constant,MPEG 1.0,stereo,
music/low_stream/Phillip Wilkerson - 02SpeakingOfImmortality.mp3,archive_low_download,True,7368399,180.0,44100.0,2.0,327.48440000000005,MP3,MPEG_LAYER_III,320.0,constant,MPEG 1.0,joint stereo,
music/low_stream/ronald vonk - ms010n_1_roonan-stitched.mp3,archive_low_download,True,8870016,369.54256235827665,44100.0,2.0,192.02152939342116,MP3,MPEG_LAYER_III,192.0,constant,MPEG 1.0,joint stereo,
music/low_stream/Dr. Stylus - hitthedoor_64kb.mp3,archive_low_download,True,3217088,401.99558333333334,24000.0,2.0,64.02235513781557,MP3,MPEG_LAYER_III,64.0,constant,MPEG 2.0,joint stereo,
music/low_stream/Sypha Nadon - MZR046_Sypha_Nadon_Pleasant_Songs_01_You_Lost_Her.mp3,archive_low_download,True,4187172,174.7271201814059,44100.0,2.0,191.7125170106519,MP3,MPEG_LAYER_III,192.0,constant,MPEG 1.0,joint stereo,
music/low_stream/The History and Civilization of the Great Black Swamp - great_black_swamp-05-dreyfusmcdryfus.mp3,archive_low_download,True,3315712,138.14115646258503,44100.0,2.0,192.01877759858178,MP3,MPEG_LAYER_III,192.0,constant,MPEG 1.0,stereo,
music/low_stream/Каловая Рвота - 10. Перемен (Кино cover).mp3,archive_low_download,True,7351113,183.6077551020408,44100.0,2.0,320.2964056028935,MP3,MPEG_LAYER_III,,variable,MPEG 1.0,stereo,
"music/low_stream/Копро-Гурман Должен Быть Довольным & Хрюсопохожие Мутанты, Родившиеся В Коробке Из-Под Стиральной Машины & Гомосексуальн - 22.mp3",archive_low_download,True,266436,22.225600907029477,44100.0,2.0,95.90237892402074,MP3,MPEG_LAYER_III,96.0,constant,MPEG 1.0,joint stereo,
music/low_stream/Jimmy Spits - JimmySpits-LeaPsAndBounds-09-TheOtherSide_vbr.mp3,archive_low_download,True,4332656,255.3208163265306,44100.0,2.0,135.75566809903827,MP3,MPEG_LAYER_III,,variable,MPEG 1.0,joint stereo,
music/low_stream/Electric Sea Spider - 11RubiksCube.mp3,archive_low_download,True,4877312,203.4653514739229,44100.0,2.0,191.76973237628027,MP3,MPEG_LAYER_III,,variable,MPEG 1.0,joint stereo,
music/low_stream/Demonic Sweaters - Demonic Sweaters - Sol Lepidoptera - 12 Welcome Spring.mp3,archive_low_download,True,3192832,128.2843537414966,44100.0,2.0,199.10967514768424,MP3,MPEG_LAYER_III,,variable,MPEG 1.0,joint stereo,
music/low_stream/Nitrogene - (BOMAB014) 01. Nitrogene - Clear_Clear.mp3,archive_low_download,True,15119720,377.9145351473923,44100.0,2.0,320.0664402940328,MP3,MPEG_LAYER_III,,variable,MPEG 1.0,joint stereo,
music/low_stream/Esteban Porronett - 15.SoloEnLaCiudadconSofaPasquinelli.mp3,archive_low_download,True,18540754,463.39775510204083,44100.0,2.0,320.083622259539,MP3,MPEG_LAYER_III,320.0,constant,MPEG 1.0,stereo,
music/low_stream/Susan Matthews - 01-The-Road-From-Veliko-part-one.mp3,archive_low_download,True,6422016,383.13072562358275,44100.0,2.0,134.0955568530306,MP3,MPEG_LAYER_III,,variable,MPEG 1.0,joint stereo,
music/low_stream/Lucas Darklord - 2020_06_04_21_51_19-26.32bpmStereoRough.mp3,archive_low_download,True,4990381,202.64925170068028,44100.0,2.0,197.00565220427103,MP3,MPEG_LAYER_III,,variable,MPEG 1.0,joint stereo,
music/low_stream/Various New England Artists - 98_bonustrack_theAberration-LiquidCourage.mp3,archive_low_download,True,11278080,305.6666666666667,44100.0,2.0,295.1733042529989,MP3,MPEG_LAYER_III,,variable,MPEG 1.0,joint stereo,
music/low_stream/GAAD - 05Gaad-ShootForShit_64kb.mp3,archive_low_download,True,1888884,235.98984126984126,22050.0,2.0,64.03272242012032,MP3,MPEG_LAYER_III,64.0,constant,MPEG 2.0,joint stereo,
music/low_stream/Øe - 01.Oe-DriftI.mp3,archive_low_download,True,16612494,846.1351473922903,44100.0,2.0,157.0670505882958,MP3,MPEG_LAYER_III,,variable,MPEG 1.0,joint stereo,
music/low_stream/daniel_nose - 04. Blockhead (feat. Cuzzin Coo).mp3,archive_low_download,True,5554176,192.02403628117915,44100.0,2.0,231.3950318955724,MP3,MPEG_LAYER_III,,variable,MPEG 1.0,joint stereo,
music/low_stream/SPaCeyALieN Vs Cerebral Bomb - 01_SPaCeyALieN-Hallo_Corona.mp3,archive_low_download,True,7188967,179.87555555555556,44100.0,2.0,319.7306928246689,MP3,MPEG_LAYER_III,320.0,constant,MPEG 1.0,joint stereo,
music/low_stream/NESMETAL - 1-10VictoryFanfare.mp3,archive_low_download,True,1272551,79.51866213151928,44100.0,2.0,128.02539337447848,MP3,MPEG_LAYER_III,128.0,constant,MPEG 1.0,joint stereo,
music/low_stream/Cian Orbe Netlabel - 01 - Yume Station - Asobu (Filmy Ghost Rework) [El Castillo Rospigliosi].mp3,archive_low_download,True,4113730,188.63766439909298,44100.0,2.0,174.4605993974459,MP3,MPEG_LAYER_III,,variable,MPEG 1.0,joint stereo,
music/low_stream/deemage - 04-deemage_-_peace_forever.mp3,archive_low_download,True,390728,130.2,16000.0,2.0,24.007864823348697,MP3,MPEG_LAYER_III,24.0,constant,MPEG 2.0,joint stereo,
music/low_stream/Various Artists - 01. applecore - astrobient.mp3,archive_low_download,True,5754368,241.91747916666668,48000.0,2.0,190.29192995304268,MP3,MPEG_LAYER_III,,variable,MPEG 1.0,joint stereo,
music/low_stream/FamiCorp Virtual Enterprises - FamiCorp Virtual Enterprises - Hoe™ - 17 Renegade Theme.mp3,archive_low_download,True,8824907,347.7884807256236,44100.0,2.0,202.99480837520028,MP3,MPEG_LAYER_III,,variable,MPEG 1.0,joint stereo,
music/low_stream/Deep-X Recordings - deepx272-01_-_Jozef_Fabianskiy_-_Black_Sea.mp3,archive_low_download,True,19739065,493.8978684807256,44100.0,2.0,319.7270733031369,MP3,MPEG_LAYER_III,320.0,constant,MPEG 1.0,joint stereo,
music/low_stream/various artists - 10Telegraph909-cyclotron.mp3,archive_low_download,True,4122599,103.0517006802721,44100.0,2.0,320.04121991471163,MP3,MPEG_LAYER_III,320.0,constant,MPEG 1.0,stereo,
music/low_stream/Dafuqex - Dafuqex - Nightwish - 05 The Krispiest Kriddim.mp3,archive_low_download,True,6783832,278.9051700680272,44100.0,2.0,194.5846180863659,MP3,MPEG_LAYER_III,,variable,MPEG 1.0,joint stereo,
music/low_stream/Blit - blit-satisfaccion_vbr.mp3,archive_low_download,True,2640566,158.7461224489796,44100.0,2.0,133.0711432450222,MP3,MPEG_LAYER_III,,variable,MPEG 1.0,joint stereo,
music/low_stream/Giftgas - 07HeldAgainstTheirWill.mp3,archive_low_download,True,5432760,226.3428798185941,44100.0,2.0,192.01876389853012,MP3,MPEG_LAYER_III,192.0,constant,MPEG 1.0,stereo,
music/low_stream/Post Apocalyptic Zombie - 06DustmitesInTheBunker.mp3,archive_low_download,True,7255816,302.29614512471653,44100.0,2.0,192.01875027566788,MP3,MPEG_LAYER_III,192.0,constant,MPEG 1.0,stereo,
music/low_stream/Stream69 - JNN091-12-PureVolume.mp3,archive_low_download,True,12441728,311.3075283446712,44100.0,2.0,319.7282909579972,MP3,MPEG_LAYER_III,320.0,constant,MPEG 1.0,joint stereo,
music/low_stream/fp - 01-fp-cendre-1.mp3,archive_low_download,True,5933056,244.59861678004535,44100.0,2.0,194.05035328831102,MP3,MPEG_LAYER_III,,variable,MPEG 1.0,stereo,
music/low_stream/Schlam and Selbst-Morder - 03Selbst-morder-Awaken.mp3,archive_low_download,True,970075,69.41750566893424,44100.0,2.0,111.7960077247925,MP3,MPEG_LAYER_III,112.0,constant,MPEG 1.0,joint stereo,
music/low_stream/Given Willingly - 06...heresEveryShittyMinuteRevisited.mp3,archive_low_download,True,2224640,99.81891156462585,44100.0,2.0,178.29406994162218,MP3,MPEG_LAYER_III,,variable,MPEG 1.0,joint stereo,
music/low_stream/vlad ribarski - thejammaleckstar_118.200.mp3,archive_low_download,True,2810360,140.63244897959183,44100.0,2.0,159.86978939165493,MP3,MPEG_LAYER_III,160.0,constant,MPEG 1.0,stereo,
music/low_stream/Akustikkoppler - 10GesangDerQuerulanten.mp3,archive_low_download,True,5668718,210.29995464852607,44100.0,2.0,215.64314683658844,MP3,MPEG_LAYER_III,,variable,MPEG 1.0,joint stereo,
music/low_stream/v.v.a.a - sesion_mecha_po_poy_aggnes_pe.mp3,archive_low_download,True,908352,56.772,48000.0,2.0,128.0,MP3,MPEG_LAYER_III,128.0,constant,MPEG 1.0,joint stereo,
music/low_stream/Andy N - 17InvisibleThreadsTorIntermixKylyra.mp3,archive_low_download,True,10243646,320.4660090702948,44100.0,2.0,255.718752318672,MP3,MPEG_LAYER_III,256.0,constant,MPEG 1.0,stereo,
music/low_stream/Fossil Fuel - 25-fossil_fuel-a_hook.mp3,archive_low_download,True,5102907,290.3466666666667,44100.0,2.0,140.60177259368112,MP3,MPEG_LAYER_III,,variable,MPEG 1.0,joint stereo,
music/low_stream/we are debris - We Are Debris - lost ep - 06 - its the clapz-n.mp3,archive_low_download,True,997669,62.34820861678005,44100.0,2.0,128.01253118685344,MP3,MPEG_LAYER_III,128.0,constant,MPEG 1.0,joint stereo,
music/low_stream/Sara Ayers - SaraAyers-Sylvatica-05-21Years.mp3,archive_low_download,True,12620857,394.35925170068026,44100.0,2.0,256.0276082393881,MP3,MPEG_LAYER_III,256.0,constant,MPEG 1.0,stereo,
music/low_stream/бельфегоров Х горгоротов - 17. вереница времени.mp3,archive_low_download,True,6439829,160.8109977324263,44100.0,2.0,320.3675913118949,MP3,MPEG_LAYER_III,,variable,MPEG 1.0,joint stereo,
music/low_stream/Lost Tigres - Track5_vbr (2).mp3,archive_low_download,True,3915923,184.73795918367347,44100.0,2.0,169.57740649745477,MP3,MPEG_LAYER_III,,variable,MPEG 1.0,joint stereo,
music/low_stream/Kooky Monster - EatsMushroomsForWallpaperInspirations.mp3,archive_low_download,True,6458701,404.59732426303856,44100.0,2.0,127.70625236861017,MP3,MPEG_LAYER_III,128.0,constant,MPEG 1.0,joint stereo,
music/low_stream/TETSURO - 07. Q.33.mp3,archive_low_download,True,1540457,38.541337868480724,44100.0,2.0,319.7516402272673,MP3,MPEG_LAYER_III,320.0,constant,MPEG 1.0,joint stereo,
music/low_stream/Chromatic - 03.653_Chromatic_PI.mp3,archive_low_download,True,2235331,140.02151927437643,44100.0,2.0,127.71356926186758,MP3,MPEG_LAYER_III,128.0,constant,MPEG 1.0,joint stereo,
music/low_stream/Artificial Memory Trace - 05Unspeakableextract.mp3,archive_low_download,True,19943936,731.5333333333333,44100.0,2.0,218.10556092226375,MP3,MPEG_LAYER_III,,variable,MPEG 1.0,joint stereo,
music/low_stream/INvbaei - 01_-_INvbaei_-_Lmvuz2z.mp3,archive_low_download,True,3615942,180.94619047619048,44100.0,2.0,159.868168121541,MP3,MPEG_LAYER_III,160.0,constant,MPEG 1.0,joint stereo,
"music/low_stream/DJ R3V3R3ND MURD3R - 12 Hate My Guts (feat. Jay Omerta, Mista Mead, H3vy Stu).mp3",archive_low_download,True,6592062,162.93598639455783,44100.0,2.0,323.66389504830363,MP3,MPEG_LAYER_III,320.0,constant,MPEG 1.0,joint stereo,
music/low_stream/Jochem - kzz011_-_jochem_-_06_-_hans_en_grietje.mp3,archive_low_download,True,1331609,33.201632653061225,44100.0,2.0,320.8538601494886,MP3,MPEG_LAYER_III,320.0,constant,MPEG 1.0,joint stereo,
music/low_stream/NOS project - 09_fiveDots.mp3,archive_low_download,True,6718477,265.0222448979592,44100.0,2.0,202.8049231138857,MP3,MPEG_LAYER_III,,variable,MPEG 1.0,joint stereo,
music/low_stream/Shearer - 01. SHEARER-Repsol's dirty dreams.mp3,archive_low_download,True,9146303,228.58916099773242,44100.0,2.0,320.0957721732303,MP3,MPEG_LAYER_III,320.0,constant,MPEG 1.0,stereo,
music/low_stream/Wenis - 07 Lady Luck.mp3,archive_low_download,True,4874936,203.10249433106577,44100.0,2.0,192.01875451332057,MP3,MPEG_LAYER_III,192.0,constant,MPEG 1.0,stereo,
music/low_stream/Spettro Records - 11 Crack in the Air.mp3,archive_low_download,True,18291449,434.8353514739229,44100.0,2.0,336.5218386775426,MP3,MPEG_LAYER_III,,variable,MPEG 1.0,joint stereo,
music/low_stream/Fossil Fuel - 12-fossil_fuel-libraries_are_stupid.mp3,archive_low_download,True,2039858,119.32,44100.0,2.0,136.76553804894402,MP3,MPEG_LAYER_III,,variable,MPEG 1.0,joint stereo,
music/low_stream/Cousin Silas - 05_Cousin-Silas_-_Micro-Dronescape-005.mp3,archive_low_download,True,29982720,718.5960770975057,44100.0,2.0,333.79219236602285,MP3,MPEG_LAYER_III,320.0,constant,MPEG 1.0,joint stereo,
music/low_stream/Earl Grey - 10.Fly (2).mp3,archive_low_download,True,10709547,267.9657369614512,44100.0,2.0,319.7288465738631,MP3,MPEG_LAYER_III,320.0,constant,MPEG 1.0,joint stereo,
music/low_stream/The Avant Garde of Sussex County - brennanworldwidectrackthree_64kb.mp3,archive_low_download,True,3569427,446.0404535147392,22050.0,2.0,64.01978962891624,MP3,MPEG_LAYER_III,64.0,constant,MPEG 2.0,joint stereo,
music/low_stream/Cairo Braga - 01-Cairo_Braga-Morte_na_Praia.mp3,archive_low_download,True,1807872,77.64705215419501,44100.0,2.0,186.26561599890195,MP3,MPEG_LAYER_III,,variable,MPEG 1.0,joint stereo,
music/low_stream/Unknown - SIDE_B.03.TypeMars - Emotion Burst.mp3,archive_low_download,True,8749653,364.568875,48000.0,2.0,192.0,MP3,MPEG_LAYER_III,192.0,constant,MPEG 1.0,joint stereo,
music/low_stream/IRISH-METAL ARCHIVE - 4WaysOut_-_CompOfKerryBands_-_03_TwiceBitten_-_DeathToMyEnemies.mp3,archive_low_download,True,5469696,193.09714285714287,44100.0,2.0,226.6090909090909,MP3,MPEG_LAYER_III,,variable,MPEG 1.0,joint stereo,
music/low_stream/Notorious Twins - 04_Notorious_Twins_-_Vintage_Chic.mp3,archive_low_download,True,3801088,157.49428571428572,44100.0,2.0,193.07814161057996,MP3,MPEG_LAYER_III,192.0,constant,MPEG 1.0,joint stereo,
music/low_stream/pañirez yufla - 01_Achalaw_la_cool_Raymi_64kb.mp3,archive_low_download,True,755588,94.32780045351474,22050.0,2.0,64.08189283475197,MP3,MPEG_LAYER_III,64.0,constant,MPEG 2.0,joint stereo,
music/low_stream/Carsten Brase und die intoleranten Hater - 03_kreislauf091.mp3,archive_low_download,True,7270109,181.74952083333332,48000.0,2.0,320.00564146374984,MP3,MPEG_LAYER_III,320.0,constant,MPEG 1.0,joint stereo,
music/low_stream/PKA - 10-the_blood_soaked-80s.mp3,archive_low_download,True,2000896,49.92,44100.0,2.0,320.65641025641025,MP3,MPEG_LAYER_III,320.0,constant,MPEG 1.0,stereo,
music/low_stream/RedSK - 02Redsk-OpenSoresOpenSoresOpenSores.mp3,archive_low_download,True,4617115,289.2254195011338,44100.0,2.0,127.70979834244896,MP3,MPEG_LAYER_III,128.0,constant,MPEG 1.0,joint stereo,
music/low_stream/Dark DJ - 12.Auregan.mp3,archive_low_download,True,4640058,116.0980045351474,44100.0,2.0,319.73386750813785,MP3,MPEG_LAYER_III,320.0,constant,MPEG 1.0,stereo,
music/low_stream/Malaventura - 13_algoritmo_jilguero.mp3,archive_low_download,True,629248,21.881995464852608,44100.0,2.0,230.0514140991258,MP3,MPEG_LAYER_III,,variable,MPEG 1.0,joint stereo,
music/low_stream/Wildness Records - 03-Cricothyroidotomy.mp3,archive_low_download,True,11454087,258.0,44100.0,2.0,355.165488372093,MP3,MPEG_LAYER_III,320.0,constant,MPEG 1.0,stereo,
music/low_stream/various artists - FW036-10_HeskinRadiophonic_AWhisperIsNeverEnough_vbr.mp3,archive_low_download,True,2123856,111.82730158730159,44100.0,2.0,151.93828125,MP3,MPEG_LAYER_III,,variable,MPEG 1.0,joint stereo,
music/low_stream/The Avant Garde of Sussex County - brennanworldwideatrackone_vbr.mp3,archive_low_download,True,870100,64.05224489795918,44100.0,2.0,108.67378670473083,MP3,MPEG_LAYER_III,,variable,MPEG 1.0,joint stereo,
music/low_stream/Thomas Park - Track20210521081238738438.42.mp3,archive_low_download,True,4226097,176.0,44100.0,2.0,192.0953181818182,MP3,MPEG_LAYER_III,192.0,constant,MPEG 1.0,joint stereo,
music/low_stream/Charles Rice Goff III - 01Powder.mp3,archive_low_download,True,4035646,168.39873015873016,44100.0,2.0,191.7185953217609,MP3,MPEG_LAYER_III,192.0,constant,MPEG 1.0,stereo,
music/low_stream/circle around the zero - 01FirstTruth_64kb.mp3,archive_low_download,True,2433358,305.5861678004535,22050.0,2.0,63.70335457301125,MP3,MPEG_LAYER_III,64.0,constant,MPEG 2.0,joint stereo,
music/low_stream/massju - WaW008-03-massju-Aeration.mp3,archive_low_download,True,4511872,140.978231292517,44100.0,2.0,256.03226589718105,MP3,MPEG_LAYER_III,256.0,constant,MPEG 1.0,stereo,
music/low_stream/S KU M X TKno BeurK - S KU M X TKno BeurK - The End Ov Thee Whirled Suites - 04 End Of Thee Whirled Remix.mp3,archive_low_download,True,30523613,756.4324716553288,44100.0,2.0,322.8165277802426,MP3,MPEG_LAYER_III,320.0,constant,MPEG 1.0,joint stereo,
music/low_stream/f393n6 - 06f393n6CoffeeCigaretteAnd6M.mp3,archive_low_download,True,9270480,386.1420408163265,44100.0,2.0,192.06362467866325,MP3,MPEG_LAYER_III,192.0,constant,MPEG 1.0,joint stereo,
music/low_stream/Senmuth - 06_-_Kniga_Dvukh_Putey-_Kitab_al-Mayyit_remixed.mp3,archive_low_download,True,15512567,321.80850340136055,44100.0,2.0,385.63473211029924,MP3,MPEG_LAYER_III,320.0,constant,MPEG 1.0,stereo,
music/low_stream/crazy language - cl008_04-huron_-_deeply_science.mp3,archive_low_download,True,7393219,184.9862358276644,44100.0,2.0,319.7305558187635,MP3,MPEG_LAYER_III,320.0,constant,MPEG 1.0,joint stereo,
music/low_stream/Dither Craf - MesozoicBlues.mp3,archive_low_download,True,5273983,329.591746031746,44100.0,2.0,128.01250185414568,MP3,MPEG_LAYER_III,128.0,constant,MPEG 1.0,joint stereo,
music/low_stream/Dr. NoiseM Tapes - 17-1. Dr. NoiseM - Banjo Boy (Flexi-Terror Mix).mp3,archive_low_download,True,85677119,2095.5700453514737,44100.0,2.0,327.078998633539,MP3,MPEG_LAYER_III,,variable,MPEG 1.0,joint stereo,
music/low_stream/Deep-X Recordings - deepx335-04_-_Xen_Mayer_-_Bishop.mp3,archive_low_download,True,14885210,372.4503174603175,44100.0,2.0,319.72500604107415,MP3,MPEG_LAYER_III,320.0,constant,MPEG 1.0,joint stereo,
music/low_stream/BLUnderwood - 11_Klaxon_64kb.mp3,archive_low_download,True,792995,99.00371882086168,22050.0,2.0,64.07799702432213,MP3,MPEG_LAYER_III,64.0,constant,MPEG 2.0,joint stereo,
music/low_stream/MYRDAL - 02 Alive tonight.mp3,archive_low_download,True,15120743,278.2692970521542,44100.0,2.0,434.70819555535854,MP3,MPEG_LAYER_III,320.0,constant,MPEG 1.0,joint stereo,
music/low_stream/Pherox - Pherox_Formaldehido_vbr.mp3,archive_low_download,True,8669153,393.97877551020406,44100.0,2.0,176.03289392985016,MP3,MPEG_LAYER_III,,variable,MPEG 1.0,joint stereo,
music/low_stream/Deep-X Recordings - deepx161-03_-_eM_-_Rrrr.mp3,archive_low_download,True,17975306,449.7691609977324,44100.0,2.0,319.72500667008825,MP3,MPEG_LAYER_III,320.0,constant,MPEG 1.0,joint stereo,
music/low_stream/Fabián Ramírez - 10.VisionsOfThePlaceThatWeVisitedBefore.mp3,archive_low_download,True,7997128,200.0969387755102,44100.0,2.0,319.7301487544302,MP3,MPEG_LAYER_III,320.0,constant,MPEG 1.0,joint stereo,
music/low_stream/precocious mouse + d0x10 - 09-rmx2seq.mp3,archive_low_download,True,1388559,75.8291156462585,44100.0,2.0,146.49349270827352,MP3,MPEG_LAYER_III,,variable,MPEG 1.0,joint stereo,
music/low_stream/Arnao - can_i_grow_one_day.mp3,archive_low_download,True,1747803,218.4380045351474,22050.0,2.0,64.01094914667279,MP3,MPEG_LAYER_III,64.0,constant,MPEG 2.0,joint stereo,
music/low_stream/Thomas Park - Blinkies_Live_29.mp3,archive_low_download,True,16141189,585.728,48000.0,2.0,220.45985850087413,MP3,MPEG_LAYER_III,,variable,MPEG 1.0,joint stereo,
music/low_stream/Insatiable Void - 03. Cryptic Entities (Original IV Version).mp3,archive_low_download,True,5342358,195.73551020408163,44100.0,2.0,218.35007840651275,MP3,MPEG_LAYER_III,,variable,MPEG 1.0,joint stereo,
music/low_stream/krai - 06 - Я как лестница.mp3,archive_low_download,True,3770359,94.08725,48000.0,2.0,320.5840536310712,MP3,MPEG_LAYER_III,320.0,constant,MPEG 1.0,stereo,
music/low_stream/Senmuth - 05_-_Hiram_Bingem.mp3,archive_low_download,True,5150206,214.56562358276645,44100.0,2.0,192.02352787004997,MP3,MPEG_LAYER_III,192.0,constant,MPEG 1.0,stereo,
music/low_stream/Madame George - mg-5-31-t23-connect_her.mp3,archive_low_download,True,1444727,56.62897916666667,48000.0,2.0,204.09719846765734,MP3,MPEG_LAYER_III,,variable,MPEG 1.0,stereo,
music/low_stream/D.S.F.A - 03 - DROWN.mp3,archive_low_download,True,16924672,423.4775056689342,44100.0,2.0,319.72743342323076,MP3,MPEG_LAYER_III,320.0,constant,MPEG 1.0,joint stereo,
music/low_stream/Punky Donch - PunkyDonch08.mp3,archive_low_download,True,8493068,212.5061224489796,44100.0,2.0,319.7298186846958,MP3,MPEG_LAYER_III,320.0,constant,MPEG 1.0,joint stereo,
music/low_stream/Reset Thinking - 1.WhooshSha.mp3,archive_low_download,True,9896336,247.38102040816327,44100.0,2.0,320.0354169021265,MP3,MPEG_LAYER_III,320.0,constant,MPEG 1.0,stereo,
music/low_stream/Shambles Constant - FCC025 Lassiter's Caller Analysis.mp3,archive_low_download,True,29275903,1829.565260770975,44100.0,2.0,128.01250057694338,MP3,MPEG_LAYER_III,128.0,constant,MPEG 1.0,stereo,
music/low_stream/sideation - taediumvitae004_09.mp3,archive_low_download,True,3767371,157.2091836734694,44100.0,2.0,191.71251510725992,MP3,MPEG_LAYER_III,192.0,constant,MPEG 1.0,stereo,
music/low_stream/Ultramerda - 03 - L'eterna giovinezza.mp3,archive_low_download,True,9171628,229.48469387755102,44100.0,2.0,319.7294894061673,MP3,MPEG_LAYER_III,320.0,constant,MPEG 1.0,joint stereo,
music/low_stream/Kyland Holmes - Seattle_Session_2010_Track_22.mp3,archive_low_download,True,991038,61.92580498866213,44100.0,2.0,128.02908256826984,MP3,MPEG_LAYER_III,128.0,constant,MPEG 1.0,joint stereo,
music/low_stream/George L Smyth - The Whirling Way.mp3,archive_low_download,True,20951759,905.8568707482993,44100.0,2.0,185.03372598094816,MP3,MPEG_LAYER_III,,variable,MPEG 1.0,joint stereo,
music/low_stream/Third I - ThirdI01III.mp3,archive_low_download,True,368768,30.766054421768708,44100.0,2.0,95.88957880515896,MP3,MPEG_LAYER_III,96.0,constant,MPEG 1.0,joint stereo,
music/low_stream/Dead Bees records - 19-theKoolaidElectricCompany-Traumalo_vbr.mp3,archive_low_download,True,13208198,649.7872108843537,44100.0,2.0,162.61567206930746,MP3,MPEG_LAYER_III,,variable,MPEG 1.0,joint stereo,
music/low_stream/Flydende IndsprÃ¸jtning - 08.Fortvivlelse.mp3,archive_low_download,True,3373426,140.59392290249434,44100.0,2.0,191.9528770721939,MP3,MPEG_LAYER_III,192.0,constant,MPEG 1.0,joint stereo,
music/low_stream/Djet - 01_R1.mp3,archive_low_download,True,14685144,367.0927437641723,44100.0,2.0,320.03125639408506,MP3,MPEG_LAYER_III,320.0,constant,MPEG 1.0,stereo,
music/low_stream/dorothy's magic bag - kahvi121f_dmb-the_water_lilly_people_pumpkin_iron_remix_64kb.mp3,archive_low_download,True,1615671,201.81573696145125,22050.0,2.0,64.04539207202097,MP3,MPEG_LAYER_III,64.0,constant,MPEG 2.0,joint stereo,
music/low_stream/The Peach Tree - 08-AllThisIsRealIHopedementio13sParanoidNormalMix.mp3,archive_low_download,True,6391916,159.64879818594105,44100.0,2.0,320.29885962839063,MP3,MPEG_LAYER_III,320.0,constant,MPEG 1.0,stereo,
music/low_stream/Erin Ryan - 06 Jupiter Rising.mp3,archive_low_download,True,7664273,320.8801133786848,44100.0,2.0,191.08128376793613,MP3,MPEG_LAYER_III,,variable,MPEG 1.0,joint stereo,
music/low_stream/Unknown - 10. Emil Sagitov - Couple.mp3,archive_low_download,True,7073214,176.97922902494332,44100.0,2.0,319.73080859124354,MP3,MPEG_LAYER_III,320.0,constant,MPEG 1.0,joint stereo,
"music/low_stream/Endometrium Cuntplow, Dental Work, Popsicle Dice Love, RedSK - 30DentalWork-SuperMarioPsilocybinMushrooms.mp3",archive_low_download,True,3979264,99.34666666666666,44100.0,2.0,320.4346262246678,MP3,MPEG_LAYER_III,320.0,constant,MPEG 1.0,stereo,
music/low_stream/ForstWölfin - Forstwlfin-BeyondTimeAndSpace-07Countdown000-01.mp3,archive_low_download,True,13656637,336.00725623582764,44100.0,2.0,325.15100186800845,MP3,MPEG_LAYER_III,320.0,constant,MPEG 1.0,joint stereo,
music/low_stream/Struggleburger - SM07_64kb.mp3,archive_low_download,True,979614,122.33106575963718,22050.0,2.0,64.06313842959888,MP3,MPEG_LAYER_III,64.0,constant,MPEG 2.0,joint stereo,
music/low_stream/Brideburger-Matt Catling - 4Closed.mp3,archive_low_download,True,143832,71.356375,8000.0,2.0,16.125482831772214,MP3,MPEG_LAYER_III,16.0,constant,MPEG 2.5,dual channel,
music/low_stream/BLUnderwood - 01_Captain_64kb.mp3,archive_low_download,True,742422,92.68208616780045,22050.0,2.0,64.08332230725568,MP3,MPEG_LAYER_III,64.0,constant,MPEG 2.0,joint stereo,
music/low_stream/Baden Dangit - 01-Untitled-#1.mp3,archive_low_download,True,703080,117.18,16000.0,2.0,48.0,MP3,MPEG_LAYER_III,48.0,constant,MPEG 2.0,joint stereo,
music/low_stream/Limbo's Luna Park - 14_La_Verite_Sur_Le_Sexe_Des_Anges.mp3,archive_low_download,True,5215245,163.15163265306123,44100.0,2.0,255.7250535685471,MP3,MPEG_LAYER_III,256.0,constant,MPEG 1.0,joint stereo,
music/low_stream/Edwin Perry Manchester - 01ToCutOffasaLimb.mp3,archive_low_download,True,10630091,298.5937188208617,44100.0,2.0,284.8041423504268,MP3,MPEG_LAYER_III,,variable,MPEG 1.0,stereo,
music/low_stream/IRISH-METAL ARCHIVE - Flatline.mp3,archive_low_download,True,3978230,166.0081632653061,44100.0,2.0,191.71250000000003,MP3,MPEG_LAYER_III,192.0,constant,MPEG 1.0,joint stereo,
music/low_stream/System 09 - 03GetYourBooksBeforeLunch.mp3,archive_low_download,True,3371008,130.80526077097505,44100.0,2.0,206.16956719514494,MP3,MPEG_LAYER_III,,variable,MPEG 1.0,joint stereo,
music/low_stream/Paul Robeson and Treorchy Male Voice Choir - RaretunesRobesonWelshMiners.mp3,archive_low_download,True,31742480,1307.3298866213152,44100.0,2.0,194.24312302404888,MP3,MPEG_LAYER_III,,variable,MPEG 1.0,joint stereo,
music/low_stream/Lords of Wet Cracks - 04. Succ Your Mouth.mp3,archive_low_download,True,5034327,125.86272108843538,44100.0,2.0,319.988441785727,MP3,MPEG_LAYER_III,320.0,constant,MPEG 1.0,joint stereo,
music/low_stream/Yoshiwaku - 06.Angst_Yoshiwaku_Unsound_Territory.mp3,archive_low_download,True,2706566,61.52122448979592,44100.0,2.0,351.95216251899126,MP3,MPEG_LAYER_III,320.0,constant,MPEG 1.0,joint stereo,
music/low_stream/Abishai - 13 Chelsea (Demo).mp3,archive_low_download,True,16869376,364.58666666666664,48000.0,2.0,370.15892334698657,MP3,MPEG_LAYER_III,320.0,constant,MPEG 1.0,joint stereo,
music/low_stream/Start! Start! - SceneItAllBefore.mp3,archive_low_download,True,3789824,214.21333333333334,44100.0,2.0,141.53456989916594,MP3,MPEG_LAYER_III,,variable,MPEG 1.0,joint stereo,
music/low_stream/Animula Vagula - 11Item.mp3,archive_low_download,True,8231973,205.71428571428572,44100.0,2.0,320.1322833333333,MP3,MPEG_LAYER_III,320.0,constant,MPEG 1.0,joint stereo,
music/low_stream/Paul Minesweeper - 04PaulMinesweeper-TearsOfAGlacier.mp3,archive_low_download,True,15138386,375.71154195011337,44100.0,2.0,322.3406110214216,MP3,MPEG_LAYER_III,320.0,constant,MPEG 1.0,joint stereo,
music/low_stream/the human grizzly - 04_my_own_mistakes.mp3,archive_low_download,True,3133952,135.40349206349205,44100.0,2.0,185.16225555130933,MP3,MPEG_LAYER_III,,variable,MPEG 1.0,joint stereo,
music/low_stream/F. Peacock - 08MelodyForABadguy.mp3,archive_low_download,True,9763256,244.05755102040817,44100.0,2.0,320.0312699747969,MP3,MPEG_LAYER_III,320.0,constant,MPEG 1.0,stereo,
music/low_stream/Maitreya - Maitreya_64kb_mp3.mp3,archive_low_download,True,12600941,281.4661224489796,22050.0,2.0,358.151549901971,MP3,MPEG_LAYER_III,64.0,constant,MPEG 2.0,joint stereo,
music/low_stream/Tribe Of Astronauts - Missive_2.mp3,archive_low_download,True,57349520,2389.324648526077,44100.0,2.0,192.01918009887083,MP3,MPEG_LAYER_III,192.0,constant,MPEG 1.0,joint stereo,
music/low_stream/Captains of Industry - CofI_CaptainElectronic_08WeKnewSomething.mp3,archive_low_download,True,5674496,226.6095238095238,44100.0,2.0,200.32683197444734,MP3,MPEG_LAYER_III,,variable,MPEG 1.0,joint stereo,
music/low_stream/Das Hertz - pzm38_160kb.mp3,archive_low_download,True,54507850,2727.7302267573696,44100.0,2.0,159.86287636603132,MP3,MPEG_LAYER_III,160.0,constant,MPEG 1.0,joint stereo,
music/low_stream/Alg-a Netlabel - 03-Fragments.mp3,archive_low_download,True,22837754,571.4349206349207,44100.0,2.0,319.72500349996113,MP3,MPEG_LAYER_III,320.0,constant,MPEG 1.0,joint stereo,
music/low_stream/ronald vonk - ms010n_2_roonan-mice_in_your_cabinet_vbr.mp3,archive_low_download,True,12172384,549.250612244898,44100.0,2.0,177.29442594882525,MP3,MPEG_LAYER_III,,variable,MPEG 1.0,joint stereo,
music/low_stream/BIOCIDIO - 04-PlataOPlomo.mp3,archive_low_download,True,3563842,82.24546485260771,44100.0,2.0,346.6542021629297,MP3,MPEG_LAYER_III,320.0,constant,MPEG 1.0,joint stereo,
music/low_stream/Struggleburger - AC04_64kb.mp3,archive_low_download,True,2069024,258.5073922902494,22050.0,2.0,64.02985946883628,MP3,MPEG_LAYER_III,64.0,constant,MPEG 2.0,joint stereo,
music/low_stream/Jab Lemur - 06YUPISGRUPIES.mp3,archive_low_download,True,5962499,148.87777777777777,44100.0,2.0,320.3969908202105,MP3,MPEG_LAYER_III,320.0,constant,MPEG 1.0,stereo,
music/low_stream/netwaves - 03WeLove.mp3,archive_low_download,True,10940149,456.5177777777778,44100.0,2.0,191.714750794663,MP3,MPEG_LAYER_III,192.0,constant,MPEG 1.0,joint stereo,
music/low_stream/Lucas Darklord - 2019_08_16_00_24_33-32.551bpmStereoRough.mp3,archive_low_download,True,2876007,118.46820861678005,44100.0,2.0,194.21291390018618,MP3,MPEG_LAYER_III,,variable,MPEG 1.0,joint stereo,
music/low_stream/Mumford Babbs Creative Music Squad - pureftpd.4504a88b.7d_64kb.mp3,archive_low_download,True,6033367,754.0502494331066,22050.0,2.0,64.01023809260322,MP3,MPEG_LAYER_III,64.0,constant,MPEG 2.0,joint stereo,
music/low_stream/Kakofonous A. Dischord - Kakofonous A. Dischord - Typographical Errors - 16 Explore.mp3,archive_low_download,True,4696625,173.33333333333334,44100.0,2.0,216.7673076923077,MP3,MPEG_LAYER_III,,variable,MPEG 1.0,joint stereo,
music/low_stream/ENE - 03-ene-d_form.mp3,archive_low_download,True,4567640,207.48,44100.0,2.0,176.1187584345479,MP3,MPEG_LAYER_III,,variable,MPEG 1.0,joint stereo,
music/low_stream/Shit Devourer - 06HowToGetFreeCigarettes.mp3,archive_low_download,True,1765504,110.58977324263039,44100.0,2.0,127.7155345007565,MP3,MPEG_LAYER_III,128.0,constant,MPEG 1.0,stereo,
music/low_stream/the Beige Channel - 08Hornets1_64kb.mp3,archive_low_download,True,2401093,300.01596371882084,22050.0,2.0,64.0257397036469,MP3,MPEG_LAYER_III,64.0,constant,MPEG 2.0,joint stereo,
music/low_stream/Evestus - Hyperdriver - dtrash156_01_dramakilljunkie.mp3,archive_low_download,True,10468396,261.68433106575964,44100.0,2.0,320.031266904379,MP3,MPEG_LAYER_III,320.0,constant,MPEG 1.0,stereo,
music/low_stream/Unknown - Eqq032_01_Oplen_feat_Edvard_Franza_-_3_30.mp3,archive_low_download,True,10351770,431.2762811791383,44100.0,2.0,192.0211326567288,MP3,MPEG_LAYER_III,192.0,constant,MPEG 1.0,stereo,
music/low_stream/Neverberated - ffs107_02_neverberated_elpoepdeffutsym.mp3,archive_low_download,True,9824256,409.95251700680274,44100.0,2.0,191.71500293214646,MP3,MPEG_LAYER_III,192.0,constant,MPEG 1.0,joint stereo,
music/low_stream/Lately Kind of Yeah - Lately Kind of Yeah - Espers - 46 The Deathly Duke.mp3,archive_low_download,True,2319745,52.89503401360544,44100.0,2.0,350.8450338688997,MP3,MPEG_LAYER_III,320.0,constant,MPEG 1.0,joint stereo,
music/low_stream/kowi - art005_kowi-no_name.mp3,archive_low_download,True,7538688,314.1066666666667,48000.0,2.0,192.00326003905255,MP3,MPEG_LAYER_III,192.0,constant,MPEG 1.0,stereo,
music/low_stream/Atomi​-​chan - 03. I like neko lolis. I'm a pedo- or a zoophile.mp3,archive_low_download,True,3783043,94.65741496598639,44100.0,2.0,319.7250211288255,MP3,MPEG_LAYER_III,320.0,constant,MPEG 1.0,joint stereo,
music/low_stream/Dr. NoiseM Tapes - 04. Dr NoiseM - Tisch.mp3,archive_low_download,True,2437490,98.39378684807257,44100.0,2.0,198.18243229228844,MP3,MPEG_LAYER_III,,variable,MPEG 1.0,joint stereo,
music/low_stream/Tim Walters - 03_under_64kb.mp3,archive_low_download,True,2687604,335.82984126984127,22050.0,2.0,64.02299426013174,MP3,MPEG_LAYER_III,64.0,constant,MPEG 2.0,joint stereo,
music/low_stream/Dweller - 02 - Subspecies.mp3,archive_low_download,True,9169920,389.04,44100.0,2.0,188.56508328192473,MP3,MPEG_LAYER_III,,variable,MPEG 1.0,joint stereo,
music/low_stream/twoleggedzoo - Zimmer132.1_Twoleggedzoo_-_synapse_bath.mp3,archive_low_download,True,30471940,762.4505215419501,44100.0,2.0,319.7263469726507,MP3,MPEG_LAYER_III,320.0,constant,MPEG 1.0,joint stereo,
music/low_stream/Marcus Burkhard - 18_vbr.mp3,archive_low_download,True,3288569,167.20979591836735,44100.0,2.0,157.3385808857991,MP3,MPEG_LAYER_III,,variable,MPEG 1.0,joint stereo,
music/low_stream/pH3 - 07_pH3_Sunrise_The_Seering_Paradox_Of_Eternity.mp3,archive_low_download,True,11877740,371.1357596371882,44100.0,2.0,256.0300847670694,MP3,MPEG_LAYER_III,,variable,MPEG 1.0,joint stereo,
music/low_stream/I Killed Techno! - Earth Dies Screaming - 02-I-Killed-Techno-Return-Of-The-Space-Dinosaurs.mp3,archive_low_download,True,1809920,96.9665306122449,44100.0,2.0,149.32327586206895,MP3,MPEG_LAYER_III,,variable,MPEG 1.0,joint stereo,
music/low_stream/Schizoidal - SCHIZOIDAL-Jam_sessions_01.mp3,archive_low_download,True,6270963,270.4106875,48000.0,2.0,185.52411690458794,MP3,MPEG_LAYER_III,,variable,MPEG 1.0,joint stereo,
music/low_stream/Morbidium - 2.Fraility_In_Human_Endurance_64kb.mp3,archive_low_download,True,1922060,241.38897959183674,22050.0,2.0,63.70000828538238,MP3,MPEG_LAYER_III,64.0,constant,MPEG 2.0,joint stereo,
music/low_stream/FamiCorp Virtual Enterprises - FamiCorp Virtual Enterprises - Hoe™ - 19 SuperMall.mp3,archive_low_download,True,7527747,303.624126984127,44100.0,2.0,198.34384242839937,MP3,MPEG_LAYER_III,,variable,MPEG 1.0,joint stereo,
music/low_stream/the Beige Channel - 04YouPhthalate.mp3,archive_low_download,True,4147452,259.19043083900226,44100.0,2.0,128.01250375099582,MP3,MPEG_LAYER_III,128.0,constant,MPEG 1.0,joint stereo,
music/low_stream/Spettro Records - 86-15 15.mp3,archive_low_download,True,13093250,327.60956916099775,44100.0,2.0,319.7281455125155,MP3,MPEG_LAYER_III,320.0,constant,MPEG 1.0,joint stereo,
music/low_stream/Macramota+la ola que queria ser chau+Aceituna+Tengo un grupo musical - 04autobombo.mp3,archive_low_download,True,3871286,185.30589569160998,22050.0,2.0,167.1306133267417,MP3,MPEG_LAYER_III,160.0,constant,MPEG 2.0,stereo,
music/low_stream/Bokor & Pablo Reche - Sample 10.mp3,archive_low_download,True,982203,61.309387755102044,44100.0,2.0,128.1634719855134,MP3,MPEG_LAYER_III,128.0,constant,MPEG 1.0,stereo,
music/low_stream/The Stutters - Stutters_01.mp3,archive_low_download,True,5148092,128.80979591836734,44100.0,2.0,319.732949705942,MP3,MPEG_LAYER_III,320.0,constant,MPEG 1.0,joint stereo,
music/low_stream/VIVA BAZOOKA - 03 Jeudi Gras.mp3,archive_low_download,True,2952192,121.8736507936508,44100.0,2.0,193.7870560716016,MP3,MPEG_LAYER_III,,variable,MPEG 1.0,joint stereo,
music/low_stream/₦ihilis₮ - 07. VII.mp3,archive_low_download,True,5187544,211.8906349206349,44100.0,2.0,195.85741491380324,MP3,MPEG_LAYER_III,,variable,MPEG 1.0,joint stereo,
music/low_stream/Dr. NoiseM Tapes - 11-1. Dr. NoiseM - Einen Ring mit zwei blutroten Steinen (Flexi-Terror Mix).mp3,archive_low_download,True,81972695,1999.0737188208616,44100.0,2.0,328.0427098940642,MP3,MPEG_LAYER_III,,variable,MPEG 1.0,joint stereo,
music/low_stream/Deep-X Recordings - deepx281-01_-_BKMZ_-_Spada.mp3,archive_low_download,True,21552688,539.2774376417234,44100.0,2.0,319.72690115500563,MP3,MPEG_LAYER_III,320.0,constant,MPEG 1.0,joint stereo,
music/low_stream/Turb0slut - turb0slut_-_03_i_live_in_a_ghetto_64kb.mp3,archive_low_download,True,3293067,411.4780416666667,24000.0,2.0,64.02416005795368,MP3,MPEG_LAYER_III,64.0,constant,MPEG 2.0,joint stereo,
music/low_stream/LA_MARAVILLOSA_CABEZA_PARLANTE - 04-LaMaravillosaCabezaParlante-MltiplesFormasDeAmar.mp3,archive_low_download,True,3023818,117.77160997732426,44100.0,2.0,205.40216784552445,MP3,MPEG_LAYER_III,,variable,MPEG 1.0,joint stereo,
music/low_stream/Struggleburger - GOV03_vbr.mp3,archive_low_download,True,4670423,238.94204081632654,44100.0,2.0,156.3700714715207,MP3,MPEG_LAYER_III,,variable,MPEG 1.0,joint stereo,
music/low_stream/Modul - pass018a_-_01_modul_-_catch_the_noon.mp3,archive_low_download,True,5945112,247.6834693877551,44100.0,2.0,192.02289162682126,MP3,MPEG_LAYER_III,192.0,constant,MPEG 1.0,stereo,
music/low_stream/Xenophobe - 006ClassofSecular1990Hymn_64kb.mp3,archive_low_download,True,1291492,161.33224489795919,22050.0,2.0,64.04135767487047,MP3,MPEG_LAYER_III,64.0,constant,MPEG 2.0,joint stereo,
music/low_stream/Light in Your Life - 10-Light_in_Your_Life-Psych_vbr.mp3,archive_low_download,True,9040174,410.1572789115646,44100.0,2.0,176.3259991189708,MP3,MPEG_LAYER_III,,variable,MPEG 1.0,joint stereo,
music/low_stream/Luca Crivellaro - 04RoundWindow.mp3,archive_low_download,True,9415475,293.0933333333333,44100.0,2.0,256.9959512328269,MP3,MPEG_LAYER_III,,variable,MPEG 1.0,joint stereo,
music/low_stream/Unknown - Jupitter_Goes_Quattrocento_-_03_-_1000_Movements.mp3,archive_low_download,True,12236787,306.1795918367347,44100.0,2.0,319.7283509744847,MP3,MPEG_LAYER_III,320.0,constant,MPEG 1.0,joint stereo,
music/low_stream/Andy N - 07sonnet2toni.mp3,archive_low_download,True,1472888,46.02324263038549,44100.0,2.0,256.02507182361273,MP3,MPEG_LAYER_III,256.0,constant,MPEG 1.0,joint stereo,
music/low_stream/James Fahy - 048_seedGreen.mp3,archive_low_download,True,8849264,221.4218820861678,44100.0,2.0,319.7250033871991,MP3,MPEG_LAYER_III,320.0,constant,MPEG 1.0,joint stereo,
music/low_stream/Plagiat - 2021-04-05_Plagiat_J-ai-achet-r-un-Agno-Gastrik-chez-Wish-n-Lidl_PartI.mp3,archive_low_download,True,5167228,225.0,48000.0,2.0,183.72366222222223,MP3,MPEG_LAYER_III,,variable,MPEG 1.0,joint stereo,
"music/low_stream/Гиф - 073. Я Тебя Раздавлю, Потрох Сучий.mp3",archive_low_download,True,2021245,47.30882086167801,44100.0,2.0,341.7958787702168,MP3,MPEG_LAYER_III,,variable,MPEG 1.0,joint stereo,
music/low_stream/Aortha - 5.mp3,archive_low_download,True,7364925,184.10192743764173,44100.0,2.0,320.0368449154719,MP3,MPEG_LAYER_III,320.0,constant,MPEG 1.0,joint stereo,
music/low_stream/Weldroid - weldroid-05-csillagok.mp3,archive_low_download,True,15877734,396.16367346938773,44100.0,2.0,320.62978134166354,MP3,MPEG_LAYER_III,320.0,constant,MPEG 1.0,joint stereo,
music/low_stream/Ego Revenio - 06 - Línea Editorial.mp3,archive_low_download,True,6056876,252.0708843537415,44100.0,2.0,192.22770660018426,MP3,MPEG_LAYER_III,,variable,MPEG 1.0,joint stereo,
music/low_stream/Plumb & Plumber - alg006_05.mp3,archive_low_download,True,4550248,285.03662131519275,44100.0,2.0,127.70984946438438,MP3,MPEG_LAYER_III,128.0,constant,MPEG 1.0,joint stereo,
music/low_stream/Akaratz - 04.Destvo_Moe_RxTx_64kb.mp3,archive_low_download,True,2144884,267.9751927437642,22050.0,2.0,64.03231517182776,MP3,MPEG_LAYER_III,64.0,constant,MPEG 2.0,joint stereo,
music/low_stream/Bee Spit - 04SaintMedicineIii.mp3,archive_low_download,True,12404343,620.7441950113379,44100.0,1.0,159.8641514451657,MP3,MPEG_LAYER_III,160.0,constant,MPEG 1.0,mono,
music/low_stream/Sascha Müller - 12. Sascha Muller - Escape To Tomorrow.mp3,archive_low_download,True,6423552,314.7806575963719,44100.0,2.0,163.25150469026877,MP3,MPEG_LAYER_III,,variable,MPEG 1.0,joint stereo,
music/low_stream/Winjer3 - False Empiricism.mp3,archive_low_download,True,7600128,315.8129931972789,44100.0,2.0,192.52223724063,MP3,MPEG_LAYER_III,,variable,MPEG 1.0,joint stereo,
music/low_stream/Unknown - 10-Libido-mortido-7-16.mp3,archive_low_download,True,8105317,202.8039909297052,44100.0,2.0,319.7300787955172,MP3,MPEG_LAYER_III,320.0,constant,MPEG 1.0,stereo,
music/low_stream/Ruido de Fondo - 05_viaje_en_espacio_y_tiempo_64kb.mp3,archive_low_download,True,2741696,342.567,24000.0,2.0,64.02708959123325,MP3,MPEG_LAYER_III,64.0,constant,MPEG 2.0,joint stereo,
music/low_stream/Pulmón - Pulmon-02-175660180523140805.mp3,archive_low_download,True,18963456,811.7466666666667,44100.0,2.0,186.89038616317077,MP3,MPEG_LAYER_III,,variable,MPEG 1.0,joint stereo,
"music/low_stream/Unknown - 09.Jeritan, Jeliwan Tok Hudoq & Sabrina - Baung.mp3",archive_low_download,True,9441667,234.04,48000.0,2.0,322.73686549307814,MP3,MPEG_LAYER_III,320.0,constant,MPEG 1.0,joint stereo,
music/low_stream/Roberto Massoni - 05_Ca1ip5Omp3.mp3,archive_low_download,True,8293585,207.27272108843536,44100.0,2.0,320.10329025251497,MP3,MPEG_LAYER_III,320.0,constant,MPEG 1.0,joint stereo,
music/low_stream/netwaves - 06HowFar.mp3,archive_low_download,True,9028167,225.68213151927438,44100.0,2.0,320.03125596955647,MP3,MPEG_LAYER_III,320.0,constant,MPEG 1.0,stereo,
music/low_stream/Гиф - 005. Жуй Хуй.mp3,archive_low_download,True,317147,4.781473922902494,44100.0,2.0,530.6263384282687,MP3,MPEG_LAYER_III,,variable,MPEG 1.0,joint stereo,
music/low_stream/RedSK - 03Redsk-ThatIsNotASimpleCaseOfPoisonIvy_64kb.mp3,archive_low_download,True,2337864,292.10086167800455,22050.0,2.0,64.02895182355549,MP3,MPEG_LAYER_III,64.0,constant,MPEG 2.0,joint stereo,
music/low_stream/Luís Antero - (sounds of) Lockdown.mp3,archive_low_download,True,28740628,1232.0,44100.0,2.0,186.62745454545455,MP3,MPEG_LAYER_III,,variable,MPEG 1.0,joint stereo,
music/low_stream/MAMUT - 02 Distroyer.mp3,archive_low_download,True,3412480,132.4207029478458,44100.0,2.0,206.1599084755811,MP3,MPEG_LAYER_III,,variable,MPEG 1.0,joint stereo,
music/low_stream/Indu Mezu TV2 - 20_muslimgauze_vbr.mp3,archive_low_download,True,2225691,125.67510204081633,44100.0,2.0,141.67904151943463,MP3,MPEG_LAYER_III,,variable,MPEG 1.0,joint stereo,
music/low_stream/Der Hersteller - 02_--God.mp3,archive_low_download,True,16875008,729.4084353741497,44100.0,2.0,185.08157769076496,MP3,MPEG_LAYER_III,,variable,MPEG 1.0,joint stereo,
music/low_stream/'man met baard' - Twee ZC - 10 - Pretty Little Ditty - 15 October 1997.mp3,archive_low_download,True,296074,18.54718820861678,44100.0,1.0,127.70625786282706,MP3,MPEG_LAYER_III,128.0,constant,MPEG 1.0,mono,
music/low_stream/Miquel Parera Jaques - nx2013-01_02.mp3,archive_low_download,True,9673924,239.34097505668933,44100.0,2.0,323.35203774309593,MP3,MPEG_LAYER_III,320.0,constant,MPEG 1.0,stereo,
music/low_stream/C.Lehmann - pcr101_04_ohrchitekt_transmission.mp3,archive_low_download,True,10815483,270.61641723356007,44100.0,2.0,319.7288061253288,MP3,MPEG_LAYER_III,320.0,constant,MPEG 1.0,stereo,
music/low_stream/Trujillo and 5053x - 02-data002-crucero-katrina_vbr.mp3,archive_low_download,True,9096103,416.05224489795916,44100.0,2.0,174.90309184089912,MP3,MPEG_LAYER_III,,variable,MPEG 1.0,joint stereo,
music/low_stream/drinking coffee from counselor troi's head - DCFromCTroisHead-ArchivesVol2-02-PhantomPower_64kb.mp3,archive_low_download,True,2615817,326.8437188208617,22050.0,2.0,64.0261225624762,MP3,MPEG_LAYER_III,64.0,constant,MPEG 2.0,joint stereo,
music/low_stream/Хуиная Голова - 32. Виктор Цой Питается Мацой.mp3,archive_low_download,True,2942872,184.35256235827666,44100.0,1.0,127.70625858861581,MP3,MPEG_LAYER_III,128.0,constant,MPEG 1.0,mono,
music/low_stream/audiophob - auphnet008_-_01_Zero_Degree_-_Aufgang_vbr.mp3,archive_low_download,True,11764775,441.5506575963719,44100.0,2.0,213.1537987336322,MP3,MPEG_LAYER_III,,variable,MPEG 1.0,joint stereo,
music/low_stream/Rusted Sun - 01SoGentlyWeGo-Tonepoet.mp3,archive_low_download,True,27195392,545.63,48000.0,2.0,398.7374887744442,MP3,MPEG_LAYER_III,320.0,constant,MPEG 1.0,joint stereo,
music/low_stream/Blastculture - 02-Blastculture-Mary_Quant_In_Grey_JMD_remix.mp3,archive_low_download,True,11188648,350.0257823129252,44100.0,2.0,255.72168829545888,MP3,MPEG_LAYER_III,256.0,constant,MPEG 1.0,joint stereo,
music/low_stream/Polychromatic - 05_-_Plane-arium_64kb.mp3,archive_low_download,True,2810693,351.2159637188209,22050.0,2.0,64.02198738893783,MP3,MPEG_LAYER_III,64.0,constant,MPEG 2.0,joint stereo,
music/low_stream/Drugpigs - BanjoThing.mp3,archive_low_download,True,3696418,230.99555555555557,44100.0,2.0,128.0169392388502,MP3,MPEG_LAYER_III,128.0,constant,MPEG 1.0,joint stereo,
music/low_stream/٩(｡•́‿•̀｡)۶ - 35.mp3,archive_low_download,True,2101200,74.68244897959184,44100.0,2.0,225.08099599938788,MP3,MPEG_LAYER_III,,variable,MPEG 1.0,joint stereo,
music/low_stream/GDS207 Class 2 - STE-028.mp3,archive_low_download,True,404992,17.026031746031745,44100.0,2.0,190.29307875894992,MP3,MPEG_LAYER_III,,variable,MPEG 1.0,joint stereo,
music/low_stream/Internet Daemon Netlabel - 15 - Δdren6kr6m6 - Ӄұѧȵd͡ȣ ɣѯѧs ѯł Ͼɪѯłȣ ѧr̥d͡ѯr̥.mp3,archive_low_download,True,3511254,140.6439909297052,44100.0,2.0,199.72436656778024,MP3,MPEG_LAYER_III,,variable,MPEG 1.0,joint stereo,
music/low_stream/Cousin Silas - 10_-_Cousin-Silas_Scott-Lawler_-_Freedom-Without-Movement.mp3,archive_low_download,True,16429545,407.56698412698415,44100.0,2.0,322.4902043563196,MP3,MPEG_LAYER_III,320.0,constant,MPEG 1.0,joint stereo,
music/low_stream/Buddhist on Fire - 08_Blood_and_Brain_Matter_on_the_Snow_vbr.mp3,archive_low_download,True,4701729,188.5257142857143,44100.0,2.0,199.5156583414161,MP3,MPEG_LAYER_III,,variable,MPEG 1.0,joint stereo,
music/low_stream/Synthetic Mind Decay - 02 - Crawling Across Your Skin.mp3,archive_low_download,True,10740019,537.3913333333334,48000.0,2.0,159.88376936980748,MP3,MPEG_LAYER_III,,variable,MPEG 1.0,joint stereo,
music/low_stream/Goldorak - 07AztecASteak.mp3,archive_low_download,True,8944328,223.5863492063492,44100.0,2.0,320.03127317026764,MP3,MPEG_LAYER_III,320.0,constant,MPEG 1.0,stereo,
music/low_stream/Wirewound vs. Datacrashrobot - 0010. Wirewound vs. Datacrashrobot - HDW Interrupt.mp3,archive_low_download,True,9853255,235.71428571428572,44100.0,2.0,334.413503030303,MP3,MPEG_LAYER_III,320.0,constant,MPEG 1.0,joint stereo,
music/low_stream/Andy N - 15impftandyndontyouremember_vbr.mp3,archive_low_download,True,4272837,336.0391836734694,44100.0,2.0,101.72235162080223,MP3,MPEG_LAYER_III,,variable,MPEG 1.0,joint stereo,
music/low_stream/Nei Licis - 3-nei_licis-bombs_over_bagdad-NKSintl.mp3,archive_low_download,True,5351424,245.42766439909298,44100.0,2.0,174.43588563994916,MP3,MPEG_LAYER_III,,variable,MPEG 1.0,joint stereo,
music/low_stream/Bashed Nursling - 12_bashed_nursling_-_librarian.mp3,archive_low_download,True,8157277,204.0,44100.0,2.0,319.8932156862745,MP3,MPEG_LAYER_III,,variable,MPEG 1.0,stereo,
music/low_stream/Varias artistas - 16. Valentina Aguilera - Monocromático.mp3,archive_low_download,True,27848633,696.8114285714286,44100.0,2.0,319.726478161749,MP3,MPEG_LAYER_III,320.0,constant,MPEG 1.0,joint stereo,
music/low_stream/bleupulp - pertin-nce_004_bleupulp_03_it_was_peacefull_vbr.mp3,archive_low_download,True,10340401,432.0914285714286,44100.0,2.0,191.44838922979264,MP3,MPEG_LAYER_III,,variable,MPEG 1.0,joint stereo,
music/low_stream/Stpocold - 08_-_The_way_I_like_it.mp3,archive_low_download,True,5929984,180.51907029478457,44100.0,2.0,262.7970104351385,MP3,MPEG_LAYER_III,,variable,MPEG 1.0,joint stereo,
music/low_stream/Assholemouthead & Chav Stabber - 7.SmileWithoutYourFuckingTeeth-Assholemouthead.mp3,archive_low_download,True,11906656,297.9192063492064,44100.0,1.0,319.7284564740307,MP3,MPEG_LAYER_III,320.0,constant,MPEG 1.0,mono,
music/low_stream/EX.Zero - 05.HEY_JOHNNY_DEPP_64kb.mp3,archive_low_download,True,1369779,171.10167800453516,22050.0,2.0,64.04514630014057,MP3,MPEG_LAYER_III,64.0,constant,MPEG 2.0,joint stereo,
music/low_stream/Peace & Anarchy - AudioTrack19.mp3,archive_low_download,True,3689000,230.53197278911566,22050.0,2.0,128.0169498527511,MP3,MPEG_LAYER_III,128.0,constant,MPEG 2.0,stereo,
music/low_stream/Taped Rugs Productions - 02KnuckleChuckles.mp3,archive_low_download,True,1971772,82.27501133786848,44100.0,2.0,191.72499333026124,MP3,MPEG_LAYER_III,192.0,constant,MPEG 1.0,stereo,
"music/low_stream/Rio Nurkholis, Tanaya Pratama - 1.Detroak-Delinquents.mp3",archive_low_download,True,25556677,504.2165759637188,44100.0,2.0,405.48729602795044,MP3,MPEG_LAYER_III,,variable,MPEG 1.0,joint stereo,
music/low_stream/Разрубленная Колыбель - 02. Между хуем и пиздой.mp3,archive_low_download,True,378013,9.352947845804989,44100.0,2.0,323.3316436546131,MP3,MPEG_LAYER_III,320.0,constant,MPEG 1.0,joint stereo,
music/low_stream/rr.gross - 03_-_TuM.mp3,archive_low_download,True,5495296,283.4706349206349,44100.0,2.0,155.0861450333592,MP3,MPEG_LAYER_III,,variable,MPEG 1.0,joint stereo,
music/low_stream/Struggleburger - GOV02_vbr.mp3,archive_low_download,True,5858518,301.92326530612246,44100.0,2.0,155.23197244332928,MP3,MPEG_LAYER_III,,variable,MPEG 1.0,joint stereo,
music/low_stream/Разрубленная Колыбель - 04. Абортированные яйца.mp3,archive_low_download,True,91957,2.1953968253968252,44100.0,2.0,335.09021762706965,MP3,MPEG_LAYER_III,320.0,constant,MPEG 1.0,joint stereo,
music/low_stream/Beyond The Tempest Sky - 03_-_BTTS_-_1UP_-_Robotic-Operating-Buddy_vbr.mp3,archive_low_download,True,1686422,127.98839002267573,44100.0,2.0,105.41093608263789,MP3,MPEG_LAYER_III,,variable,MPEG 1.0,joint stereo,
music/low_stream/Flash - FW009-01_Murder_vbr.mp3,archive_low_download,True,4219018,277.28979591836736,44100.0,2.0,121.72155087140838,MP3,MPEG_LAYER_III,,variable,MPEG 1.0,joint stereo,
music/low_stream/The Songless Bird - TSLB-04-OctoberBereavement.mp3,archive_low_download,True,5161728,322.6,48000.0,2.0,128.0031742095474,MP3,MPEG_LAYER_III,128.0,constant,MPEG 1.0,joint stereo,
music/low_stream/The Sumo Project - 06Unmarked_Path_64kb.mp3,archive_low_download,True,2934372,368.5239455782313,22050.0,2.0,63.70000180901859,MP3,MPEG_LAYER_III,64.0,constant,MPEG 2.0,joint stereo,
music/low_stream/Arzathon - Aphrodite.mp3,archive_low_download,True,402184,25.053945578231293,44100.0,2.0,128.42176853755026,MP3,MPEG_LAYER_III,128.0,constant,MPEG 1.0,joint stereo,
music/low_stream/Praying Gods - 13-NoSpeakingViolation.mp3,archive_low_download,True,2058559,128.6393650793651,44100.0,2.0,128.02047017131687,MP3,MPEG_LAYER_III,128.0,constant,MPEG 1.0,stereo,
music/low_stream/Anonymous - 01.ASecretEntrance.mp3,archive_low_download,True,16430980,410.4767346938776,44100.0,2.0,320.2321322742694,MP3,MPEG_LAYER_III,320.0,constant,MPEG 1.0,stereo,
music/low_stream/M.E.H - 05StupidPigFuckingBastard.mp3,archive_low_download,True,1083392,66.0,44100.0,2.0,131.32024242424242,MP3,MPEG_LAYER_III,,variable,MPEG 1.0,joint stereo,
music/low_stream/Filmy Ghost - 03 - Nightmares in a Skyscraper.mp3,archive_low_download,True,5850905,143.56897959183672,44100.0,2.0,326.02613832787483,MP3,MPEG_LAYER_III,320.0,constant,MPEG 1.0,joint stereo,
music/low_stream/astronuts - aztronuts_vol_2_64kb_mp3.mp3,archive_low_download,True,21017425,294.3996371882086,22050.0,2.0,571.1263831908499,MP3,MPEG_LAYER_III,64.0,constant,MPEG 2.0,joint stereo,
music/low_stream/Wildness Records - 06-cosmoloco-Damns.mp3,archive_low_download,True,4170064,260.4266666666667,44100.0,2.0,128.09944706123284,MP3,MPEG_LAYER_III,128.0,constant,MPEG 1.0,stereo,
music/low_stream/Puppets Love Dreams - MDB06_09_Puppets_Love_Dreams_La_Melodie_des_Contrastes_vbr.mp3,archive_low_download,True,9977335,432.87510204081633,44100.0,2.0,184.3919403626818,MP3,MPEG_LAYER_III,,variable,MPEG 1.0,joint stereo,
music/low_stream/Quilluya - 05yacu_vbr.mp3,archive_low_download,True,1222112,50.364,32000.0,2.0,194.12469224048925,MP3,MPEG_LAYER_III,,variable,MPEG 1.0,joint stereo,
music/low_stream/C Reider - JNN052-Steam_inspector_vbr.mp3,archive_low_download,True,38110456,1576.5420408163266,44100.0,2.0,193.3875787049311,MP3,MPEG_LAYER_III,,variable,MPEG 1.0,joint stereo,
music/low_stream/ВИА -ОАОАООАО МММ)))- & COWSHIT SQUAD - 09. Фурриёб Елисей (Audiobiba Remix).mp3,archive_low_download,True,4784847,117.31591836734694,44100.0,2.0,326.2879968269873,MP3,MPEG_LAYER_III,320.0,constant,MPEG 1.0,joint stereo,
music/low_stream/TPK - 02_-_TPK_-_Adrift_in_a_sea_of_blood_part_II.mp3,archive_low_download,True,23104937,578.117029478458,44100.0,2.0,319.72677948399297,MP3,MPEG_LAYER_III,320.0,constant,MPEG 1.0,stereo,
music/low_stream/Jean Nine - kahvi008_jeannine-bubblemaster_19100.mp3,archive_low_download,True,3513492,146.60968253968255,44100.0,2.0,191.71950660483887,MP3,MPEG_LAYER_III,192.0,constant,MPEG 1.0,stereo,
music/low_stream/Ephedrina's Crew - 00_ROY CLEVELAND - REFN.mp3,archive_low_download,True,11843018,296.0,44100.0,2.0,320.08156756756756,MP3,MPEG_LAYER_III,320.0,constant,MPEG 1.0,joint stereo,
music/low_stream/Хуиная Голова - 57. ЗХПХ хуже хуйни.mp3,archive_low_download,True,3524906,220.54199546485262,44100.0,1.0,127.86339372944535,MP3,MPEG_LAYER_III,128.0,constant,MPEG 1.0,mono,
music/low_stream/Straight Component - 08StraightComponent_ChinaTown.mp3,archive_low_download,True,7941916,331.4040589569161,44100.0,2.0,191.71559998382475,MP3,MPEG_LAYER_III,192.0,constant,MPEG 1.0,stereo,
music/low_stream/Love Torture Records - OxygenMuzzle.mp3,archive_low_download,True,5983878,374.84460317460315,44100.0,2.0,127.70898552246625,MP3,MPEG_LAYER_III,128.0,constant,MPEG 1.0,joint stereo,
music/low_stream/Familia Mirandea - 03MeinblutistKalte_vbr.mp3,archive_low_download,True,4518112,202.814693877551,44100.0,2.0,178.21635754765586,MP3,MPEG_LAYER_III,,variable,MPEG 1.0,joint stereo,
music/low_stream/Electronic Phantom Orchestra - Electronic_Phantom_Orchestra_The_Mystical_Album_04_Cavalleria_Rusticana.mp3,archive_low_download,True,17696492,442.36909297052154,44100.0,2.0,320.0312550077589,MP3,MPEG_LAYER_III,320.0,constant,MPEG 1.0,stereo,
music/low_stream/Mogwai - 9_netaudiocharts_122007.mp3,archive_low_download,True,9867264,246.89056689342402,44100.0,2.0,319.7291536621383,MP3,MPEG_LAYER_III,320.0,constant,MPEG 1.0,joint stereo,
music/low_stream/Internet Daemon - 13 - Terbeschikkingstelling - Silence for the Stones (ft. Paloma Brea Ledo).mp3,archive_low_download,True,4068147,171.98031746031745,44100.0,2.0,189.2377946535041,MP3,MPEG_LAYER_III,,variable,MPEG 1.0,joint stereo,
music/low_stream/Ephedrina's Crew - 07 KRISTIAN FUMEI - U Ready.mp3,archive_low_download,True,17286778,432.54115646258504,44100.0,2.0,319.7250063577765,MP3,MPEG_LAYER_III,320.0,constant,MPEG 1.0,joint stereo,
"music/low_stream/Sar7, Sugar - 08. Sugar - エレクトロサチュレイタ(Sugar HexD).mp3",archive_low_download,True,10768277,263.06875283446715,44100.0,2.0,327.46654656551505,MP3,MPEG_LAYER_III,320.0,constant,MPEG 1.0,joint stereo,
music/low_stream/Nenormalizm Records - 07 Pin.mp3,archive_low_download,True,10358939,257.41061224489795,44100.0,2.0,321.9428728181449,MP3,MPEG_LAYER_III,320.0,constant,MPEG 1.0,joint stereo,
music/low_stream/The X-Structure - The_X-Structure-The_Past-01_lost (2).mp3,archive_low_download,True,5142093,214.5698185941043,44100.0,2.0,191.71728936312903,MP3,MPEG_LAYER_III,192.0,constant,MPEG 1.0,joint stereo,
music/low_stream/Deep-X Recordings - deepx143-04_-_Seamless_Plastic_-_Plastichero.mp3,archive_low_download,True,19380234,484.92256235827665,44100.0,2.0,319.72501185756335,MP3,MPEG_LAYER_III,320.0,constant,MPEG 1.0,joint stereo,
music/low_stream/Pad - 11_-_Funeral_dos_Doces_Feat_Morsus_Ceti.mp3,archive_low_download,True,12674661,316.83238095238096,44100.0,2.0,320.0344854121452,MP3,MPEG_LAYER_III,320.0,constant,MPEG 1.0,stereo,
music/low_stream/Ice Cream Sandwich Shit Head - 24KaagootaabaaIsAPussy.mp3,archive_low_download,True,1276492,79.7649433106576,44100.0,1.0,128.025365231289,MP3,MPEG_LAYER_III,128.0,constant,MPEG 1.0,mono,
music/low_stream/rubicante - kahvi217_Nova_Viator_Rudi_Rudi_64kb_mp3.mp3,archive_low_download,True,12252781,85.00208616780046,22050.0,2.0,1153.1746151088194,MP3,MPEG_LAYER_III,64.0,constant,MPEG 2.0,joint stereo,
music/low_stream/Unknown - 03_Cloud.mp3,archive_low_download,True,5028662,209.83643990929704,44100.0,2.0,191.71739673714126,MP3,MPEG_LAYER_III,192.0,constant,MPEG 1.0,stereo,
music/low_stream/Henry Collins and Robin Foster - 027. Large dampened box of assorted objects. Sputnick Mic. Mono. Ben's studio (23.9.14).mp3,archive_low_download,True,9390080,575.0,44100.0,2.0,130.6445913043478,MP3,MPEG_LAYER_III,,variable,MPEG 1.0,joint stereo,
music/low_stream/lpower - 04 Feb 14th 2016.mp3,archive_low_download,True,2105945,67.96616780045352,44100.0,2.0,247.88156439044636,MP3,MPEG_LAYER_III,192.0,constant,MPEG 1.0,joint stereo,
music/low_stream/Phillip Wilkerson - 02-Conclusion.mp3,archive_low_download,True,61045010,1525.9730158730158,44100.0,2.0,320.03192384146257,MP3,MPEG_LAYER_III,320.0,constant,MPEG 1.0,stereo,
music/low_stream/Ephedrina's Crew - 02_rmssSystemsInc.-WhiteNightdedicatedToAnnaM.mp3,archive_low_download,True,21921280,786.0,44100.0,2.0,223.1173536895674,MP3,MPEG_LAYER_III,,variable,MPEG 1.0,joint stereo,
music/low_stream/One Thousand Pilots - 05NovayaZemlya_64kb.mp3,archive_low_download,True,3040989,380.00290249433107,22050.0,2.0,64.02033205618193,MP3,MPEG_LAYER_III,64.0,constant,MPEG 2.0,joint stereo,
music/low_stream/Light in Your Life - 09-Light_in_Your_Life-Christian.mp3,archive_low_download,True,6805632,283.4266666666667,44100.0,2.0,192.09574257891518,MP3,MPEG_LAYER_III,192.0,constant,MPEG 1.0,stereo,
music/low_stream/Ephedrina's Crew - 04_B8 - Gnit (ft MatchVill).mp3,archive_low_download,True,11263096,281.5037641723356,44100.0,2.0,320.08370568301956,MP3,MPEG_LAYER_III,320.0,constant,MPEG 1.0,joint stereo,
music/low_stream/Snow Monster - kzz014_-_snow_monster_-_03_-_green_old_pants.mp3,archive_low_download,True,1871124,48.013061224489796,44100.0,2.0,311.7691648531012,MP3,MPEG_LAYER_III,,average,MPEG 1.0,joint stereo,
music/low_stream/Winjer3 - 06_-_Winjer3_-_Haze_Obscures_the_Horizon.mp3,archive_low_download,True,8690176,300.4660317460318,44100.0,2.0,231.37859409932503,MP3,MPEG_LAYER_III,,variable,MPEG 1.0,joint stereo,
music/low_stream/The Mystery Artist - 08_the_mystery_artist_-_the_end_part_2.mp3,archive_low_download,True,5438646,223.26666666666668,44100.0,2.0,194.87534189310242,MP3,MPEG_LAYER_III,,variable,MPEG 1.0,joint stereo,
music/low_stream/C.P McDill - wh225_01_M-SR_Razor-Pluvia.mp3,archive_low_download,True,149124659,3728.0,44100.0,2.0,320.00999785407726,MP3,MPEG_LAYER_III,320.0,constant,MPEG 1.0,joint stereo,
music/low_stream/Terra Engine - 4-As_Electrical_Impulses.mp3,archive_low_download,True,15075328,377.20414965986396,44100.0,2.0,319.72772332634975,MP3,MPEG_LAYER_III,320.0,constant,MPEG 1.0,joint stereo,
music/low_stream/A. Ripdae la Wise Escobar & Carl Yvan Prévil - Ripdae La Wise & Carl Yvan Prévil - with a moko jumbie & a persona of three. - 01 Fela (Somehow I don’t think Charlie P.mp3,archive_low_download,True,5876348,141.52809523809523,44100.0,2.0,332.1657365692156,MP3,MPEG_LAYER_III,320.0,constant,MPEG 1.0,joint stereo,
music/low_stream/Andrew Johnson-Jesse Andersen - 01speedboat_part_one_64kb.mp3,archive_low_download,True,10449381,1312.3080272108843,22050.0,2.0,63.700782336650676,MP3,MPEG_LAYER_III,64.0,constant,MPEG 2.0,joint stereo,
music/low_stream/Endless Void - Endless Void - We Are One - 04 Forest Rain.mp3,archive_low_download,True,15937900,395.91183673469385,44100.0,2.0,322.049477104777,MP3,MPEG_LAYER_III,320.0,constant,MPEG 1.0,joint stereo,
music/low_stream/Vince Gauthier - 1_Skullfuck.mp3,archive_low_download,True,13598217,339.76238095238097,44100.0,2.0,320.18181558259903,MP3,MPEG_LAYER_III,320.0,constant,MPEG 1.0,stereo,
music/low_stream/Melcher Tschiemer - MT 1996 - 9 - Pope Bernard & Sitting Bull - 23 April 1996.mp3,archive_low_download,True,7986097,500.27916099773245,44100.0,1.0,127.7062507912249,MP3,MPEG_LAYER_III,128.0,constant,MPEG 1.0,mono,
music/low_stream/Ultramerda - 11 - Odia! (Faster bootleg).mp3,archive_low_download,True,11547459,288.52351473922903,44100.0,2.0,320.18073841743484,MP3,MPEG_LAYER_III,,variable,MPEG 1.0,joint stereo,
music/low_stream/Chtin Mara - 02_chtin_mara_-_black_cat_spell.mp3,archive_low_download,True,10133507,253.30972789115646,44100.0,2.0,320.0353049008595,MP3,MPEG_LAYER_III,320.0,constant,MPEG 1.0,joint stereo,
music/low_stream/Load Runner - load_runner_04_bad_news.mp3,archive_low_download,True,2834560,118.08979591836734,44100.0,2.0,192.0274298354763,MP3,MPEG_LAYER_III,192.0,constant,MPEG 1.0,joint stereo,
music/low_stream/DJ RedSkeye - 03_DJ_RedSkeye__Digital_Cabaret_64kb.mp3,archive_low_download,True,1657472,207.04375,24000.0,2.0,64.04335315603586,MP3,MPEG_LAYER_III,64.0,constant,MPEG 2.0,joint stereo,
music/low_stream/bivouacmusic - 05_AVANT-_GROUP_vbr.mp3,archive_low_download,True,25854528,1155.6394166666666,48000.0,2.0,178.97989720409475,MP3,MPEG_LAYER_III,,variable,MPEG 1.0,joint stereo,
music/low_stream/Resonanz Kreis - 02 My Silence.mp3,archive_low_download,True,5242396,218.2018820861678,44100.0,2.0,192.2035117159908,MP3,MPEG_LAYER_III,,variable,MPEG 1.0,joint stereo,
music/low_stream/the Beige Channel - 08CranfordPermeable_64kb.mp3,archive_low_download,True,2854997,356.7539229024943,22050.0,2.0,64.0216533967658,MP3,MPEG_LAYER_III,64.0,constant,MPEG 2.0,joint stereo,
music/low_stream/rubicante - kahvi206d_atmogat-iai_do_64kb.mp3,archive_low_download,True,3773880,471.61433106575964,22050.0,2.0,64.01637526954266,MP3,MPEG_LAYER_III,64.0,constant,MPEG 2.0,joint stereo,
music/low_stream/Beyond The Borders - 05 - Beyond The Borders - Biomotor.mp3,archive_low_download,True,6956290,151.81739229024944,44100.0,2.0,366.5609003058484,MP3,MPEG_LAYER_III,,variable,MPEG 1.0,stereo,
music/low_stream/Mill Run Band - 07PaperPlaneWar.mp3,archive_low_download,True,9048740,376.99401360544215,44100.0,2.0,192.01875198942153,MP3,MPEG_LAYER_III,192.0,constant,MPEG 1.0,stereo,
music/low_stream/litmus0001 - 04anu017_litmus0001_san_francisco_ca.mp3,archive_low_download,True,46270488,1927.743401360544,44100.0,2.0,192.01928209882564,MP3,MPEG_LAYER_III,192.0,constant,MPEG 1.0,stereo,
music/low_stream/Otpei - 01 - OTPEI - Syred Nok.mp3,archive_low_download,True,11088667,277.1863945578231,44100.0,2.0,320.03495749317733,MP3,MPEG_LAYER_III,320.0,constant,MPEG 1.0,stereo,
music/low_stream/Jab Lemur - 12TETALMORALDO.mp3,archive_low_download,True,5976074,149.2174149659864,44100.0,2.0,320.39552495194886,MP3,MPEG_LAYER_III,320.0,constant,MPEG 1.0,stereo,
music/low_stream/Buben - buben-5-veil-NKSintl.mp3,archive_low_download,True,7657472,330.80018140589567,44100.0,2.0,185.18664572566706,MP3,MPEG_LAYER_III,,variable,MPEG 1.0,joint stereo,
music/low_stream/Praying Gods - 02-DevoursItself.mp3,archive_low_download,True,1255239,78.43675736961451,44100.0,2.0,128.02558821599274,MP3,MPEG_LAYER_III,128.0,constant,MPEG 1.0,joint stereo,
music/low_stream/Túlio Falcão - 08_Orfeu_Em_3_MIDI-Movimentos.mp3,archive_low_download,True,7794816,323.28113378684805,44100.0,2.0,192.89256774605172,MP3,MPEG_LAYER_III,,variable,MPEG 1.0,stereo,
music/low_stream/Greater Gods - 01-SlaveToTheMonolith.mp3,archive_low_download,True,6995099,171.64190476190475,44100.0,2.0,326.0322243430398,MP3,MPEG_LAYER_III,320.0,constant,MPEG 1.0,joint stereo,
music/low_stream/Moan - 10_moan_-_live_at_aoia_17_11_2006__excerpt_.mp3,archive_low_download,True,12195840,381.53514739229024,44100.0,2.0,255.72144707203861,MP3,MPEG_LAYER_III,256.0,constant,MPEG 1.0,stereo,
music/low_stream/Rusty Sleep Karter - 01.TaintIi.mp3,archive_low_download,True,48451250,3027.971678004535,44100.0,2.0,128.0097838482555,MP3,MPEG_LAYER_III,128.0,constant,MPEG 1.0,stereo,
"music/low_stream/Charles Monroe-Kane - 3 Oklahoma, 2016.mp3",archive_low_download,True,2285305,82.74562358276644,44100.0,2.0,220.94751611501195,MP3,MPEG_LAYER_III,,variable,MPEG 1.0,joint stereo,
music/low_stream/Melcher Tschiemer - OdesInA-Ode3ahmedAbdullah-RichieEvans-14July1996.mp3,archive_low_download,True,3695349,231.49054421768707,44100.0,1.0,127.70626160954548,MP3,MPEG_LAYER_III,128.0,constant,MPEG 1.0,mono,
music/low_stream/Meho - 02.Kloniranje.mp3,archive_low_download,True,55517605,1387.8013832199547,44100.0,2.0,320.03199115532766,MP3,MPEG_LAYER_III,320.0,constant,MPEG 1.0,joint stereo,
music/low_stream/Slew52 - 04.New_Glands_vbr.mp3,archive_low_download,True,7057765,277.33913832199545,44100.0,2.0,203.58511366847372,MP3,MPEG_LAYER_III,,variable,MPEG 1.0,joint stereo,
music/low_stream/Persefone - 05 - לוציפר.mp3,archive_low_download,True,3700593,162.32886621315194,44100.0,2.0,182.37510487584132,MP3,MPEG_LAYER_III,,variable,MPEG 1.0,joint stereo,
music/low_stream/Bill and John Storch - LN04_3.Prayer_vbr.mp3,archive_low_download,True,7193742,316.05551020408166,44100.0,2.0,182.08806409620627,MP3,MPEG_LAYER_III,,variable,MPEG 1.0,joint stereo,
music/low_stream/Triptome - instinto_vbr.mp3,archive_low_download,True,3928088,190.49650793650792,44100.0,2.0,164.96210004266212,MP3,MPEG_LAYER_III,,variable,MPEG 1.0,joint stereo,
music/low_stream/Phloby Vs. C. Goff III - 01WhatIsThisProduct.mp3,archive_low_download,True,1036381,43.241950113378685,44100.0,2.0,191.73621860857799,MP3,MPEG_LAYER_III,192.0,constant,MPEG 1.0,stereo,
music/low_stream/And - 04.Chicken_Soup_vbr.mp3,archive_low_download,True,3358592,141.312,48000.0,2.0,190.13768115942028,MP3,MPEG_LAYER_III,,variable,MPEG 1.0,joint stereo,
music/low_stream/Trujillo and 5053x - 02-data002-crucero-katrina.mp3,archive_low_download,True,9985993,416.0,44100.0,2.0,192.03832692307694,MP3,MPEG_LAYER_III,192.0,constant,MPEG 1.0,stereo,
music/low_stream/Mutex - Mutex--EgyptianSong.mp3,archive_low_download,True,786756,196.63773242630384,11025.0,2.0,32.00834306995933,MP3,MPEG_LAYER_III,32.0,constant,MPEG 2.5,joint stereo,
music/low_stream/Binky Vonsopwith - 02_funkslap_64kb.mp3,archive_low_download,True,123633,15.323809523809524,22050.0,2.0,64.54426351771286,MP3,MPEG_LAYER_III,64.0,constant,MPEG 2.0,joint stereo,
music/low_stream/Cumshot records - 10_Penelope_64kb.mp3,archive_low_download,True,1089119,136.01922902494331,22050.0,2.0,64.05676655028101,MP3,MPEG_LAYER_III,64.0,constant,MPEG 2.0,joint stereo,
"music/low_stream/Daron Key, Randy Lee Sutherland - 8_movements5.mp3",archive_low_download,True,1669762,69.56662131519275,44100.0,2.0,192.01875479156996,MP3,MPEG_LAYER_III,192.0,constant,MPEG 1.0,stereo,
"music/low_stream/Гиф - 036. Ах, Ты Ублюдок Вшивый.mp3",archive_low_download,True,554352,10.711269841269841,44100.0,2.0,414.03270253849234,MP3,MPEG_LAYER_III,,variable,MPEG 1.0,joint stereo,
music/low_stream/Deep-X Recordings - deepx264-01_-_Samosad_Bend_-_Veter__Micronoise_Paranoic_Sound_Dub_Vision_.mp3,archive_low_download,True,19165322,479.08306122448977,44100.0,2.0,320.033389634195,MP3,MPEG_LAYER_III,320.0,constant,MPEG 1.0,joint stereo,
music/low_stream/like plankton for the elephant - like_plankton_for_the_elephant-passage-11-imitation_imitation.mp3,archive_low_download,True,3911790,,,,,,,,,,,Error opening 'music/low_stream/like plankton for the elephant - like_plankton_for_the_elephant-passage-11-imitation_imitation.mp3': File does not exist or is not a regular file (possibly a pipe?).
music/low_stream/Thomas Park - Track20210521111553322404.44.mp3,archive_low_download,True,3841783,160.0,44100.0,2.0,192.08915,MP3,MPEG_LAYER_III,192.0,constant,MPEG 1.0,joint stereo,
music/low_stream/Captain Pepere - 09_-_captain_pepere_-_elle_nest_pas_dici_bonus.mp3,archive_low_download,True,4482560,173.87102040816328,44100.0,2.0,206.24759615384616,MP3,MPEG_LAYER_III,,variable,MPEG 1.0,joint stereo,
music/low_stream/CyberHex - Pi-Rat0003-CyberHex-06-The_Force.mp3,archive_low_download,True,1434624,45.09664399092971,44100.0,2.0,254.4976961546932,MP3,MPEG_LAYER_III,,variable,MPEG 1.0,joint stereo,
music/low_stream/٩(｡•́‿•̀｡)۶ - 09.mp3,archive_low_download,True,226385,8.241904761904761,44100.0,2.0,219.74046683614515,MP3,MPEG_LAYER_III,,variable,MPEG 1.0,joint stereo,
music/low_stream/From the Horror - 01DesdeElHorror.mp3,archive_low_download,True,3569463,223.59655328798186,44100.0,2.0,127.71084160327639,MP3,MPEG_LAYER_III,128.0,constant,MPEG 1.0,joint stereo,
music/low_stream/THE TURD GURGLERS & STEM CELL REDUCTION - 15-StemCellReduction-NewAgeHouseCleaner.mp3,archive_low_download,True,2709528,67.72836734693878,44100.0,2.0,320.04645688509623,MP3,MPEG_LAYER_III,320.0,constant,MPEG 1.0,stereo,
music/low_stream/Assholemouthead & Chav Stabber - 7.SmileWithoutYourFuckingTeeth-Assholemouthead_64kb.mp3,archive_low_download,True,2381126,297.50820861678005,22050.0,1.0,64.02851231757778,MP3,MPEG_LAYER_III,64.0,constant,MPEG 2.0,mono,
music/low_stream/M.E.H - 03IHateMyFuckingNeighbors.mp3,archive_low_download,True,1572864,88.0,44100.0,2.0,142.98763636363634,MP3,MPEG_LAYER_III,,variable,MPEG 1.0,joint stereo,
music/low_stream/Paul Minesweeper - 09PaulMinesweeper-Northreach.mp3,archive_low_download,True,14820737,367.7771201814059,44100.0,2.0,322.38518791358587,MP3,MPEG_LAYER_III,320.0,constant,MPEG 1.0,joint stereo,
music/low_stream/electronical - adm006-02-chriszanf_quarnkremix.mp3,archive_low_download,True,5251072,328.93888888888887,44100.0,2.0,127.70936310358223,MP3,MPEG_LAYER_III,128.0,constant,MPEG 1.0,joint stereo,
music/low_stream/Jimmy Ghaphery - 03PhoneAsOx_vbr.mp3,archive_low_download,True,6341327,289.3322448979592,44100.0,2.0,175.33689000993138,MP3,MPEG_LAYER_III,,variable,MPEG 1.0,joint stereo,
music/low_stream/precocious mouse + d0x10 - 02-bt_11_varB.mp3,archive_low_download,True,3450917,181.24480725623582,44100.0,2.0,152.32070048202803,MP3,MPEG_LAYER_III,,variable,MPEG 1.0,joint stereo,
music/low_stream/cosmomachia - 03_Cosmomachia_-_Grammatica_Alba.mp3,archive_low_download,True,10463903,436.64444444444445,44100.0,2.0,191.71484961066722,MP3,MPEG_LAYER_III,192.0,constant,MPEG 1.0,stereo,
music/low_stream/drinking coffee from counselor troi's head - DCFromCTroisHead-ArchivesVol2-02-PhantomPower.mp3,archive_low_download,True,13077212,326.8433560090703,44100.0,2.0,320.08512358163625,MP3,MPEG_LAYER_III,320.0,constant,MPEG 1.0,joint stereo,
music/low_stream/Mike Mayz - In_The_Dark_Rmx___Michael_Mayz_64kb.mp3,archive_low_download,True,2404646,300.4600453514739,22050.0,2.0,64.02571089775559,MP3,MPEG_LAYER_III,64.0,constant,MPEG 2.0,joint stereo,
music/low_stream/Not Ensemble - TPZ03_03_Not_Ensemble_-_Waiting_for_cookies_-_Rush_for_snack.mp3,archive_low_download,True,6083395,152.01022675736962,44100.0,2.0,320.1571436221843,MP3,MPEG_LAYER_III,320.0,constant,MPEG 1.0,joint stereo,
music/low_stream/Yoshiwaku - YOSHIWAKU - Vakra Râgas - 03 Gat I.mp3,archive_low_download,True,9266062,253.98149659863947,44100.0,2.0,291.8657342867122,MP3,MPEG_LAYER_III,,variable,MPEG 1.0,joint stereo,
music/low_stream/e yard - 18e_yard-needed_to_quit.mp3,archive_low_download,True,1280839,80.22854875283447,44100.0,2.0,127.71902470238794,MP3,MPEG_LAYER_III,128.0,constant,MPEG 1.0,joint stereo,
music/low_stream/Charles Rice Goff III - 08ForTheLoveOfMarie.mp3,archive_low_download,True,4235650,176.74473922902493,44100.0,2.0,191.71829468763838,MP3,MPEG_LAYER_III,192.0,constant,MPEG 1.0,stereo,
music/low_stream/Dawn of Darkness Netlabel - 03 - KΔDΔBRΔ - Separacion de la Realidad (feat Humanfobia) 1.mp3,archive_low_download,True,6137217,186.024,48000.0,2.0,263.9322668042833,MP3,MPEG_LAYER_III,,variable,MPEG 1.0,joint stereo,
music/low_stream/H5N1 - SRmp3_117_64kb_mp3.mp3,archive_low_download,True,8334829,109.71392290249433,22050.0,2.0,607.7499576718177,MP3,MPEG_LAYER_III,64.0,constant,MPEG 2.0,joint stereo,
music/low_stream/Microloop - 04.mp3,archive_low_download,True,128512,11.343673469387754,44100.0,2.0,90.63166378814047,MP3,MPEG_LAYER_III,,variable,MPEG 1.0,joint stereo,
music/low_stream/Sudamérica Electronica - 04_neukln.mp3,archive_low_download,True,10606271,441.4281179138322,44100.0,2.0,192.21740654174403,MP3,MPEG_LAYER_III,192.0,constant,MPEG 1.0,stereo,
music/low_stream/xCEAN - 08_reboot_retractable_gear_groove.mp3,archive_low_download,True,6879232,344.25102040816324,44100.0,2.0,159.86548401439387,MP3,MPEG_LAYER_III,160.0,constant,MPEG 1.0,joint stereo,
music/low_stream/Nickolay Fedorenko - 07.Nickolay Fedorenko - Journey to the Moon.mp3,archive_low_download,True,7325345,183.00002267573697,44100.0,2.0,320.23362152167556,MP3,MPEG_LAYER_III,320.0,constant,MPEG 1.0,joint stereo,
music/low_stream/Mogwai - 06086_ccrecmp301102bidasoa.mp3,archive_low_download,True,16788574,417.0492063492064,44100.0,2.0,322.04495286232446,MP3,MPEG_LAYER_III,320.0,constant,MPEG 1.0,joint stereo,
music/low_stream/The PepiBand - 05Sicily.mp3,archive_low_download,True,7462912,186.4562358276644,44100.0,2.0,320.20004981320056,MP3,MPEG_LAYER_III,320.0,constant,MPEG 1.0,stereo,
music/low_stream/various artists - 17BingSatellites-TheBay.mp3,archive_low_download,True,2551047,106.27789115646259,44100.0,2.0,192.02842451921384,MP3,MPEG_LAYER_III,192.0,constant,MPEG 1.0,stereo,
music/low_stream/Bouwakanja - 13 Bouwakanja - Rhino.mp3,archive_low_download,True,13817371,345.40054421768707,44100.0,2.0,320.0312502412658,MP3,MPEG_LAYER_III,320.0,constant,MPEG 1.0,stereo,
music/low_stream/Top Of The Flops Netlabel - 3.MusicaFuturista.mp3,archive_low_download,True,1589248,794.56,12000.0,1.0,16.001288763592427,MP3,MPEG_LAYER_III,16.0,constant,MPEG 2.5,mono,
music/low_stream/Below Bangkok - 04.Hid_K_-_Broken_Note_mix.mp3,archive_low_download,True,5018876,207.56757369614513,44100.0,2.0,193.43584012200492,MP3,MPEG_LAYER_III,,variable,MPEG 1.0,joint stereo,
music/low_stream/The Slides - 05.mp3,archive_low_download,True,16153667,300.0,44100.0,2.0,430.76445333333334,MP3,MPEG_LAYER_III,,variable,MPEG 1.0,joint stereo,
music/low_stream/Acidfloor - P011_09_Acidfloor_808 109_808 Acid Vol1.mp3,archive_low_download,True,7116017,345.296462585034,44100.0,2.0,164.8674173312177,MP3,MPEG_LAYER_III,,variable,MPEG 1.0,joint stereo,
music/low_stream/Mystified - 08FromElsewhere.mp3,archive_low_download,True,13597274,339.8986394557823,44100.0,2.0,320.03126630388016,MP3,MPEG_LAYER_III,320.0,constant,MPEG 1.0,stereo,
music/low_stream/Stpocold - 09_-_sickness.mp3,archive_low_download,True,7181312,314.03392290249434,44100.0,2.0,182.94359879661164,MP3,MPEG_LAYER_III,,variable,MPEG 1.0,joint stereo,
music/low_stream/Rodent Tapes 2015-001 (Various Artists) - 06 - WHITE BOY IDTAL SAMPLES DIGTAL SKUNK.mp3,archive_low_download,True,6484413,231.52324263038548,44100.0,2.0,224.06089086621924,MP3,MPEG_LAYER_III,224.0,constant,MPEG 1.0,joint stereo,
music/low_stream/mad birdies - mhrk079_mad_birdies__operazione_n7__cosmogonia.mp3,archive_low_download,True,7791269,190.2,44100.0,2.0,327.7084752891693,MP3,MPEG_LAYER_III,320.0,constant,MPEG 1.0,joint stereo,
music/low_stream/M.d.A - 05-MdA-No_se_No_se.mp3,archive_low_download,True,3624717,151.0097732426304,44100.0,2.0,192.02555819621531,MP3,MPEG_LAYER_III,192.0,constant,MPEG 1.0,joint stereo,
music/low_stream/Andy N - 36introtopen.mp3,archive_low_download,True,670407,20.94816326530612,44100.0,2.0,256.02511934220524,MP3,MPEG_LAYER_III,256.0,constant,MPEG 1.0,joint stereo,
music/low_stream/Jimmy Spits - JimmySpits-LeaPsAndBounds-02-Rope-a-Dope_64kb.mp3,archive_low_download,True,1209909,151.1180045351474,22050.0,2.0,64.05108398416398,MP3,MPEG_LAYER_III,64.0,constant,MPEG 2.0,joint stereo,
music/low_stream/Industrial Noise Records - 01.TheNightmareintro.mp3,archive_low_download,True,4043523,168.46367346938774,44100.0,2.0,192.01875,MP3,MPEG_LAYER_III,192.0,constant,MPEG 1.0,joint stereo,
music/low_stream/Lazzich - pass007_-_07_lazzich_-_pink_flower_ambient_version.mp3,archive_low_download,True,7026001,175.6296598639456,44100.0,2.0,320.03710559789533,MP3,MPEG_LAYER_III,320.0,constant,MPEG 1.0,joint stereo,
music/low_stream/dorothy's magic bag - kahvi121a_dmb-violins_64kb.mp3,archive_low_download,True,478063,59.60934240362812,22050.0,2.0,64.15947309237926,MP3,MPEG_LAYER_III,64.0,constant,MPEG 2.0,joint stereo,
music/low_stream/v - v-dc.mp3,archive_low_download,True,38614938,1608.7932879818595,44100.0,2.0,192.0193888846479,MP3,MPEG_LAYER_III,192.0,constant,MPEG 1.0,joint stereo,
music/low_stream/Jaeck the Bit - 02-EMIMJ_64kb.mp3,archive_low_download,True,1317534,164.57106575963718,22050.0,2.0,64.0469328636086,MP3,MPEG_LAYER_III,64.0,constant,MPEG 2.0,joint stereo,
music/low_stream/C - 1-spybee_64kb.mp3,archive_low_download,True,2064427,257.9326984126984,22050.0,2.0,64.02994308839023,MP3,MPEG_LAYER_III,64.0,constant,MPEG 2.0,joint stereo,
music/low_stream/ViRginTuRtleWhoRe - 04-Aenimatius.mp3,archive_low_download,True,10895470,272.30497916666667,48000.0,2.0,320.0960932361455,MP3,MPEG_LAYER_III,320.0,constant,MPEG 1.0,joint stereo,
music/low_stream/Sara Ayers - SaraAyers-Voices-12-TheLighthouse.mp3,archive_low_download,True,9126849,284.64,44100.0,2.0,256.51627318718386,MP3,MPEG_LAYER_III,256.0,constant,MPEG 1.0,stereo,
music/low_stream/Anonymous Coward - 02_Olympos.mp3,archive_low_download,True,4127293,99.20403628117914,44100.0,2.0,332.8326672758999,MP3,MPEG_LAYER_III,320.0,constant,MPEG 1.0,joint stereo,
music/low_stream/Susperia-Electrica - 10.ASongFor_MyEndOfLife.mp3,archive_low_download,True,4192129,261.92979591836735,44100.0,2.0,128.03824735713573,MP3,MPEG_LAYER_III,128.0,constant,MPEG 1.0,joint stereo,
music/low_stream/Irish Metal Archive - Cacodemon - Cacodemonic Incantation (2000) - 01 Within The Maze.mp3,archive_low_download,True,4994560,179.11077097505668,44100.0,2.0,223.08250800597813,MP3,MPEG_LAYER_III,,variable,MPEG 1.0,joint stereo,
music/low_stream/xSteve Urkelx - 23-TwistAndShout.mp3,archive_low_download,True,1307491,108.94691666666667,48000.0,1.0,96.00939907279003,MP3,MPEG_LAYER_III,96.0,constant,MPEG 1.0,mono,
music/low_stream/24 Hour Arty People - 005.mp3,archive_low_download,True,2166700,90.27034013605441,44100.0,2.0,192.01877354040096,MP3,MPEG_LAYER_III,192.0,constant,MPEG 1.0,joint stereo,
"music/low_stream/Kevin Behrens, Norm Henke, Greg Ryan, Kathy Sussell, Tess Heder, Dan Linton, Andy Keeves - 199408-BBSCON-BBSSuccess-BusinessAspects-02_vbr.mp3",archive_low_download,True,14936718,935.6096825396826,44100.0,1.0,127.71751535922336,MP3,MPEG_LAYER_III,,variable,MPEG 1.0,mono,
music/low_stream/S. Muller - sauer020_04_julia_van_der_piller_awakening_in_empty_room_acid_on_the_pillow_remix.mp3,archive_low_download,True,11740213,293.75455782312923,44100.0,2.0,319.7284995201696,MP3,MPEG_LAYER_III,320.0,constant,MPEG 1.0,stereo,
music/low_stream/Jason Sturges - Harvest.mp3,archive_low_download,True,1546368,96.63054421768707,44100.0,2.0,128.0231225039054,MP3,MPEG_LAYER_III,128.0,constant,MPEG 1.0,joint stereo,
music/low_stream/3dtorus - FW156-10_3dtorus_BlindVision.mp3,archive_low_download,True,13867852,334.6666666666667,44100.0,2.0,331.5024382470119,MP3,MPEG_LAYER_III,320.0,constant,MPEG 1.0,joint stereo,
music/low_stream/indip - 04 Vaarbrud.mp3,archive_low_download,True,13156705,385.0,44100.0,2.0,273.3860779220779,MP3,MPEG_LAYER_III,,variable,MPEG 1.0,joint stereo,
music/low_stream/Herd Of The Ether Space - 02NackMollis.mp3,archive_low_download,True,11639790,485.71321995464854,44100.0,2.0,191.71460889760124,MP3,MPEG_LAYER_III,192.0,constant,MPEG 1.0,stereo,
music/low_stream/Idiotlust - GOD84_-_idiotlust_-_01_-__Balls_Deep.mp3,archive_low_download,True,2047582,127.96136054421768,44100.0,2.0,128.01251823467118,MP3,MPEG_LAYER_III,128.0,constant,MPEG 1.0,joint stereo,
music/low_stream/L-Rai - FW160-03_L-Rai_LittleDude.mp3,archive_low_download,True,8169787,198.01473922902494,44100.0,2.0,330.0678336091246,MP3,MPEG_LAYER_III,320.0,constant,MPEG 1.0,joint stereo,
music/low_stream/Lately Kind of Yeah - Lately Kind of Yeah - Espers - 34 Curator of Rest.mp3,archive_low_download,True,2659337,61.38671201814059,44100.0,2.0,346.56842337007794,MP3,MPEG_LAYER_III,320.0,constant,MPEG 1.0,joint stereo,
music/low_stream/dnÃ© - 02Slowmotiondancer-FirstReadingThenTheDancefloor.mp3,archive_low_download,True,5999677,191.00002267573697,44100.0,2.0,251.29534189368024,MP3,MPEG_LAYER_III,,variable,MPEG 1.0,joint stereo,
music/low_stream/Applezup (aka Christian Negre) - 001.Before.mp3,archive_low_download,True,18125947,755.1687074829932,44100.0,2.0,192.02010698154578,MP3,MPEG_LAYER_III,192.0,constant,MPEG 1.0,stereo,
music/low_stream/Fabián Ramírez - 07.EscapingInTheTeleportToNowhere.mp3,archive_low_download,True,6611740,165.43244897959184,44100.0,2.0,319.7312276174133,MP3,MPEG_LAYER_III,320.0,constant,MPEG 1.0,joint stereo,
music/low_stream/Love Torture Records - ProgramNotResponding.mp3,archive_low_download,True,3179688,199.1795918367347,44100.0,2.0,127.71139736470009,MP3,MPEG_LAYER_III,128.0,constant,MPEG 1.0,stereo,
music/low_stream/Mike Chohaney - foot094_11-forks_spoons_and_knives-valeery.mp3,archive_low_download,True,6293870,323.27943310657594,44100.0,2.0,155.7505824485925,MP3,MPEG_LAYER_III,,variable,MPEG 1.0,joint stereo,
music/low_stream/Jimmy Spits - JimmySpits-LeaPsAndBounds-01-Listen_vbr.mp3,archive_low_download,True,2346922,136.17632653061224,44100.0,2.0,137.8754771724535,MP3,MPEG_LAYER_III,,variable,MPEG 1.0,joint stereo,
music/low_stream/the Beige Channel - 10HeHaltedPuzzledSuddenlyAbleT.mp3,archive_low_download,True,5597771,349.82650793650794,44100.0,2.0,128.01250615384407,MP3,MPEG_LAYER_III,128.0,constant,MPEG 1.0,joint stereo,
music/low_stream/Phloby Vs. C. Goff III - 11SpaceKeyContract_vbr.mp3,archive_low_download,True,2855433,186.72326530612244,44100.0,2.0,122.3386060786234,MP3,MPEG_LAYER_III,,variable,MPEG 1.0,joint stereo,
music/low_stream/Nebur - nebur_supertelesketch_05.mp3,archive_low_download,True,2421763,100.89158730158731,44100.0,2.0,192.02893440546745,MP3,MPEG_LAYER_III,192.0,constant,MPEG 1.0,stereo,
music/low_stream/AAVV - Ninja McTits - Returning To Thy Creator.mp3,archive_low_download,True,133120,8.333333333333333e-05,48000.0,2.0,12779520.0,MP3,MPEG_LAYER_III,,variable,MPEG 1.0,joint stereo,
music/low_stream/Practitioners of Aural Dissonance - 10_digereemadness.mp3,archive_low_download,True,5743135,358.9108843537415,44100.0,2.0,128.01250116091956,MP3,MPEG_LAYER_III,128.0,constant,MPEG 1.0,joint stereo,
music/low_stream/VA - 08. Памяти Александра Маслаева.mp3,archive_low_download,True,2946762,73.62519274376417,44100.0,2.0,320.19061847544907,MP3,MPEG_LAYER_III,320.0,constant,MPEG 1.0,joint stereo,
music/low_stream/Mother Eel - 01youvegoNohandbagyouvegot.mp3,archive_low_download,True,12580649,314.4855102040816,44100.0,2.0,320.0312533785341,MP3,MPEG_LAYER_III,320.0,constant,MPEG 1.0,joint stereo,
music/low_stream/Mark McLaren - DWTC40.mp3,archive_low_download,True,86401358,2703.0120408163266,44100.0,2.0,255.71875136421886,MP3,MPEG_LAYER_III,256.0,constant,MPEG 1.0,stereo,
music/low_stream/Sólo un Chico - 9-Llovera.mp3,archive_low_download,True,2537132,105.8670068027211,44100.0,2.0,191.72220517977567,MP3,MPEG_LAYER_III,192.0,constant,MPEG 1.0,joint stereo,
music/low_stream/Small Things on Sundays - 2_patchmix.mp3,archive_low_download,True,58466304,1826.91768707483,44100.0,2.0,256.0216233654767,MP3,MPEG_LAYER_III,256.0,constant,MPEG 1.0,stereo,
music/low_stream/Enbilulugugal - 20 - Dado.mp3,archive_low_download,True,5067047,122.49333333333334,44100.0,2.0,330.92720148035266,MP3,MPEG_LAYER_III,320.0,constant,MPEG 1.0,joint stereo,
music/low_stream/5even.5 - 5even5_04_Orange_64kb.mp3,archive_low_download,True,1005318,125.54412698412699,22050.0,2.0,64.0614913114721,MP3,MPEG_LAYER_III,64.0,constant,MPEG 2.0,joint stereo,
music/low_stream/Unknown - 09 - Bloodclot - Breakcore Xmas Fundraiser 18 12 21.mp3,archive_low_download,True,69994156,3030.7126303854875,44100.0,2.0,184.75959824959634,MP3,MPEG_LAYER_III,,variable,MPEG 1.0,joint stereo,
music/low_stream/Half Deaf Clatch - 02-PutAwayYourPitchforks.mp3,archive_low_download,True,7001058,173.8,44100.0,1.0,322.25813578826234,MP3,MPEG_LAYER_III,320.0,constant,MPEG 1.0,mono,
music/low_stream/Kolpakopf - 05_-_Kolpakopf_-_Andante_Non_Troppo.mp3,archive_low_download,True,7166464,311.5466666666667,44100.0,2.0,184.02287083796972,MP3,MPEG_LAYER_III,,variable,MPEG 1.0,joint stereo,
music/low_stream/Untitled MC - 15. Не Один (ft. Alex Crown).mp3,archive_low_download,True,6220046,155.63167800453516,44100.0,2.0,319.7316165835465,MP3,MPEG_LAYER_III,320.0,constant,MPEG 1.0,joint stereo,
music/low_stream/LEZET - LEZET_Ransid_06_The_Ringing_Tower_vbr.mp3,archive_low_download,True,3106022,220.12517006802722,44100.0,2.0,112.88202976661393,MP3,MPEG_LAYER_III,,variable,MPEG 1.0,joint stereo,
music/low_stream/cyberdread + dj KND - cyberdread7_64kb.mp3,archive_low_download,True,3169093,396.01596371882084,22050.0,2.0,64.01950002702655,MP3,MPEG_LAYER_III,64.0,constant,MPEG 2.0,joint stereo,
music/low_stream/like plankton for the elephant - like_plankton_for_the_elephant-passage-01-contact_vbr.mp3,archive_low_download,True,6197927,285.62666666666667,44100.0,2.0,173.5951918588367,MP3,MPEG_LAYER_III,,variable,MPEG 1.0,joint stereo,
music/low_stream/chris@carolinalivemusic.net - 03_vbr.mp3,archive_low_download,True,3733054,210.25920634920635,44100.0,2.0,142.03626332727632,MP3,MPEG_LAYER_III,,variable,MPEG 1.0,joint stereo,
music/low_stream/Lunar Gate - 03_She_Arose_From_Water.mp3,archive_low_download,True,8882688,422.0933333333333,44100.0,2.0,168.35495467037305,MP3,MPEG_LAYER_III,,variable,MPEG 1.0,joint stereo,
music/low_stream/Pocka - Pocka-02-The-Waldens-Part-I_64kb.mp3,archive_low_download,True,3282360,410.17433106575965,22050.0,2.0,64.01882812064645,MP3,MPEG_LAYER_III,64.0,constant,MPEG 2.0,joint stereo,
music/low_stream/Mark Mclaren - DWTC38_64kb.mp3,archive_low_download,True,21616838,2714.8144217687077,22050.0,2.0,63.70037768081866,MP3,MPEG_LAYER_III,64.0,constant,MPEG 2.0,joint stereo,
music/low_stream/Stemwave & Polychromatic - 01_The_Chase_64kb.mp3,archive_low_download,True,1805919,225.6192290249433,22050.0,2.0,64.0342228915372,MP3,MPEG_LAYER_III,64.0,constant,MPEG 2.0,joint stereo,
music/low_stream/Slew52 - 03.Klomofz.mp3,archive_low_download,True,11637073,291.1738321995465,44100.0,2.0,319.7285391229775,MP3,MPEG_LAYER_III,320.0,constant,MPEG 1.0,stereo,
music/low_stream/Unknown - Back Door Knockers - 4-Way Coprophagia - 29 Secret Location 1.mp3,archive_low_download,True,2011688,46.6949433106576,44100.0,2.0,344.6519656942562,MP3,MPEG_LAYER_III,320.0,constant,MPEG 1.0,joint stereo,
music/low_stream/Adrian Newton - 01nocti33.mp3,archive_low_download,True,84069979,3602.0,44100.0,2.0,186.7184430871738,MP3,MPEG_LAYER_III,,variable,MPEG 1.0,joint stereo,
music/low_stream/Hell Garbage-Scrotum Elf - 17_scrotumelf-AreYouAnnoyedYetYouPieceOfShit_.mp3,archive_low_download,True,1341440,111.85963718820862,44100.0,2.0,95.93737535500637,MP3,MPEG_LAYER_III,,variable,MPEG 1.0,joint stereo,
music/low_stream/Gerbil Bliss - 04Four.mp3,archive_low_download,True,16095229,402.72360544217685,44100.0,2.0,319.7275507568619,MP3,MPEG_LAYER_III,320.0,constant,MPEG 1.0,stereo,
music/low_stream/Andy N - 17ky_64kb.mp3,archive_low_download,True,2496806,311.9800453514739,22050.0,2.0,64.02476151157991,MP3,MPEG_LAYER_III,64.0,constant,MPEG 2.0,joint stereo,
music/low_stream/MYRDAL - 01 Soon.mp3,archive_low_download,True,6934727,173.35122448979592,44100.0,2.0,320.03129001990766,MP3,MPEG_LAYER_III,320.0,constant,MPEG 1.0,stereo,
music/low_stream/Saša Raven Atanasov - SaaRavenAtanasov02BabyBlue.mp3,archive_low_download,True,4883939,122.08333333333333,44100.0,2.0,320.0396887372014,MP3,MPEG_LAYER_III,320.0,constant,MPEG 1.0,joint stereo,
music/low_stream/Violent Feast - 01-use_me_as_an_exit.mp3,archive_low_download,True,1520118,94.99009070294784,44100.0,2.0,128.02329074544835,MP3,MPEG_LAYER_III,128.0,constant,MPEG 1.0,stereo,
music/low_stream/# - 02 - Портвейн.mp3,archive_low_download,True,4518455,282.3678458049887,44100.0,1.0,128.0161340500667,MP3,MPEG_LAYER_III,128.0,constant,MPEG 1.0,mono,
music/low_stream/Urban Mythology - 02-UrbanMythology-Orche.mp3,archive_low_download,True,7599393,190.14501133786848,44100.0,2.0,319.73041823313037,MP3,MPEG_LAYER_III,320.0,constant,MPEG 1.0,joint stereo,
music/low_stream/we are debris - We Are Debris - lost ep - 28 - shubs (remix).mp3,archive_low_download,True,1822720,75.93922902494332,44100.0,2.0,192.01880486843518,MP3,MPEG_LAYER_III,192.0,constant,MPEG 1.0,stereo,
music/low_stream/Haunt - 03-DeadInside.mp3,archive_low_download,True,10301052,255.42666666666668,44100.0,2.0,322.63043273999057,MP3,MPEG_LAYER_III,320.0,constant,MPEG 1.0,joint stereo,
music/low_stream/undRess Béton - undRess_Beton_-_The_Unfiled_7_05_The_Unfiled_5.mp3,archive_low_download,True,1861843,65.94467120181406,44100.0,2.0,225.86728735695422,MP3,MPEG_LAYER_III,,variable,MPEG 1.0,joint stereo,
music/low_stream/various - fu006_03_soapskumm_particlearafrospunkball.mp3,archive_low_download,True,6369936,212.0,48000.0,2.0,240.37494339622643,MP3,MPEG_LAYER_III,,variable,MPEG 1.0,joint stereo,
music/low_stream/Jimmy Ghaphery - mSussuration_64kb.mp3,archive_low_download,True,1072401,133.91492063492063,22050.0,2.0,64.0646162453299,MP3,MPEG_LAYER_III,64.0,constant,MPEG 2.0,joint stereo,
music/low_stream/metaFame - kreislauf011_1.mp3,archive_low_download,True,10690560,267.234693877551,44100.0,2.0,320.0350925961281,MP3,MPEG_LAYER_III,320.0,constant,MPEG 1.0,joint stereo,
music/low_stream/Quilluya - 08tuckunqui.mp3,archive_low_download,True,3428736,142.85865625,32000.0,2.0,192.0071819239165,MP3,MPEG_LAYER_III,192.0,constant,MPEG 1.0,joint stereo,
music/low_stream/Digi Hartatak - morednb.mp3,archive_low_download,True,5051392,214.58802721088435,44100.0,2.0,188.31962120741406,MP3,MPEG_LAYER_III,,variable,MPEG 1.0,joint stereo,
music/low_stream/cluli - 01. cluli - get a clu.mp3,archive_low_download,True,7074655,175.65179138321994,44100.0,2.0,322.21271160577953,MP3,MPEG_LAYER_III,320.0,constant,MPEG 1.0,joint stereo,
music/low_stream/Krach Macht Frei - 01. Gebrom - Beerputklanken.mp3,archive_low_download,True,19590144,599.1496598639455,44100.0,2.0,261.57262950894125,MP3,MPEG_LAYER_III,,variable,MPEG 1.0,joint stereo,
music/low_stream/Michael Perry Goodman - 2-06GlassCastles_64kb.mp3,archive_low_download,True,2690948,336.24780045351474,22050.0,2.0,64.02297344685864,MP3,MPEG_LAYER_III,64.0,constant,MPEG 2.0,joint stereo,
music/low_stream/Vivien Lake - 12.Vivien_Lake-Forceless_Jedis.mp3,archive_low_download,True,6131579,199.61537414965986,44100.0,2.0,245.73574159284556,MP3,MPEG_LAYER_III,,variable,MPEG 1.0,joint stereo,
music/low_stream/VV.AA - pncd01_B3_Estrellas Compactas (2003)_Federico Schumacher.mp3,archive_low_download,True,31500757,788.1930612244898,44100.0,2.0,319.7263061520719,MP3,MPEG_LAYER_III,320.0,constant,MPEG 1.0,joint stereo,
"music/low_stream/Jukka Hautamaki, Dennis Tan, Sebastian Ziegler - LAama002_Untamala__live_at_neuestadt_6_2004_64kb.mp3",archive_low_download,True,18265092,2282.997188208617,22050.0,2.0,64.00390537259291,MP3,MPEG_LAYER_III,64.0,constant,MPEG 2.0,joint stereo,
music/low_stream/Resin - resin-03-and_oceans_will_silence_empires_vbr.mp3,archive_low_download,True,22111136,623.5428571428571,44100.0,2.0,283.68392961876833,MP3,MPEG_LAYER_III,,variable,MPEG 1.0,joint stereo,
music/low_stream/Sperm Of Freddie Mercury - 19. Жоподиева ебут в жопу (Chuck Schuldiner Is Gay Cover).mp3,archive_low_download,True,1883139,47.00965986394558,44100.0,2.0,320.4684323094689,MP3,MPEG_LAYER_III,320.0,constant,MPEG 1.0,joint stereo,
music/low_stream/Каловая Рвота - 14. Катюша (Матвей Блантер cover).mp3,archive_low_download,True,6141139,153.34285714285716,44100.0,2.0,320.38735233836405,MP3,MPEG_LAYER_III,,variable,MPEG 1.0,stereo,
music/low_stream/Eucci - rive058-03-eucci-r1s2-eu.eu.87RW.mp3,archive_low_download,True,1505866,47.05369614512472,44100.0,2.0,256.02511570705155,MP3,MPEG_LAYER_III,256.0,constant,MPEG 1.0,stereo,
music/low_stream/The Fake Masters - 04deadstripe_vbr.mp3,archive_low_download,True,1904549,106.40340136054422,44100.0,2.0,143.19459533414744,MP3,MPEG_LAYER_III,,variable,MPEG 1.0,joint stereo,
music/low_stream/Roberto Massoni - 02_3c05i5t3.mp3,archive_low_download,True,10921505,272.967052154195,44100.0,2.0,320.08273273451636,MP3,MPEG_LAYER_III,320.0,constant,MPEG 1.0,joint stereo,
music/low_stream/Charles Rice Goff III - 02ModeledFlesh.mp3,archive_low_download,True,4326912,260.1296145124717,22050.0,2.0,133.06941643255462,MP3,MPEG_LAYER_III,,variable,MPEG 2.0,joint stereo,
music/low_stream/Digi Hartatak - song_vbr.mp3,archive_low_download,True,6908403,317.76061224489797,44100.0,2.0,173.9272328610872,MP3,MPEG_LAYER_III,,variable,MPEG 1.0,joint stereo,
music/low_stream/Javier Barría - 03-_Chicas_Clonadas.mp3,archive_low_download,True,3362899,210.66462585034014,44100.0,2.0,127.70626246056374,MP3,MPEG_LAYER_III,128.0,constant,MPEG 1.0,joint stereo,
music/low_stream/Melcher Tschiemer - De mortuis nil nisi bonum - 6 - The Ghost of Xmas Future - October 1995.mp3,archive_low_download,True,841952,52.743038548752835,44100.0,1.0,127.70625631994938,MP3,MPEG_LAYER_III,128.0,constant,MPEG 1.0,mono,
music/low_stream/Grigoriy Nedelko - 10-mbr197.mp3,archive_low_download,True,2265150,283.94673469387754,44100.0,2.0,63.81901175773841,MP3,MPEG_LAYER_III,64.0,constant,MPEG 1.0,joint stereo,
music/low_stream/Ciberpajé & Filmy Ghost - 01 - Aforismo I.mp3,archive_low_download,True,3066500,71.65886621315192,44100.0,2.0,342.34423870214005,MP3,MPEG_LAYER_III,320.0,constant,MPEG 1.0,joint stereo,
music/low_stream/MYRDAL - 08 No existo.mp3,archive_low_download,True,10282870,257.0466439909297,44100.0,2.0,320.0312547278493,MP3,MPEG_LAYER_III,320.0,constant,MPEG 1.0,stereo,
music/low_stream/Jeff Sampson & Ed End - 06.Tian_Keng_Jeff_Sampson_and_Ed_End.mp3,archive_low_download,True,25597530,1128.3965532879818,44100.0,2.0,181.47896624045907,MP3,MPEG_LAYER_III,,variable,MPEG 1.0,joint stereo,
music/low_stream/DJ Humiliation - 05-DJ_Humiliation_-_glowstick_vbr.mp3,archive_low_download,True,563881,164.864,8000.0,2.0,27.362237965838506,MP3,MPEG_LAYER_III,,variable,MPEG 2.5,joint stereo,
music/low_stream/David J. Fonseca - 6_0331.mp3,archive_low_download,True,5011647,208.79287981859412,44100.0,2.0,192.02367453734163,MP3,MPEG_LAYER_III,192.0,constant,MPEG 1.0,stereo,
music/low_stream/netwaves - 09BeginToday.mp3,archive_low_download,True,8976384,449.19882086167803,44100.0,2.0,159.86478295345486,MP3,MPEG_LAYER_III,160.0,constant,MPEG 1.0,stereo,
music/low_stream/duckman - 02_earth_dies_screaming_inside_the_cartridge.mp3,archive_low_download,True,2129588,133.39736961451248,44100.0,2.0,127.71394255548014,MP3,MPEG_LAYER_III,128.0,constant,MPEG 1.0,joint stereo,
music/low_stream/Post Apocalyptic Zombie - 09ThenTumbledDownLiveMixVersionIIFuckedByAVSMediaDemo.mp3,archive_low_download,True,11171049,518.0604081632653,44100.0,2.0,172.5057359948568,MP3,MPEG_LAYER_III,,variable,MPEG 1.0,joint stereo,
music/low_stream/Xiphest - 01-FaceFirstIntoMoltenGlass.mp3,archive_low_download,True,4962062,112.27380952380952,44100.0,2.0,353.5686209309723,MP3,MPEG_LAYER_III,320.0,constant,MPEG 1.0,joint stereo,
music/low_stream/xCEAN - 12_screech_disastre_vbr.mp3,archive_low_download,True,4861027,259.34367346938774,44100.0,2.0,149.94858166297342,MP3,MPEG_LAYER_III,,variable,MPEG 1.0,joint stereo,
music/low_stream/Bruce Wain - concentration_requires_largest.mp3,archive_low_download,True,3024699,120.904,48000.0,2.0,200.13888705088334,MP3,MPEG_LAYER_III,,variable,MPEG 1.0,joint stereo,
music/low_stream/mescalibur - 3Piste03.mp3,archive_low_download,True,9719808,377.3066666666667,44100.0,2.0,206.08823238391406,MP3,MPEG_LAYER_III,,variable,MPEG 1.0,joint stereo,
music/low_stream/esc.rec - 16-Gluid-Sadio-Flakes.mp3,archive_low_download,True,19458278,486.8721541950113,44100.0,2.0,319.7271042484997,MP3,MPEG_LAYER_III,320.0,constant,MPEG 1.0,stereo,
music/low_stream/Yukiga Futte Uresii - 06_Pro_Democracy_Leader_vbr.mp3,archive_low_download,True,5302789,273.6239455782313,44100.0,2.0,155.03874089072045,MP3,MPEG_LAYER_III,,variable,MPEG 1.0,joint stereo,
music/low_stream/Thehiekka - rbd-064-01-thehiekka-allow.mp3,archive_low_download,True,4475429,233.2092290249433,44100.0,2.0,153.5249361686736,MP3,MPEG_LAYER_III,,variable,MPEG 1.0,joint stereo,
"music/low_stream/Shambles Constant - FCC018 Some Sat, Others Stood.mp3",archive_low_download,True,31982562,1782.0338775510204,44100.0,2.0,143.5777956991587,MP3,MPEG_LAYER_III,,variable,MPEG 1.0,joint stereo,
music/low_stream/Louis Lingg and the Bombs - c15BombinShit.mp3,archive_low_download,True,258088,6.386666666666667,44100.0,2.0,323.28350730688936,MP3,MPEG_LAYER_III,320.0,constant,MPEG 1.0,joint stereo,
music/low_stream/Mental Health Consumer; Brian Ruskin - 10_lastSunlightShed2010.mp3,archive_low_download,True,5398828,135.08358276643992,44100.0,2.0,319.7325915960992,MP3,MPEG_LAYER_III,320.0,constant,MPEG 1.0,joint stereo,
music/low_stream/Humanfobia - 04 - 𝐌𝐚𝐠𝐢𝐚 𝐍𝐨𝐜𝐭á𝐦𝐛𝐮𝐥𝐚.mp3,archive_low_download,True,2645983,146.2833560090703,44100.0,2.0,144.70452809879126,MP3,MPEG_LAYER_III,,variable,MPEG 1.0,joint stereo,
music/low_stream/Overthruster - 05_-_overthruster_-_kay_parker_kay_parker.mp3,archive_low_download,True,6727535,280.1784353741497,44100.0,2.0,192.09287084542575,MP3,MPEG_LAYER_III,192.0,constant,MPEG 1.0,stereo,
music/low_stream/Lucas Darklord - 2019_07_22_17_49_21-36.35bpmStereoRough.mp3,archive_low_download,True,3951681,167.27659863945578,44100.0,2.0,188.98906515990868,MP3,MPEG_LAYER_III,,variable,MPEG 1.0,joint stereo,
music/low_stream/Fabio Keiner - Capriccio 3.mp3,archive_low_download,True,7446389,173.94126984126984,44100.0,2.0,342.47830922679617,MP3,MPEG_LAYER_III,320.0,constant,MPEG 1.0,stereo,
music/low_stream/Pierce Boaz - 02Two.mp3,archive_low_download,True,3099133,129.13054166666666,48000.0,2.0,192.0,MP3,MPEG_LAYER_III,192.0,constant,MPEG 1.0,stereo,
"music/low_stream/Копро-Гурман Должен Быть Довольным & Хрюсопохожие Мутанты, Родившиеся В Коробке Из-Под Стиральной Машины & Гомосексуальн - 23.mp3",archive_low_download,True,1729454,107.9990022675737,44100.0,2.0,128.10888720732282,MP3,MPEG_LAYER_III,128.0,constant,MPEG 1.0,joint stereo,
music/low_stream/Loudspeaker Alliance - Desperation.mp3,archive_low_download,True,7460310,184.81333333333333,44100.0,2.0,322.9338431570594,MP3,MPEG_LAYER_III,320.0,constant,MPEG 1.0,stereo,
music/low_stream/MC iPod - 04 Who Killed Mighty Ducks 4.mp3,archive_low_download,True,1821406,88.65208616780045,44100.0,2.0,164.36441182466453,MP3,MPEG_LAYER_III,,variable,MPEG 1.0,joint stereo,
